userId,movieId,rating
tmdb_1,1371,5.0
tmdb_1,1405,2.0
tmdb_1,2105,8.0
tmdb_1,2193,4.0
tmdb_1,2294,4.0
tmdb_1,2455,5.0
tmdb_2,17,10.0
tmdb_2,62,6.0
tmdb_2,110,8.0
tmdb_2,144,6.0
tmdb_2,150,10.0
tmdb_2,153,8.0
tmdb_2,161,6.0
tmdb_2,165,6.0
tmdb_2,168,6.0
tmdb_2,185,6.0
tmdb_2,186,6.0
tmdb_2,222,10.0
tmdb_2,223,2.0
tmdb_2,225,6.0
tmdb_2,235,6.0
tmdb_2,248,6.0
tmdb_2,253,8.0
tmdb_2,261,8.0
tmdb_2,265,10.0
tmdb_2,266,10.0
tmdb_2,272,6.0
tmdb_2,273,8.0
tmdb_2,292,6.0
tmdb_2,296,8.0
tmdb_2,300,6.0
tmdb_2,314,8.0
tmdb_2,317,4.0
tmdb_2,319,2.0
tmdb_2,339,6.0
tmdb_2,349,8.0
tmdb_2,350,8.0
tmdb_2,364,6.0
tmdb_2,377,6.0
tmdb_2,405,4.0
tmdb_2,410,6.0
tmdb_2,454,8.0
tmdb_2,457,6.0
tmdb_2,468,8.0
tmdb_2,480,8.0
tmdb_2,497,6.0
tmdb_2,500,8.0
tmdb_2,508,8.0
tmdb_2,509,8.0
tmdb_2,527,8.0
tmdb_2,537,8.0
tmdb_2,539,6.0
tmdb_2,550,6.0
tmdb_2,551,10.0
tmdb_2,552,6.0
tmdb_2,585,10.0
tmdb_2,586,6.0
tmdb_2,587,6.0
tmdb_2,588,6.0
tmdb_2,590,10.0
tmdb_2,592,10.0
tmdb_2,593,6.0
tmdb_2,616,6.0
tmdb_2,661,8.0
tmdb_3,110,8.0
tmdb_3,247,7.0
tmdb_3,267,6.0
tmdb_3,296,9.0
tmdb_3,318,10.0
tmdb_3,377,5.0
tmdb_3,527,6.0
tmdb_3,588,6.0
tmdb_3,592,6.0
tmdb_3,593,6.0
tmdb_3,595,4.0
tmdb_3,778,8.0
tmdb_3,866,6.0
tmdb_3,1271,6.0
tmdb_3,1378,8.0
tmdb_3,1580,7.0
tmdb_3,1721,9.0
tmdb_3,1884,8.0
tmdb_3,2028,8.0
tmdb_3,2694,6.0
tmdb_3,2762,7.0
tmdb_3,2841,8.0
tmdb_3,2959,10.0
tmdb_3,44191,7.0
tmdb_3,58559,6.0
tmdb_4,112,10.0
tmdb_4,141,10.0
tmdb_4,153,8.0
tmdb_4,173,6.0
tmdb_4,185,6.0
tmdb_4,260,10.0
tmdb_4,289,8.0
tmdb_4,296,10.0
tmdb_4,329,6.0
tmdb_4,349,10.0
tmdb_4,364,10.0
tmdb_4,380,6.0
tmdb_4,410,6.0
tmdb_4,431,6.0
tmdb_4,434,8.0
tmdb_4,435,2.0
tmdb_4,440,8.0
tmdb_4,442,8.0
tmdb_4,464,8.0
tmdb_4,480,10.0
tmdb_4,541,10.0
tmdb_4,588,10.0
tmdb_4,590,6.0
tmdb_4,594,10.0
tmdb_4,596,10.0
tmdb_4,616,10.0
tmdb_4,858,10.0
tmdb_4,903,10.0
tmdb_4,910,8.0
tmdb_4,913,10.0
tmdb_4,919,10.0
tmdb_4,1073,10.0
tmdb_4,1089,10.0
tmdb_4,1125,10.0
tmdb_4,1127,10.0
tmdb_4,1213,10.0
tmdb_4,1257,10.0
tmdb_4,1259,8.0
tmdb_4,1265,10.0
tmdb_4,1278,10.0
tmdb_4,1282,10.0
tmdb_4,1285,8.0
tmdb_4,1371,8.0
tmdb_4,1372,6.0
tmdb_4,1374,8.0
tmdb_4,1376,6.0
tmdb_4,1377,6.0
tmdb_4,1380,10.0
tmdb_4,1387,10.0
tmdb_4,1396,10.0
tmdb_4,1544,6.0
tmdb_4,1580,10.0
tmdb_4,1858,10.0
tmdb_4,1917,8.0
tmdb_4,1918,4.0
tmdb_4,1954,10.0
tmdb_4,1961,10.0
tmdb_4,1967,6.0
tmdb_4,1968,10.0
tmdb_4,1994,10.0
tmdb_4,2000,10.0
tmdb_4,2002,6.0
tmdb_4,2003,4.0
tmdb_4,2005,10.0
tmdb_4,2014,8.0
tmdb_4,2018,10.0
tmdb_4,2020,8.0
tmdb_4,2021,8.0
tmdb_4,2034,8.0
tmdb_4,2046,10.0
tmdb_4,2054,6.0
tmdb_4,2064,10.0
tmdb_4,2078,10.0
tmdb_4,2080,10.0
tmdb_4,2085,10.0
tmdb_4,2086,10.0
tmdb_4,2087,10.0
tmdb_4,2091,10.0
tmdb_4,2094,8.0
tmdb_4,2100,10.0
tmdb_4,2102,10.0
tmdb_4,2105,8.0
tmdb_4,2109,10.0
tmdb_4,2110,6.0
tmdb_4,2114,10.0
tmdb_4,2115,10.0
tmdb_4,2124,8.0
tmdb_4,2140,10.0
tmdb_4,2141,8.0
tmdb_4,2143,8.0
tmdb_4,2144,10.0
tmdb_4,2161,10.0
tmdb_4,2193,6.0
tmdb_4,2263,6.0
tmdb_4,2268,10.0
tmdb_4,2289,10.0
tmdb_4,2348,8.0
tmdb_4,2371,8.0
tmdb_4,2454,10.0
tmdb_4,2616,2.0
tmdb_4,2640,10.0
tmdb_4,2699,8.0
tmdb_4,2734,8.0
tmdb_4,2770,2.0
tmdb_4,2788,10.0
tmdb_4,2791,10.0
tmdb_4,3016,6.0
tmdb_4,3034,10.0
tmdb_4,3040,10.0
tmdb_4,3060,10.0
tmdb_4,3101,8.0
tmdb_4,3104,8.0
tmdb_5,3,8.0
tmdb_5,104,8.0
tmdb_5,141,8.0
tmdb_5,150,8.0
tmdb_5,231,7.0
tmdb_5,277,9.0
tmdb_5,344,7.0
tmdb_5,364,8.0
tmdb_5,377,8.0
tmdb_5,440,8.0
tmdb_5,500,9.0
tmdb_5,586,8.0
tmdb_5,588,7.0
tmdb_5,595,8.0
tmdb_5,597,10.0
tmdb_5,788,7.0
tmdb_5,858,5.0
tmdb_5,903,7.0
tmdb_5,919,8.0
tmdb_5,1247,8.0
tmdb_5,1380,10.0
tmdb_5,1393,7.0
tmdb_5,1485,9.0
tmdb_5,1544,7.0
tmdb_5,1682,8.0
tmdb_5,1721,8.0
tmdb_5,1923,9.0
tmdb_5,1961,8.0
tmdb_5,1968,8.0
tmdb_5,1997,7.0
tmdb_5,2023,3.0
tmdb_5,2294,8.0
tmdb_5,2355,7.0
tmdb_5,2502,7.0
tmdb_5,2694,9.0
tmdb_5,2762,7.0
tmdb_5,2770,7.0
tmdb_5,3114,7.0
tmdb_5,3176,7.0
tmdb_5,4025,9.0
tmdb_5,4995,9.0
tmdb_5,5816,6.0
tmdb_5,5995,8.0
tmdb_5,6373,8.0
tmdb_5,8464,8.0
tmdb_5,30707,9.0
tmdb_5,30793,7.0
tmdb_5,33166,10.0
tmdb_5,41566,8.0
tmdb_5,48385,9.0
tmdb_6,111,8.0
tmdb_6,158,4.0
tmdb_6,173,4.0
tmdb_6,293,10.0
tmdb_6,596,8.0
tmdb_6,903,8.0
tmdb_6,1250,9.0
tmdb_6,1259,9.0
tmdb_6,1285,9.0
tmdb_6,1358,4.0
tmdb_6,1639,4.0
tmdb_6,1687,4.0
tmdb_6,1909,6.0
tmdb_6,2001,6.0
tmdb_6,2019,8.0
tmdb_6,2502,7.0
tmdb_6,2528,6.0
tmdb_6,2657,4.0
tmdb_6,2761,9.0
tmdb_6,3052,2.0
tmdb_6,3114,8.0
tmdb_6,4641,3.0
tmdb_6,4975,3.0
tmdb_6,7090,6.0
tmdb_6,8874,9.0
tmdb_7,21,6.0
tmdb_7,104,6.0
tmdb_7,110,10.0
tmdb_7,112,8.0
tmdb_7,141,8.0
tmdb_7,198,4.0
tmdb_7,207,6.0
tmdb_7,260,10.0
tmdb_7,272,6.0
tmdb_7,316,4.0
tmdb_7,318,10.0
tmdb_7,329,6.0
tmdb_7,345,6.0
tmdb_7,364,6.0
tmdb_7,377,6.0
tmdb_7,380,8.0
tmdb_7,480,8.0
tmdb_7,500,6.0
tmdb_7,534,8.0
tmdb_7,539,6.0
tmdb_7,541,8.0
tmdb_7,551,8.0
tmdb_7,588,8.0
tmdb_7,590,8.0
tmdb_7,592,6.0
tmdb_7,594,8.0
tmdb_7,595,6.0
tmdb_7,671,8.0
tmdb_7,708,6.0
tmdb_7,745,10.0
tmdb_7,780,6.0
tmdb_7,786,4.0
tmdb_7,924,8.0
tmdb_7,1073,6.0
tmdb_7,1125,6.0
tmdb_7,1278,6.0
tmdb_7,1371,6.0
tmdb_7,1372,6.0
tmdb_7,1373,4.0
tmdb_7,1374,8.0
tmdb_7,1375,6.0
tmdb_7,1376,6.0
tmdb_7,1394,6.0
tmdb_7,1405,10.0
tmdb_7,1408,2.0
tmdb_8,110,8.0
tmdb_8,260,7.0
tmdb_8,296,8.0
tmdb_8,318,10.0
tmdb_8,457,9.0
tmdb_8,524,4.0
tmdb_8,527,10.0
tmdb_8,543,10.0
tmdb_8,593,9.0
tmdb_8,628,8.0
tmdb_8,805,7.0
tmdb_8,858,10.0
tmdb_8,1259,8.0
tmdb_8,1265,6.0
tmdb_8,1358,1.0
tmdb_8,1387,8.0
tmdb_8,1393,6.0
tmdb_8,1552,6.0
tmdb_8,1961,10.0
tmdb_8,2028,8.0
tmdb_8,2100,6.0
tmdb_8,2302,9.0
tmdb_8,2324,8.0
tmdb_8,2502,10.0
tmdb_8,2762,9.0
tmdb_8,2770,5.0
tmdb_8,2791,9.0
tmdb_8,2841,6.0
tmdb_8,2959,8.0
tmdb_8,4011,9.0
tmdb_8,4034,9.0
tmdb_8,4226,10.0
tmdb_8,4886,7.0
tmdb_8,4896,7.0
tmdb_8,4973,8.0
tmdb_8,4993,7.0
tmdb_8,4995,7.0
tmdb_8,5064,10.0
tmdb_8,8873,8.0
tmdb_8,8874,6.0
tmdb_8,33166,9.0
tmdb_8,44004,6.0
tmdb_9,17,8.0
tmdb_9,26,6.0
tmdb_9,318,8.0
tmdb_9,497,8.0
tmdb_9,527,10.0
tmdb_9,534,10.0
tmdb_9,593,8.0
tmdb_9,608,10.0
tmdb_9,1059,10.0
tmdb_9,1358,8.0
tmdb_9,1411,6.0
tmdb_9,1541,4.0
tmdb_9,1584,8.0
tmdb_9,1680,8.0
tmdb_9,1682,10.0
tmdb_9,1721,6.0
tmdb_9,2028,8.0
tmdb_9,2125,8.0
tmdb_9,2140,8.0
tmdb_9,2268,6.0
tmdb_9,2291,8.0
tmdb_9,2294,4.0
tmdb_9,2302,8.0
tmdb_9,2501,8.0
tmdb_9,2539,4.0
tmdb_9,2762,8.0
tmdb_10,152,8.0
tmdb_10,318,8.0
tmdb_10,344,6.0
tmdb_10,345,8.0
tmdb_10,592,6.0
tmdb_10,1089,6.0
tmdb_10,1127,8.0
tmdb_10,1358,10.0
tmdb_10,1499,6.0
tmdb_10,1611,10.0
tmdb_10,1690,6.0
tmdb_10,1719,10.0
tmdb_10,1887,4.0
tmdb_10,1923,10.0
tmdb_10,2108,6.0
tmdb_10,2539,8.0
tmdb_10,2841,8.0
tmdb_10,2907,4.0
tmdb_10,2926,10.0
tmdb_10,3019,8.0
tmdb_11,70,2.0
tmdb_11,169,6.0
tmdb_11,296,10.0
tmdb_11,778,9.0
tmdb_11,923,10.0
tmdb_11,1408,10.0
tmdb_11,1918,6.0
tmdb_11,2042,7.0
tmdb_11,2762,6.0
tmdb_12,253,6.0
tmdb_12,608,4.0
tmdb_12,673,2.0
tmdb_12,1374,2.0
tmdb_12,1387,8.0
tmdb_12,1639,4.0
tmdb_12,1732,6.0
tmdb_12,2259,4.0
tmdb_12,2355,4.0
tmdb_12,2460,8.0
tmdb_12,2668,4.0
tmdb_12,2959,8.0
tmdb_12,3146,4.0
tmdb_12,3176,6.0
tmdb_12,3179,4.0
tmdb_12,3780,4.0
tmdb_12,3865,10.0
tmdb_13,110,8.0
tmdb_13,277,8.0
tmdb_13,296,7.0
tmdb_13,318,9.0
tmdb_13,480,6.0
tmdb_13,524,7.0
tmdb_13,527,8.0
tmdb_13,531,8.0
tmdb_13,587,6.0
tmdb_13,590,8.0
tmdb_13,914,8.0
tmdb_13,919,7.0
tmdb_13,1259,8.0
tmdb_13,1265,5.0
tmdb_13,1918,6.0
tmdb_13,1961,8.0
tmdb_13,2355,8.0
tmdb_13,2761,8.0
tmdb_13,2762,6.0
tmdb_13,3114,6.0
tmdb_13,3396,7.0
tmdb_13,4886,7.0
tmdb_13,4993,9.0
tmdb_13,58559,9.0
tmdb_14,594,2.0
tmdb_14,1721,6.0
tmdb_14,2038,6.0
tmdb_14,2355,4.0
tmdb_14,3114,8.0
tmdb_14,3175,10.0
tmdb_15,2,4.0
tmdb_15,5,9.0
tmdb_15,6,8.0
tmdb_15,11,5.0
tmdb_15,14,5.0
tmdb_15,16,7.0
tmdb_15,17,6.0
tmdb_15,19,2.0
tmdb_15,21,9.0
tmdb_15,22,5.0
tmdb_15,25,6.0
tmdb_15,62,4.0
tmdb_15,70,1.0
tmdb_15,82,10.0
tmdb_15,95,3.0
tmdb_15,101,8.0
tmdb_15,104,2.0
tmdb_15,107,4.0
tmdb_15,110,6.0
tmdb_15,111,10.0
tmdb_15,112,5.0
tmdb_15,123,8.0
tmdb_15,145,7.0
tmdb_15,149,10.0
tmdb_15,150,6.0
tmdb_15,153,2.0
tmdb_15,160,1.0
tmdb_15,161,6.0
tmdb_15,162,8.0
tmdb_15,163,4.0
tmdb_15,164,8.0
tmdb_15,165,6.0
tmdb_15,170,5.0
tmdb_15,172,2.0
tmdb_15,175,8.0
tmdb_15,176,8.0
tmdb_15,180,6.0
tmdb_15,185,4.0
tmdb_15,193,2.0
tmdb_15,196,4.0
tmdb_15,198,3.0
tmdb_15,214,4.0
tmdb_15,215,9.0
tmdb_15,216,2.0
tmdb_15,223,8.0
tmdb_15,225,2.0
tmdb_15,231,7.0
tmdb_15,232,8.0
tmdb_15,233,8.0
tmdb_15,235,8.0
tmdb_15,237,7.0
tmdb_15,246,10.0
tmdb_15,247,4.0
tmdb_15,252,4.0
tmdb_15,253,4.0
tmdb_15,260,10.0
tmdb_15,265,2.0
tmdb_15,288,4.0
tmdb_15,292,2.0
tmdb_15,293,10.0
tmdb_15,296,10.0
tmdb_15,300,8.0
tmdb_15,306,10.0
tmdb_15,307,8.0
tmdb_15,308,8.0
tmdb_15,316,6.0
tmdb_15,317,2.0
tmdb_15,318,4.0
tmdb_15,322,5.0
tmdb_15,329,3.0
tmdb_15,335,4.0
tmdb_15,339,5.0
tmdb_15,342,6.0
tmdb_15,344,4.0
tmdb_15,349,6.0
tmdb_15,364,8.0
tmdb_15,377,8.0
tmdb_15,380,8.0
tmdb_15,429,2.0
tmdb_15,431,8.0
tmdb_15,434,6.0
tmdb_15,435,2.0
tmdb_15,440,5.0
tmdb_15,441,8.0
tmdb_15,442,2.0
tmdb_15,454,6.0
tmdb_15,457,10.0
tmdb_15,466,5.0
tmdb_15,480,6.0
tmdb_15,481,6.0
tmdb_15,483,2.0
tmdb_15,494,8.0
tmdb_15,500,6.0
tmdb_15,508,3.0
tmdb_15,509,4.0
tmdb_15,524,5.0
tmdb_15,527,8.0
tmdb_15,535,6.0
tmdb_15,539,4.0
tmdb_15,540,3.0
tmdb_15,541,10.0
tmdb_15,543,6.0
tmdb_15,549,10.0
tmdb_15,551,4.0
tmdb_15,562,6.0
tmdb_15,574,6.0
tmdb_15,586,4.0
tmdb_15,587,2.0
tmdb_15,588,1.0
tmdb_15,590,6.0
tmdb_15,592,8.0
tmdb_15,593,10.0
tmdb_15,594,5.0
tmdb_15,597,5.0
tmdb_15,608,10.0
tmdb_15,628,5.0
tmdb_15,647,3.0
tmdb_15,648,8.0
tmdb_15,663,4.0
tmdb_15,665,6.0
tmdb_15,674,6.0
tmdb_15,680,4.0
tmdb_15,708,6.0
tmdb_15,745,6.0
tmdb_15,750,8.0
tmdb_15,762,4.0
tmdb_15,778,8.0
tmdb_15,780,5.0
tmdb_15,784,5.0
tmdb_15,786,1.0
tmdb_15,788,3.0
tmdb_15,799,6.0
tmdb_15,800,10.0
tmdb_15,802,2.0
tmdb_15,803,9.0
tmdb_15,804,7.0
tmdb_15,832,2.0
tmdb_15,836,4.0
tmdb_15,851,8.0
tmdb_15,858,10.0
tmdb_15,866,8.0
tmdb_15,899,10.0
tmdb_15,903,10.0
tmdb_15,909,8.0
tmdb_15,910,5.0
tmdb_15,911,8.0
tmdb_15,912,10.0
tmdb_15,913,8.0
tmdb_15,914,3.0
tmdb_15,916,2.0
tmdb_15,919,6.0
tmdb_15,920,7.0
tmdb_15,922,2.0
tmdb_15,923,10.0
tmdb_15,924,10.0
tmdb_15,926,6.0
tmdb_15,931,2.0
tmdb_15,953,6.0
tmdb_15,994,8.0
tmdb_15,1059,3.0
tmdb_15,1073,6.0
tmdb_15,1088,4.0
tmdb_15,1089,8.0
tmdb_15,1092,5.0
tmdb_15,1093,4.0
tmdb_15,1127,8.0
tmdb_15,1213,6.0
tmdb_15,1244,10.0
tmdb_15,1246,2.0
tmdb_15,1247,10.0
tmdb_15,1248,6.0
tmdb_15,1249,6.0
tmdb_15,1250,8.0
tmdb_15,1251,6.0
tmdb_15,1252,10.0
tmdb_15,1254,7.0
tmdb_15,1259,6.0
tmdb_15,1262,3.0
tmdb_15,1265,8.0
tmdb_15,1266,8.0
tmdb_15,1267,10.0
tmdb_15,1272,7.0
tmdb_15,1280,6.0
tmdb_15,1281,2.0
tmdb_15,1283,6.0
tmdb_15,1284,6.0
tmdb_15,1358,2.0
tmdb_15,1361,7.0
tmdb_15,1370,6.0
tmdb_15,1377,6.0
tmdb_15,1380,5.0
tmdb_15,1387,8.0
tmdb_15,1391,1.0
tmdb_15,1393,7.0
tmdb_15,1394,8.0
tmdb_15,1396,8.0
tmdb_15,1405,6.0
tmdb_15,1407,10.0
tmdb_15,1479,3.0
tmdb_15,1483,6.0
tmdb_15,1484,6.0
tmdb_15,1485,6.0
tmdb_15,1544,2.0
tmdb_15,1546,8.0
tmdb_15,1552,3.0
tmdb_15,1556,5.0
tmdb_15,1562,3.0
tmdb_15,1573,8.0
tmdb_15,1580,8.0
tmdb_15,1584,8.0
tmdb_15,1597,4.0
tmdb_15,1608,2.0
tmdb_15,1610,6.0
tmdb_15,1616,6.0
tmdb_15,1635,8.0
tmdb_15,1639,8.0
tmdb_15,1644,3.0
tmdb_15,1645,6.0
tmdb_15,1649,4.0
tmdb_15,1653,6.0
tmdb_15,1673,6.0
tmdb_15,1676,8.0
tmdb_15,1680,6.0
tmdb_15,1682,4.0
tmdb_15,1689,9.0
tmdb_15,1690,2.0
tmdb_15,1694,6.0
tmdb_15,1717,8.0
tmdb_15,1719,8.0
tmdb_15,1721,3.0
tmdb_15,1722,7.0
tmdb_15,1729,2.0
tmdb_15,1732,7.0
tmdb_15,1779,2.0
tmdb_15,1792,6.0
tmdb_15,1807,3.0
tmdb_15,1810,5.0
tmdb_15,1816,5.0
tmdb_15,1831,4.0
tmdb_15,1834,7.0
tmdb_15,1836,4.0
tmdb_15,1845,8.0
tmdb_15,1859,10.0
tmdb_15,1882,3.0
tmdb_15,1883,8.0
tmdb_15,1895,5.0
tmdb_15,1904,7.0
tmdb_15,1909,4.0
tmdb_15,1912,10.0
tmdb_15,1914,7.0
tmdb_15,1917,4.0
tmdb_15,1921,8.0
tmdb_15,1923,9.0
tmdb_15,1945,8.0
tmdb_15,1950,6.0
tmdb_15,1954,6.0
tmdb_15,1955,9.0
tmdb_15,1956,8.0
tmdb_15,1961,7.0
tmdb_15,1964,6.0
tmdb_15,1968,8.0
tmdb_15,1994,5.0
tmdb_15,1997,10.0
tmdb_15,2000,6.0
tmdb_15,2003,6.0
tmdb_15,2005,8.0
tmdb_15,2006,8.0
tmdb_15,2010,6.0
tmdb_15,2011,6.0
tmdb_15,2012,2.0
tmdb_15,2018,4.0
tmdb_15,2019,9.0
tmdb_15,2020,5.0
tmdb_15,2028,6.0
tmdb_15,2054,4.0
tmdb_15,2058,5.0
tmdb_15,2064,9.0
tmdb_15,2100,4.0
tmdb_15,2105,8.0
tmdb_15,2108,9.0
tmdb_15,2115,8.0
tmdb_15,2124,4.0
tmdb_15,2133,7.0
tmdb_15,2134,7.0
tmdb_15,2140,6.0
tmdb_15,2160,6.0
tmdb_15,2161,6.0
tmdb_15,2186,6.0
tmdb_15,2232,8.0
tmdb_15,2268,2.0
tmdb_15,2269,5.0
tmdb_15,2282,1.0
tmdb_15,2288,6.0
tmdb_15,2289,8.0
tmdb_15,2291,6.0
tmdb_15,2294,4.0
tmdb_15,2302,7.0
tmdb_15,2313,7.0
tmdb_15,2321,7.0
tmdb_15,2324,4.0
tmdb_15,2334,6.0
tmdb_15,2355,4.0
tmdb_15,2357,6.0
tmdb_15,2360,4.0
tmdb_15,2371,7.0
tmdb_15,2395,10.0
tmdb_15,2428,2.0
tmdb_15,2447,5.0
tmdb_15,2455,7.0
tmdb_15,2501,6.0
tmdb_15,2502,10.0
tmdb_15,2528,4.0
tmdb_15,2539,5.0
tmdb_15,2574,2.0
tmdb_15,2575,6.0
tmdb_15,2594,8.0
tmdb_15,2605,2.0
tmdb_15,2617,2.0
tmdb_15,2640,8.0
tmdb_15,2657,4.0
tmdb_15,2671,8.0
tmdb_15,2699,6.0
tmdb_15,2722,4.0
tmdb_15,2759,2.0
tmdb_15,2761,4.0
tmdb_15,2762,2.0
tmdb_15,2769,4.0
tmdb_15,2770,8.0
tmdb_15,2791,8.0
tmdb_15,2841,4.0
tmdb_15,2912,8.0
tmdb_15,2925,8.0
tmdb_15,2959,10.0
tmdb_15,2973,8.0
tmdb_15,2976,4.0
tmdb_15,2990,7.0
tmdb_15,2993,8.0
tmdb_15,3007,5.0
tmdb_15,3010,8.0
tmdb_15,3019,6.0
tmdb_15,3033,8.0
tmdb_15,3052,6.0
tmdb_15,3060,8.0
tmdb_15,3077,6.0
tmdb_15,3082,6.0
tmdb_15,3083,10.0
tmdb_15,3089,6.0
tmdb_15,3101,8.0
tmdb_15,3104,8.0
tmdb_15,3107,6.0
tmdb_15,3114,2.0
tmdb_15,3134,2.0
tmdb_15,3146,3.0
tmdb_15,3160,6.0
tmdb_15,3173,5.0
tmdb_15,3175,8.0
tmdb_15,3176,4.0
tmdb_15,3418,2.0
tmdb_15,3476,9.0
tmdb_15,3484,1.0
tmdb_15,3489,4.0
tmdb_15,3512,6.0
tmdb_15,3536,8.0
tmdb_15,3543,4.0
tmdb_15,3577,7.0
tmdb_15,3598,6.0
tmdb_15,3635,7.0
tmdb_15,3638,7.0
tmdb_15,3683,8.0
tmdb_15,3763,4.0
tmdb_15,3786,4.0
tmdb_15,3981,2.0
tmdb_15,3989,6.0
tmdb_15,4011,2.0
tmdb_15,4025,2.0
tmdb_15,4034,8.0
tmdb_15,4148,2.0
tmdb_15,4226,10.0
tmdb_15,4232,6.0
tmdb_15,4235,8.0
tmdb_15,4247,2.0
tmdb_15,4271,8.0
tmdb_15,4351,6.0
tmdb_15,4369,6.0
tmdb_15,4380,4.0
tmdb_15,4546,6.0
tmdb_15,4638,2.0
tmdb_15,4639,2.0
tmdb_15,4641,6.0
tmdb_15,4643,6.0
tmdb_15,4658,4.0
tmdb_15,4701,6.0
tmdb_15,4723,7.0
tmdb_15,4727,6.0
tmdb_15,4728,8.0
tmdb_15,4734,2.0
tmdb_15,4816,6.0
tmdb_15,4823,5.0
tmdb_15,4886,10.0
tmdb_15,4896,2.0
tmdb_15,4958,2.0
tmdb_15,4973,4.0
tmdb_15,4974,4.0
tmdb_15,4975,2.0
tmdb_15,4993,10.0
tmdb_15,4995,2.0
tmdb_15,5000,7.0
tmdb_15,5060,3.0
tmdb_15,5066,6.0
tmdb_15,5071,10.0
tmdb_15,5279,1.0
tmdb_15,5319,7.0
tmdb_15,5458,2.0
tmdb_15,5481,4.0
tmdb_15,5528,2.0
tmdb_15,5620,1.0
tmdb_15,5816,2.0
tmdb_15,5902,8.0
tmdb_15,5956,5.0
tmdb_15,5968,6.0
tmdb_15,5991,2.0
tmdb_15,5995,8.0
tmdb_15,6003,3.0
tmdb_15,6016,4.0
tmdb_15,6037,6.0
tmdb_15,6283,2.0
tmdb_15,6373,4.0
tmdb_15,6440,7.0
tmdb_15,6537,5.0
tmdb_15,6547,2.0
tmdb_15,6552,3.0
tmdb_15,6593,2.0
tmdb_15,6620,3.0
tmdb_15,6641,8.0
tmdb_15,6934,3.0
tmdb_15,6936,2.0
tmdb_15,6947,2.0
tmdb_15,6957,8.0
tmdb_15,6961,5.0
tmdb_15,6978,5.0
tmdb_15,7008,7.0
tmdb_15,7010,7.0
tmdb_15,7090,6.0
tmdb_15,7346,6.0
tmdb_15,7348,4.0
tmdb_15,7445,3.0
tmdb_15,7451,7.0
tmdb_15,7484,8.0
tmdb_15,8011,4.0
tmdb_15,8366,5.0
tmdb_15,8464,6.0
tmdb_15,8645,4.0
tmdb_15,8665,7.0
tmdb_15,8874,5.0
tmdb_15,8914,9.0
tmdb_15,8961,4.0
tmdb_15,8970,4.0
tmdb_15,8974,5.0
tmdb_15,8984,4.0
tmdb_15,26587,10.0
tmdb_15,26810,4.0
tmdb_15,27904,5.0
tmdb_15,30707,3.0
tmdb_15,31685,1.0
tmdb_15,31696,7.0
tmdb_15,33166,7.0
tmdb_15,34334,3.0
tmdb_15,40815,3.0
tmdb_15,42718,9.0
tmdb_15,44004,2.0
tmdb_15,44191,5.0
tmdb_15,45186,5.0
tmdb_15,45722,4.0
tmdb_15,46972,7.0
tmdb_15,46976,7.0
tmdb_15,48385,8.0
tmdb_15,51540,10.0
tmdb_15,54272,2.0
tmdb_15,58559,9.0
tmdb_15,63859,6.0
tmdb_15,65642,9.0
tmdb_15,67087,3.0
tmdb_15,69526,6.0
tmdb_15,70862,5.0
tmdb_15,71282,5.0
tmdb_15,74458,1.0
tmdb_15,83613,1.0
tmdb_15,84954,2.0
tmdb_15,86332,2.0
tmdb_15,89492,10.0
tmdb_15,122924,5.0
tmdb_15,140174,8.0
tmdb_16,318,8.0
tmdb_16,337,8.0
tmdb_16,527,8.0
tmdb_16,750,8.0
tmdb_16,1653,10.0
tmdb_16,1961,7.0
tmdb_16,2012,8.0
tmdb_16,2539,8.0
tmdb_16,4772,10.0
tmdb_16,4823,8.0
tmdb_16,4995,9.0
tmdb_16,6016,8.0
tmdb_16,7346,8.0
tmdb_17,6,9.0
tmdb_17,25,9.0
tmdb_17,111,10.0
tmdb_17,170,8.0
tmdb_17,172,7.0
tmdb_17,185,6.0
tmdb_17,194,8.0
tmdb_17,198,10.0
tmdb_17,223,5.0
tmdb_17,235,10.0
tmdb_17,247,4.0
tmdb_17,260,7.0
tmdb_17,288,4.0
tmdb_17,293,8.0
tmdb_17,296,10.0
tmdb_17,307,7.0
tmdb_17,318,10.0
tmdb_17,348,7.0
tmdb_17,377,1.0
tmdb_17,431,9.0
tmdb_17,480,1.0
tmdb_17,482,1.0
tmdb_17,492,10.0
tmdb_17,527,8.0
tmdb_17,541,10.0
tmdb_17,590,6.0
tmdb_17,593,9.0
tmdb_17,608,7.0
tmdb_17,680,9.0
tmdb_17,714,9.0
tmdb_17,778,9.0
tmdb_17,858,10.0
tmdb_17,866,9.0
tmdb_17,903,10.0
tmdb_17,910,7.0
tmdb_17,912,9.0
tmdb_17,913,10.0
tmdb_17,922,10.0
tmdb_17,923,9.0
tmdb_17,924,9.0
tmdb_17,928,9.0
tmdb_17,931,9.0
tmdb_17,942,7.0
tmdb_17,965,7.0
tmdb_17,1089,10.0
tmdb_17,1092,8.0
tmdb_17,1213,10.0
tmdb_17,1244,8.0
tmdb_17,1245,8.0
tmdb_17,1246,10.0
tmdb_17,1248,10.0
tmdb_17,1249,5.0
tmdb_17,1251,7.0
tmdb_17,1252,10.0
tmdb_17,1255,4.0
tmdb_17,1265,9.0
tmdb_17,1267,10.0
tmdb_17,1396,6.0
tmdb_17,1411,10.0
tmdb_17,1580,5.0
tmdb_17,1597,5.0
tmdb_17,1627,8.0
tmdb_17,1645,7.0
tmdb_17,1653,10.0
tmdb_17,1673,9.0
tmdb_17,1721,1.0
tmdb_17,1729,5.0
tmdb_17,1732,8.0
tmdb_17,1809,6.0
tmdb_17,1834,9.0
tmdb_17,1884,10.0
tmdb_17,1921,10.0
tmdb_17,1923,6.0
tmdb_17,1997,8.0
tmdb_17,2010,10.0
tmdb_17,2011,8.0
tmdb_17,2012,8.0
tmdb_17,2021,7.0
tmdb_17,2023,8.0
tmdb_17,2028,7.0
tmdb_17,2067,9.0
tmdb_17,2110,7.0
tmdb_17,2117,9.0
tmdb_17,2118,8.0
tmdb_17,2160,9.0
tmdb_17,2204,9.0
tmdb_17,2232,9.0
tmdb_17,2324,9.0
tmdb_17,2455,8.0
tmdb_17,2502,2.0
tmdb_17,2539,5.0
tmdb_17,2594,10.0
tmdb_17,2657,6.0
tmdb_17,2762,9.0
tmdb_17,2791,4.0
tmdb_17,2959,10.0
tmdb_17,2973,10.0
tmdb_17,3134,10.0
tmdb_17,3160,5.0
tmdb_17,3476,9.0
tmdb_17,3598,8.0
tmdb_17,4034,8.0
tmdb_17,4226,10.0
tmdb_17,4437,10.0
tmdb_17,4546,9.0
tmdb_17,4552,8.0
tmdb_17,4645,9.0
tmdb_17,4886,7.0
tmdb_17,4896,1.0
tmdb_17,4973,9.0
tmdb_17,4975,8.0
tmdb_17,4993,9.0
tmdb_17,4995,6.0
tmdb_17,5060,1.0
tmdb_17,5062,10.0
tmdb_17,5072,5.0
tmdb_17,5137,9.0
tmdb_17,6016,10.0
tmdb_17,6538,8.0
tmdb_17,6643,9.0
tmdb_17,7090,8.0
tmdb_17,7445,2.0
tmdb_17,8195,6.0
tmdb_17,8665,7.0
tmdb_17,8690,6.0
tmdb_17,8874,7.0
tmdb_17,8914,9.0
tmdb_17,8973,7.0
tmdb_17,8983,5.0
tmdb_17,27317,10.0
tmdb_17,27721,8.0
tmdb_17,31952,9.0
tmdb_18,5,6.0
tmdb_18,6,8.0
tmdb_18,14,4.0
tmdb_18,17,8.0
tmdb_18,18,6.0
tmdb_18,25,10.0
tmdb_18,62,8.0
tmdb_18,74,4.0
tmdb_18,76,6.0
tmdb_18,79,4.0
tmdb_18,81,6.0
tmdb_18,85,8.0
tmdb_18,86,8.0
tmdb_18,95,6.0
tmdb_18,100,8.0
tmdb_18,140,6.0
tmdb_18,141,8.0
tmdb_18,260,6.0
tmdb_18,494,6.0
tmdb_18,608,8.0
tmdb_18,628,8.0
tmdb_18,640,6.0
tmdb_18,648,6.0
tmdb_18,653,8.0
tmdb_18,707,6.0
tmdb_18,708,8.0
tmdb_18,762,2.0
tmdb_18,765,4.0
tmdb_18,780,6.0
tmdb_18,786,8.0
tmdb_18,788,6.0
tmdb_18,802,8.0
tmdb_18,805,8.0
tmdb_18,818,6.0
tmdb_18,832,6.0
tmdb_18,849,8.0
tmdb_18,880,2.0
tmdb_19,2,6.0
tmdb_19,3,6.0
tmdb_19,6,6.0
tmdb_19,11,6.0
tmdb_19,14,10.0
tmdb_19,16,10.0
tmdb_19,21,6.0
tmdb_19,22,6.0
tmdb_19,25,6.0
tmdb_19,35,6.0
tmdb_19,58,6.0
tmdb_19,63,6.0
tmdb_19,64,4.0
tmdb_19,70,8.0
tmdb_19,74,6.0
tmdb_19,89,6.0
tmdb_19,95,6.0
tmdb_19,97,8.0
tmdb_19,101,6.0
tmdb_19,105,6.0
tmdb_19,110,6.0
tmdb_19,111,10.0
tmdb_19,112,6.0
tmdb_19,122,6.0
tmdb_19,141,6.0
tmdb_19,145,8.0
tmdb_19,150,6.0
tmdb_19,153,6.0
tmdb_19,154,8.0
tmdb_19,159,8.0
tmdb_19,160,8.0
tmdb_19,162,10.0
tmdb_19,165,6.0
tmdb_19,166,4.0
tmdb_19,172,2.0
tmdb_19,176,8.0
tmdb_19,177,4.0
tmdb_19,179,4.0
tmdb_19,180,6.0
tmdb_19,194,8.0
tmdb_19,196,6.0
tmdb_19,198,6.0
tmdb_19,206,6.0
tmdb_19,215,6.0
tmdb_19,223,8.0
tmdb_19,229,8.0
tmdb_19,231,6.0
tmdb_19,235,6.0
tmdb_19,246,8.0
tmdb_19,247,8.0
tmdb_19,249,6.0
tmdb_19,253,6.0
tmdb_19,260,8.0
tmdb_19,261,8.0
tmdb_19,262,10.0
tmdb_19,266,2.0
tmdb_19,269,6.0
tmdb_19,276,2.0
tmdb_19,281,6.0
tmdb_19,288,10.0
tmdb_19,292,8.0
tmdb_19,293,8.0
tmdb_19,296,10.0
tmdb_19,300,6.0
tmdb_19,306,10.0
tmdb_19,307,10.0
tmdb_19,308,10.0
tmdb_19,316,6.0
tmdb_19,318,8.0
tmdb_19,326,10.0
tmdb_19,329,6.0
tmdb_19,332,6.0
tmdb_19,334,8.0
tmdb_19,337,6.0
tmdb_19,339,8.0
tmdb_19,340,6.0
tmdb_19,344,6.0
tmdb_19,345,6.0
tmdb_19,346,6.0
tmdb_19,348,8.0
tmdb_19,349,6.0
tmdb_19,350,6.0
tmdb_19,364,6.0
tmdb_19,377,6.0
tmdb_19,379,6.0
tmdb_19,380,6.0
tmdb_19,383,6.0
tmdb_19,407,6.0
tmdb_19,423,6.0
tmdb_19,429,8.0
tmdb_19,431,8.0
tmdb_19,434,6.0
tmdb_19,440,6.0
tmdb_19,441,6.0
tmdb_19,445,6.0
tmdb_19,451,6.0
tmdb_19,454,6.0
tmdb_19,457,8.0
tmdb_19,464,8.0
tmdb_19,468,8.0
tmdb_19,475,6.0
tmdb_19,479,4.0
tmdb_19,480,8.0
tmdb_19,481,2.0
tmdb_19,482,4.0
tmdb_19,493,8.0
tmdb_19,494,6.0
tmdb_19,500,6.0
tmdb_19,501,10.0
tmdb_19,504,6.0
tmdb_19,507,6.0
tmdb_19,508,6.0
tmdb_19,509,8.0
tmdb_19,513,2.0
tmdb_19,522,6.0
tmdb_19,527,8.0
tmdb_19,531,10.0
tmdb_19,534,10.0
tmdb_19,535,8.0
tmdb_19,537,6.0
tmdb_19,541,8.0
tmdb_19,547,8.0
tmdb_19,550,6.0
tmdb_19,551,8.0
tmdb_19,562,6.0
tmdb_19,580,2.0
tmdb_19,586,6.0
tmdb_19,588,6.0
tmdb_19,590,6.0
tmdb_19,592,8.0
tmdb_19,593,6.0
tmdb_19,594,8.0
tmdb_19,595,10.0
tmdb_19,596,10.0
tmdb_19,597,6.0
tmdb_19,599,8.0
tmdb_19,608,10.0
tmdb_19,612,6.0
tmdb_19,628,6.0
tmdb_19,648,6.0
tmdb_19,653,6.0
tmdb_19,661,8.0
tmdb_19,662,6.0
tmdb_19,663,8.0
tmdb_19,674,8.0
tmdb_19,703,6.0
tmdb_19,750,10.0
tmdb_19,780,6.0
tmdb_19,784,6.0
tmdb_19,786,6.0
tmdb_19,788,6.0
tmdb_19,799,6.0
tmdb_19,800,6.0
tmdb_19,802,6.0
tmdb_19,805,6.0
tmdb_19,858,10.0
tmdb_19,880,4.0
tmdb_19,891,6.0
tmdb_19,898,10.0
tmdb_19,902,6.0
tmdb_19,903,8.0
tmdb_19,911,10.0
tmdb_19,912,6.0
tmdb_19,913,10.0
tmdb_19,914,6.0
tmdb_19,916,10.0
tmdb_19,917,8.0
tmdb_19,920,8.0
tmdb_19,923,10.0
tmdb_19,924,8.0
tmdb_19,928,10.0
tmdb_19,929,8.0
tmdb_19,931,6.0
tmdb_19,940,8.0
tmdb_19,950,8.0
tmdb_19,951,10.0
tmdb_19,953,10.0
tmdb_19,954,8.0
tmdb_19,955,8.0
tmdb_19,965,8.0
tmdb_19,966,8.0
tmdb_19,968,10.0
tmdb_19,982,8.0
tmdb_19,1023,8.0
tmdb_19,1073,8.0
tmdb_19,1088,6.0
tmdb_19,1089,8.0
tmdb_19,1090,8.0
tmdb_19,1091,6.0
tmdb_19,1092,2.0
tmdb_19,1093,6.0
tmdb_19,1103,8.0
tmdb_19,1124,6.0
tmdb_19,1126,6.0
tmdb_19,1127,6.0
tmdb_19,1213,10.0
tmdb_19,1244,8.0
tmdb_19,1246,6.0
tmdb_19,1247,6.0
tmdb_19,1248,8.0
tmdb_19,1249,8.0
tmdb_19,1250,8.0
tmdb_19,1252,8.0
tmdb_19,1253,8.0
tmdb_19,1254,10.0
tmdb_19,1257,10.0
tmdb_19,1259,6.0
tmdb_19,1262,8.0
tmdb_19,1265,8.0
tmdb_19,1266,8.0
tmdb_19,1267,8.0
tmdb_19,1268,6.0
tmdb_19,1269,8.0
tmdb_19,1271,6.0
tmdb_19,1272,6.0
tmdb_19,1278,8.0
tmdb_19,1282,8.0
tmdb_19,1283,8.0
tmdb_19,1284,8.0
tmdb_19,1285,6.0
tmdb_19,1370,8.0
tmdb_19,1371,8.0
tmdb_19,1372,4.0
tmdb_19,1373,6.0
tmdb_19,1374,6.0
tmdb_19,1375,8.0
tmdb_19,1376,6.0
tmdb_19,1377,6.0
tmdb_19,1378,4.0
tmdb_19,1380,6.0
tmdb_19,1381,6.0
tmdb_19,1382,2.0
tmdb_19,1387,10.0
tmdb_19,1389,2.0
tmdb_19,1391,4.0
tmdb_19,1393,6.0
tmdb_19,1394,10.0
tmdb_19,1396,6.0
tmdb_19,1405,6.0
tmdb_19,1408,6.0
tmdb_19,1441,6.0
tmdb_19,2019,6.0
tmdb_19,4970,8.0
tmdb_20,107,7.0
tmdb_20,110,4.0
tmdb_20,150,6.0
tmdb_20,153,8.0
tmdb_20,207,5.0
tmdb_20,231,2.0
tmdb_20,260,3.0
tmdb_20,296,1.0
tmdb_20,316,7.0
tmdb_20,318,9.0
tmdb_20,344,2.0
tmdb_20,364,7.0
tmdb_20,380,8.0
tmdb_20,457,9.0
tmdb_20,480,6.0
tmdb_20,497,10.0
tmdb_20,500,6.0
tmdb_20,527,5.0
tmdb_20,588,7.0
tmdb_20,590,4.0
tmdb_20,592,8.0
tmdb_20,593,1.0
tmdb_20,595,8.0
tmdb_20,597,8.0
tmdb_20,608,4.0
tmdb_20,671,8.0
tmdb_20,745,10.0
tmdb_20,750,8.0
tmdb_20,780,10.0
tmdb_20,858,4.0
tmdb_20,905,7.0
tmdb_20,912,4.0
tmdb_20,1103,8.0
tmdb_20,1247,2.0
tmdb_20,1269,8.0
tmdb_20,1378,6.0
tmdb_20,1441,5.0
tmdb_20,1580,10.0
tmdb_20,1680,10.0
tmdb_20,1907,8.0
tmdb_20,2013,6.0
tmdb_20,2690,10.0
tmdb_20,2762,7.0
tmdb_20,2959,1.0
tmdb_20,4993,8.0
tmdb_20,5747,8.0
tmdb_20,8970,5.0
tmdb_20,31116,10.0
tmdb_21,21,6.0
tmdb_21,95,6.0
tmdb_21,112,8.0
tmdb_21,196,6.0
tmdb_21,260,6.0
tmdb_21,266,6.0
tmdb_21,273,6.0
tmdb_21,288,6.0
tmdb_21,296,6.0
tmdb_21,316,6.0
tmdb_21,329,6.0
tmdb_21,344,6.0
tmdb_21,377,8.0
tmdb_21,379,6.0
tmdb_21,380,6.0
tmdb_21,393,6.0
tmdb_21,442,6.0
tmdb_21,457,6.0
tmdb_21,466,6.0
tmdb_21,480,6.0
tmdb_21,509,8.0
tmdb_21,527,10.0
tmdb_21,541,6.0
tmdb_21,543,6.0
tmdb_21,551,6.0
tmdb_21,553,6.0
tmdb_21,586,6.0
tmdb_21,590,8.0
tmdb_21,592,6.0
tmdb_21,593,8.0
tmdb_21,594,6.0
tmdb_21,595,6.0
tmdb_21,597,6.0
tmdb_21,648,6.0
tmdb_21,750,10.0
tmdb_21,780,6.0
tmdb_21,849,6.0
tmdb_21,858,8.0
tmdb_21,899,6.0
tmdb_21,910,6.0
tmdb_21,912,10.0
tmdb_21,913,8.0
tmdb_21,914,10.0
tmdb_21,918,8.0
tmdb_21,919,8.0
tmdb_21,920,8.0
tmdb_21,921,8.0
tmdb_21,923,10.0
tmdb_21,924,8.0
tmdb_21,948,6.0
tmdb_21,953,10.0
tmdb_21,954,8.0
tmdb_21,1088,4.0
tmdb_21,1089,6.0
tmdb_21,1090,8.0
tmdb_21,1091,6.0
tmdb_21,1103,6.0
tmdb_21,1124,8.0
tmdb_21,1125,8.0
tmdb_21,1127,6.0
tmdb_21,1246,8.0
tmdb_21,1250,8.0
tmdb_21,1252,6.0
tmdb_21,1253,6.0
tmdb_21,1254,10.0
tmdb_21,1259,8.0
tmdb_21,1265,6.0
tmdb_21,1266,6.0
tmdb_21,1281,8.0
tmdb_21,1282,6.0
tmdb_21,1283,8.0
tmdb_21,1370,6.0
tmdb_21,1371,6.0
tmdb_21,1372,6.0
tmdb_21,1373,6.0
tmdb_21,1374,8.0
tmdb_21,1375,6.0
tmdb_21,1376,6.0
tmdb_21,1380,6.0
tmdb_21,1387,6.0
tmdb_21,1394,8.0
tmdb_21,1427,6.0
tmdb_21,5060,6.0
tmdb_22,70,6.0
tmdb_22,153,6.0
tmdb_22,158,2.0
tmdb_22,163,9.0
tmdb_22,173,3.0
tmdb_22,231,5.0
tmdb_22,235,4.0
tmdb_22,253,9.0
tmdb_22,260,8.0
tmdb_22,267,4.0
tmdb_22,296,10.0
tmdb_22,315,6.0
tmdb_22,442,5.0
tmdb_22,457,9.0
tmdb_22,480,9.0
tmdb_22,541,9.0
tmdb_22,551,10.0
tmdb_22,552,6.0
tmdb_22,586,2.0
tmdb_22,588,4.0
tmdb_22,592,9.0
tmdb_22,593,9.0
tmdb_22,648,10.0
tmdb_22,784,3.0
tmdb_22,858,8.0
tmdb_22,1089,8.0
tmdb_22,1255,8.0
tmdb_22,1371,4.0
tmdb_22,1372,8.0
tmdb_22,1374,7.0
tmdb_22,1375,8.0
tmdb_22,1376,8.0
tmdb_22,1377,8.0
tmdb_22,1387,8.0
tmdb_22,1391,7.0
tmdb_22,1544,6.0
tmdb_22,1580,8.0
tmdb_22,1608,5.0
tmdb_22,1641,4.0
tmdb_22,1645,5.0
tmdb_22,1682,5.0
tmdb_22,1721,6.0
tmdb_22,1722,7.0
tmdb_22,1884,9.0
tmdb_22,1909,6.0
tmdb_22,1917,5.0
tmdb_22,1923,5.0
tmdb_22,1997,6.0
tmdb_22,2006,5.0
tmdb_22,2011,7.0
tmdb_22,2023,7.0
tmdb_22,2115,7.0
tmdb_22,2232,7.0
tmdb_22,2288,8.0
tmdb_22,2291,9.0
tmdb_22,2459,8.0
tmdb_22,2502,3.0
tmdb_22,2605,4.0
tmdb_22,2616,5.0
tmdb_22,2617,5.0
tmdb_22,2657,4.0
tmdb_22,2762,8.0
tmdb_22,2959,8.0
tmdb_22,2990,6.0
tmdb_22,3033,8.0
tmdb_22,3052,5.0
tmdb_22,3082,7.0
tmdb_22,3176,5.0
tmdb_22,4011,9.0
tmdb_22,4105,8.0
tmdb_22,4226,10.0
tmdb_22,4643,5.0
tmdb_22,4701,8.0
tmdb_22,4886,8.0
tmdb_22,4896,7.0
tmdb_22,4975,9.0
tmdb_22,4993,10.0
tmdb_22,5816,7.0
tmdb_22,6373,4.0
tmdb_22,6934,4.0
tmdb_22,7454,6.0
tmdb_22,8961,7.0
tmdb_22,30793,8.0
tmdb_22,31696,8.0
tmdb_23,6,7.0
tmdb_23,11,7.0
tmdb_23,16,8.0
tmdb_23,19,4.0
tmdb_23,20,3.0
tmdb_23,24,7.0
tmdb_23,58,7.0
tmdb_23,62,8.0
tmdb_23,89,8.0
tmdb_23,104,7.0
tmdb_23,110,7.0
tmdb_23,111,10.0
tmdb_23,150,7.0
tmdb_23,153,6.0
tmdb_23,154,8.0
tmdb_23,172,5.0
tmdb_23,185,7.0
tmdb_23,224,8.0
tmdb_23,235,8.0
tmdb_23,236,9.0
tmdb_23,246,9.0
tmdb_23,247,8.0
tmdb_23,252,8.0
tmdb_23,253,7.0
tmdb_23,260,9.0
tmdb_23,262,8.0
tmdb_23,265,7.0
tmdb_23,292,5.0
tmdb_23,293,8.0
tmdb_23,296,9.0
tmdb_23,300,8.0
tmdb_23,306,7.0
tmdb_23,307,5.0
tmdb_23,316,7.0
tmdb_23,318,10.0
tmdb_23,319,9.0
tmdb_23,337,9.0
tmdb_23,344,4.0
tmdb_23,345,8.0
tmdb_23,380,8.0
tmdb_23,425,7.0
tmdb_23,431,7.0
tmdb_23,442,7.0
tmdb_23,457,7.0
tmdb_23,480,7.0
tmdb_23,492,9.0
tmdb_23,497,9.0
tmdb_23,508,9.0
tmdb_23,509,9.0
tmdb_23,527,7.0
tmdb_23,532,7.0
tmdb_23,535,9.0
tmdb_23,539,5.0
tmdb_23,541,6.0
tmdb_23,586,7.0
tmdb_23,588,8.0
tmdb_23,590,5.0
tmdb_23,592,7.0
tmdb_23,593,9.0
tmdb_23,595,9.0
tmdb_23,597,6.0
tmdb_23,605,8.0
tmdb_23,608,9.0
tmdb_23,648,9.0
tmdb_23,653,5.0
tmdb_23,668,9.0
tmdb_23,670,9.0
tmdb_23,745,9.0
tmdb_23,750,9.0
tmdb_23,778,9.0
tmdb_23,780,7.0
tmdb_23,788,4.0
tmdb_23,802,7.0
tmdb_23,805,7.0
tmdb_23,841,8.0
tmdb_23,858,10.0
tmdb_23,898,9.0
tmdb_23,899,9.0
tmdb_23,900,5.0
tmdb_23,903,7.0
tmdb_23,905,8.0
tmdb_23,909,7.0
tmdb_23,910,9.0
tmdb_23,911,8.0
tmdb_23,912,10.0
tmdb_23,913,8.0
tmdb_23,914,6.0
tmdb_23,920,7.0
tmdb_23,922,9.0
tmdb_23,923,10.0
tmdb_23,924,7.0
tmdb_23,926,8.0
tmdb_23,928,9.0
tmdb_23,931,9.0
tmdb_23,942,8.0
tmdb_23,948,7.0
tmdb_23,949,7.0
tmdb_23,953,9.0
tmdb_23,954,10.0
tmdb_23,955,7.0
tmdb_23,965,7.0
tmdb_23,1059,9.0
tmdb_23,1089,7.0
tmdb_23,1090,8.0
tmdb_23,1103,9.0
tmdb_23,1213,10.0
tmdb_23,1244,7.0
tmdb_23,1246,8.0
tmdb_23,1247,8.0
tmdb_23,1248,9.0
tmdb_23,1250,8.0
tmdb_23,1251,10.0
tmdb_23,1252,9.0
tmdb_23,1254,7.0
tmdb_23,1262,8.0
tmdb_23,1265,8.0
tmdb_23,1266,7.0
tmdb_23,1267,10.0
tmdb_23,1269,8.0
tmdb_23,1272,4.0
tmdb_23,1277,7.0
tmdb_23,1280,10.0
tmdb_23,1281,6.0
tmdb_23,1284,8.0
tmdb_23,1377,5.0
tmdb_23,1380,5.0
tmdb_23,1387,7.0
tmdb_23,1391,7.0
tmdb_23,1393,8.0
tmdb_23,1394,8.0
tmdb_23,1408,7.0
tmdb_23,1411,7.0
tmdb_23,1499,3.0
tmdb_23,1544,4.0
tmdb_23,1552,6.0
tmdb_23,1556,1.0
tmdb_23,1562,2.0
tmdb_23,1580,7.0
tmdb_23,1584,8.0
tmdb_23,1608,5.0
tmdb_23,1673,8.0
tmdb_23,1682,10.0
tmdb_23,1721,10.0
tmdb_23,1722,6.0
tmdb_23,1732,8.0
tmdb_23,1792,7.0
tmdb_23,1835,7.0
tmdb_23,1873,6.0
tmdb_23,1900,7.0
tmdb_23,1907,7.0
tmdb_23,1917,4.0
tmdb_23,1927,6.0
tmdb_23,1931,8.0
tmdb_23,1941,7.0
tmdb_23,1944,8.0
tmdb_23,1945,9.0
tmdb_23,1946,8.0
tmdb_23,1947,8.0
tmdb_23,1949,7.0
tmdb_23,1950,9.0
tmdb_23,1951,6.0
tmdb_23,1954,6.0
tmdb_23,1955,8.0
tmdb_23,1956,2.0
tmdb_23,1957,7.0
tmdb_23,1958,7.0
tmdb_23,1959,5.0
tmdb_23,1961,8.0
tmdb_23,1997,7.0
tmdb_23,2002,7.0
tmdb_23,2010,7.0
tmdb_23,2011,8.0
tmdb_23,2012,9.0
tmdb_23,2019,8.0
tmdb_23,2022,8.0
tmdb_23,2023,6.0
tmdb_23,2028,8.0
tmdb_23,2067,5.0
tmdb_23,2115,8.0
tmdb_23,2143,3.0
tmdb_23,2176,10.0
tmdb_23,2186,10.0
tmdb_23,2289,8.0
tmdb_23,2291,8.0
tmdb_23,2313,7.0
tmdb_23,2321,10.0
tmdb_23,2324,7.0
tmdb_23,2334,5.0
tmdb_23,2357,8.0
tmdb_23,2360,7.0
tmdb_23,2501,8.0
tmdb_23,2502,8.0
tmdb_23,2539,4.0
tmdb_23,2575,6.0
tmdb_23,2617,7.0
tmdb_23,2640,9.0
tmdb_23,2657,6.0
tmdb_23,2699,3.0
tmdb_23,2721,7.0
tmdb_23,2728,8.0
tmdb_23,2731,10.0
tmdb_23,2762,8.0
tmdb_23,2805,5.0
tmdb_23,2959,7.0
tmdb_23,2976,9.0
tmdb_23,3019,7.0
tmdb_23,3052,7.0
tmdb_23,3053,4.0
tmdb_23,3082,5.0
tmdb_23,3083,10.0
tmdb_23,3088,5.0
tmdb_23,3089,9.0
tmdb_23,3114,7.0
tmdb_23,3160,9.0
tmdb_23,3176,10.0
tmdb_23,3489,7.0
tmdb_23,3681,7.0
tmdb_23,3989,8.0
tmdb_23,4011,9.0
tmdb_23,4034,7.0
tmdb_23,4148,2.0
tmdb_23,4226,9.0
tmdb_23,4235,8.0
tmdb_23,4267,8.0
tmdb_23,4564,3.0
tmdb_23,4641,8.0
tmdb_23,4816,6.0
tmdb_23,4823,8.0
tmdb_23,4857,7.0
tmdb_23,4886,7.0
tmdb_23,4896,7.0
tmdb_23,4967,10.0
tmdb_23,4973,10.0
tmdb_23,4975,4.0
tmdb_23,4978,9.0
tmdb_23,4993,8.0
tmdb_23,4995,9.0
tmdb_23,5060,6.0
tmdb_23,5147,8.0
tmdb_23,5177,9.0
tmdb_23,5470,6.0
tmdb_23,5816,5.0
tmdb_23,5902,10.0
tmdb_23,5956,7.0
tmdb_23,5971,9.0
tmdb_23,5991,5.0
tmdb_23,5995,9.0
tmdb_23,6016,10.0
tmdb_23,6404,7.0
tmdb_23,6415,3.0
tmdb_23,6440,7.0
tmdb_23,6537,6.0
tmdb_23,6552,7.0
tmdb_23,6591,8.0
tmdb_23,6620,7.0
tmdb_23,6641,5.0
tmdb_23,6643,9.0
tmdb_23,6934,6.0
tmdb_23,6947,5.0
tmdb_23,7008,3.0
tmdb_23,7088,8.0
tmdb_23,7090,9.0
tmdb_23,7234,8.0
tmdb_23,7347,6.0
tmdb_23,7942,6.0
tmdb_23,8195,6.0
tmdb_23,8338,7.0
tmdb_23,8464,7.0
tmdb_23,8656,5.0
tmdb_23,8873,9.0
tmdb_23,8966,7.0
tmdb_23,8970,9.0
tmdb_23,8973,8.0
tmdb_23,8984,6.0
tmdb_23,25753,7.0
tmdb_23,25769,9.0
tmdb_23,27317,6.0
tmdb_23,27721,6.0
tmdb_23,30707,7.0
tmdb_23,30793,7.0
tmdb_23,31658,7.0
tmdb_23,33166,10.0
tmdb_23,34326,8.0
tmdb_23,39231,8.0
tmdb_23,40815,6.0
tmdb_23,41571,5.0
tmdb_23,42418,7.0
tmdb_23,42734,6.0
tmdb_23,44191,9.0
tmdb_23,45186,7.0
tmdb_23,45722,5.0
tmdb_23,48385,7.0
tmdb_24,6,10.0
tmdb_24,81,8.0
tmdb_24,95,6.0
tmdb_24,150,6.0
tmdb_24,165,8.0
tmdb_24,296,10.0
tmdb_24,316,6.0
tmdb_24,380,8.0
tmdb_24,457,8.0
tmdb_24,588,6.0
tmdb_24,590,8.0
tmdb_24,592,6.0
tmdb_24,648,8.0
tmdb_24,780,8.0
tmdb_24,786,8.0
tmdb_25,3,6.0
tmdb_25,78,6.0
tmdb_25,104,8.0
tmdb_25,260,8.0
tmdb_25,494,6.0
tmdb_25,608,6.0
tmdb_25,653,4.0
tmdb_25,663,4.0
tmdb_25,707,6.0
tmdb_25,778,8.0
tmdb_25,780,8.0
tmdb_25,784,6.0
tmdb_25,786,6.0
tmdb_25,788,4.0
tmdb_25,802,10.0
tmdb_25,832,6.0
tmdb_25,842,4.0
tmdb_25,1073,10.0
tmdb_25,1358,10.0
tmdb_25,1391,4.0
tmdb_25,1405,6.0
tmdb_25,1483,6.0
tmdb_26,63,1.0
tmdb_26,69,9.0
tmdb_26,153,7.0
tmdb_26,165,5.0
tmdb_26,260,6.0
tmdb_26,296,7.0
tmdb_26,316,1.0
tmdb_26,318,8.0
tmdb_26,344,1.0
tmdb_26,377,6.0
tmdb_26,380,6.0
tmdb_26,457,7.0
tmdb_26,480,5.0
tmdb_26,500,2.0
tmdb_26,593,7.0
tmdb_26,608,7.0
tmdb_26,648,5.0
tmdb_26,778,9.0
tmdb_26,780,7.0
tmdb_26,858,8.0
tmdb_26,1089,7.0
tmdb_26,1405,3.0
tmdb_26,1580,7.0
tmdb_26,1653,7.0
tmdb_26,1687,7.0
tmdb_26,1732,8.0
tmdb_26,1831,6.0
tmdb_26,1884,8.0
tmdb_26,2028,6.0
tmdb_26,2355,8.0
tmdb_26,2959,8.0
tmdb_26,3114,9.0
tmdb_26,4011,10.0
tmdb_26,4226,8.0
tmdb_26,4973,7.0
tmdb_26,4995,6.0
tmdb_26,6016,10.0
tmdb_26,7445,9.0
tmdb_26,8665,8.0
tmdb_26,8874,3.0
tmdb_26,8961,8.0
tmdb_26,27376,1.0
tmdb_26,44191,10.0
tmdb_26,46976,8.0
tmdb_26,49530,8.0
tmdb_26,58559,10.0
tmdb_26,59387,6.0
tmdb_27,73,10.0
tmdb_27,111,8.0
tmdb_27,296,8.0
tmdb_27,527,10.0
tmdb_27,593,8.0
tmdb_27,1213,8.0
tmdb_27,1584,8.0
tmdb_27,1610,8.0
tmdb_27,1639,8.0
tmdb_27,1721,6.0
tmdb_27,1892,8.0
tmdb_27,2501,8.0
tmdb_27,2502,8.0
tmdb_27,2762,10.0
tmdb_28,21,10.0
tmdb_28,58,10.0
tmdb_28,110,8.0
tmdb_28,345,10.0
tmdb_28,898,10.0
tmdb_28,899,10.0
tmdb_28,902,10.0
tmdb_28,903,6.0
tmdb_28,909,8.0
tmdb_28,913,8.0
tmdb_28,920,10.0
tmdb_28,924,8.0
tmdb_28,926,10.0
tmdb_28,953,4.0
tmdb_28,1059,10.0
tmdb_28,1250,10.0
tmdb_28,1252,10.0
tmdb_28,1267,10.0
tmdb_28,1366,10.0
tmdb_28,1610,8.0
tmdb_28,1831,2.0
tmdb_28,1883,8.0
tmdb_28,1945,10.0
tmdb_28,1956,8.0
tmdb_28,2019,4.0
tmdb_28,2028,6.0
tmdb_28,2109,10.0
tmdb_28,2202,10.0
tmdb_28,2291,8.0
tmdb_28,2300,8.0
tmdb_28,2324,10.0
tmdb_28,2470,8.0
tmdb_28,2662,8.0
tmdb_29,778,10.0
tmdb_29,1717,6.0
tmdb_29,2459,7.0
tmdb_29,5065,4.0
tmdb_29,6934,5.0
tmdb_29,58559,10.0
tmdb_30,2,4.0
tmdb_30,6,8.0
tmdb_30,11,8.0
tmdb_30,14,8.0
tmdb_30,16,10.0
tmdb_30,18,4.0
tmdb_30,21,10.0
tmdb_30,25,8.0
tmdb_30,70,8.0
tmdb_30,78,4.0
tmdb_30,100,8.0
tmdb_30,110,10.0
tmdb_30,111,8.0
tmdb_30,118,6.0
tmdb_30,141,8.0
tmdb_30,150,10.0
tmdb_30,158,6.0
tmdb_30,161,10.0
tmdb_30,162,2.0
tmdb_30,165,8.0
tmdb_30,170,8.0
tmdb_30,196,4.0
tmdb_30,203,6.0
tmdb_30,224,8.0
tmdb_30,227,4.0
tmdb_30,228,4.0
tmdb_30,235,8.0
tmdb_30,253,8.0
tmdb_30,254,6.0
tmdb_30,260,8.0
tmdb_30,261,8.0
tmdb_30,272,8.0
tmdb_30,281,8.0
tmdb_30,288,2.0
tmdb_30,296,10.0
tmdb_30,300,10.0
tmdb_30,317,8.0
tmdb_30,318,10.0
tmdb_30,337,10.0
tmdb_30,344,4.0
tmdb_30,348,10.0
tmdb_30,349,10.0
tmdb_30,350,8.0
tmdb_30,364,6.0
tmdb_30,377,8.0
tmdb_30,380,8.0
tmdb_30,410,8.0
tmdb_30,424,8.0
tmdb_30,425,8.0
tmdb_30,426,4.0
tmdb_30,434,8.0
tmdb_30,440,8.0
tmdb_30,445,8.0
tmdb_30,451,8.0
tmdb_30,454,10.0
tmdb_30,457,10.0
tmdb_30,459,8.0
tmdb_30,480,8.0
tmdb_30,492,8.0
tmdb_30,500,8.0
tmdb_30,507,8.0
tmdb_30,508,10.0
tmdb_30,509,10.0
tmdb_30,523,4.0
tmdb_30,527,10.0
tmdb_30,531,6.0
tmdb_30,532,4.0
tmdb_30,534,8.0
tmdb_30,535,8.0
tmdb_30,539,6.0
tmdb_30,540,8.0
tmdb_30,541,8.0
tmdb_30,553,8.0
tmdb_30,581,6.0
tmdb_30,586,8.0
tmdb_30,587,4.0
tmdb_30,588,10.0
tmdb_30,590,10.0
tmdb_30,592,8.0
tmdb_30,593,8.0
tmdb_30,594,6.0
tmdb_30,595,10.0
tmdb_30,596,8.0
tmdb_30,597,8.0
tmdb_30,608,10.0
tmdb_30,628,10.0
tmdb_30,640,6.0
tmdb_30,647,10.0
tmdb_30,661,4.0
tmdb_30,707,6.0
tmdb_30,750,6.0
tmdb_30,762,6.0
tmdb_30,765,6.0
tmdb_30,767,8.0
tmdb_30,780,8.0
tmdb_30,782,6.0
tmdb_30,800,8.0
tmdb_30,805,10.0
tmdb_30,806,2.0
tmdb_30,832,8.0
tmdb_30,858,10.0
tmdb_30,869,4.0
tmdb_30,898,10.0
tmdb_30,899,8.0
tmdb_30,903,8.0
tmdb_30,912,10.0
tmdb_30,913,10.0
tmdb_30,914,8.0
tmdb_30,919,8.0
tmdb_30,920,10.0
tmdb_30,921,10.0
tmdb_30,922,10.0
tmdb_30,923,10.0
tmdb_30,924,8.0
tmdb_30,928,10.0
tmdb_30,947,8.0
tmdb_30,950,8.0
tmdb_30,953,8.0
tmdb_30,954,8.0
tmdb_30,996,6.0
tmdb_30,1018,6.0
tmdb_30,1073,6.0
tmdb_30,1088,8.0
tmdb_30,1089,10.0
tmdb_30,1090,8.0
tmdb_30,1091,2.0
tmdb_30,1092,8.0
tmdb_30,1093,2.0
tmdb_30,1114,6.0
tmdb_30,1124,8.0
tmdb_30,1126,4.0
tmdb_30,1213,10.0
tmdb_30,1244,8.0
tmdb_30,1245,8.0
tmdb_30,1246,8.0
tmdb_30,1247,8.0
tmdb_30,1250,10.0
tmdb_30,1252,10.0
tmdb_30,1259,8.0
tmdb_30,1265,8.0
tmdb_30,1266,10.0
tmdb_30,1267,10.0
tmdb_30,1271,8.0
tmdb_30,1272,10.0
tmdb_30,1277,10.0
tmdb_30,1278,6.0
tmdb_30,1283,8.0
tmdb_30,1285,8.0
tmdb_30,1358,10.0
tmdb_30,1366,10.0
tmdb_30,1370,8.0
tmdb_30,1377,6.0
tmdb_30,1378,8.0
tmdb_30,1380,8.0
tmdb_30,1387,8.0
tmdb_30,1393,8.0
tmdb_30,1394,10.0
tmdb_30,1396,8.0
tmdb_30,1422,8.0
tmdb_30,1440,6.0
tmdb_30,1485,8.0
tmdb_30,1523,8.0
tmdb_30,1552,8.0
tmdb_30,1562,6.0
tmdb_30,1566,8.0
tmdb_30,1580,8.0
tmdb_30,1584,10.0
tmdb_30,1588,4.0
tmdb_30,1598,8.0
tmdb_30,1608,10.0
tmdb_30,1610,10.0
tmdb_30,1611,4.0
tmdb_30,1620,8.0
tmdb_30,1624,8.0
tmdb_30,1645,10.0
tmdb_30,1672,8.0
tmdb_30,1673,8.0
tmdb_30,1682,10.0
tmdb_30,1690,6.0
tmdb_30,1694,10.0
tmdb_30,1701,8.0
tmdb_30,1721,8.0
tmdb_30,1726,4.0
tmdb_30,1729,10.0
tmdb_30,1732,6.0
tmdb_30,1783,8.0
tmdb_30,1785,8.0
tmdb_30,1791,8.0
tmdb_30,1810,6.0
tmdb_30,1834,8.0
tmdb_30,1873,10.0
tmdb_30,1882,4.0
tmdb_30,1884,2.0
tmdb_30,1892,10.0
tmdb_30,1912,8.0
tmdb_30,1917,8.0
tmdb_30,1923,8.0
tmdb_30,1945,8.0
tmdb_30,1947,8.0
tmdb_30,1951,8.0
tmdb_30,1954,10.0
tmdb_30,1955,8.0
tmdb_30,1956,8.0
tmdb_30,1957,8.0
tmdb_30,1958,6.0
tmdb_30,1961,10.0
tmdb_30,1965,8.0
tmdb_30,1968,8.0
tmdb_30,1994,8.0
tmdb_30,1997,10.0
tmdb_30,2000,8.0
tmdb_30,2001,8.0
tmdb_30,2002,6.0
tmdb_30,2003,6.0
tmdb_30,2009,6.0
tmdb_30,2011,8.0
tmdb_30,2012,6.0
tmdb_30,2013,6.0
tmdb_30,2015,6.0
tmdb_30,2023,10.0
tmdb_30,2024,2.0
tmdb_30,2028,10.0
tmdb_30,2054,2.0
tmdb_30,2064,8.0
tmdb_30,2078,6.0
tmdb_30,2082,4.0
tmdb_30,2088,6.0
tmdb_30,2094,8.0
tmdb_30,2105,4.0
tmdb_30,2108,8.0
tmdb_30,2109,6.0
tmdb_30,2112,6.0
tmdb_30,2114,8.0
tmdb_30,2115,8.0
tmdb_30,2116,6.0
tmdb_30,2117,6.0
tmdb_30,2118,8.0
tmdb_30,2122,4.0
tmdb_30,2124,8.0
tmdb_30,2144,6.0
tmdb_30,2148,2.0
tmdb_30,2160,10.0
tmdb_30,2166,8.0
tmdb_30,2193,6.0
tmdb_30,2252,8.0
tmdb_30,2253,6.0
tmdb_30,2255,4.0
tmdb_30,2259,6.0
tmdb_30,2263,4.0
tmdb_30,2264,4.0
tmdb_30,2267,8.0
tmdb_30,2268,10.0
tmdb_30,2269,10.0
tmdb_30,2286,2.0
tmdb_30,2289,10.0
tmdb_30,2291,10.0
tmdb_30,2300,10.0
tmdb_30,2302,8.0
tmdb_30,2313,8.0
tmdb_30,2320,8.0
tmdb_30,2321,10.0
tmdb_30,2334,6.0
tmdb_30,2355,10.0
tmdb_30,2371,6.0
tmdb_30,2433,8.0
tmdb_30,2454,8.0
tmdb_30,2457,8.0
tmdb_30,2463,8.0
tmdb_30,2470,8.0
tmdb_30,2517,4.0
tmdb_30,2528,6.0
tmdb_30,2539,8.0
tmdb_30,2574,6.0
tmdb_30,2577,6.0
tmdb_30,2605,8.0
tmdb_30,2611,10.0
tmdb_30,2616,6.0
tmdb_30,2617,6.0
tmdb_30,2639,8.0
tmdb_30,2640,8.0
tmdb_30,2642,2.0
tmdb_30,2671,8.0
tmdb_30,2687,10.0
tmdb_30,2749,8.0
tmdb_30,2750,8.0
tmdb_30,2757,4.0
tmdb_30,2762,10.0
tmdb_30,2770,6.0
tmdb_30,2787,8.0
tmdb_30,2791,4.0
tmdb_30,2805,8.0
tmdb_30,2841,8.0
tmdb_30,2912,8.0
tmdb_30,2929,10.0
tmdb_30,2959,8.0
tmdb_30,2973,10.0
tmdb_30,2976,6.0
tmdb_30,2977,4.0
tmdb_30,2989,8.0
tmdb_30,3019,6.0
tmdb_30,3035,8.0
tmdb_30,3053,8.0
tmdb_30,3063,4.0
tmdb_30,3072,8.0
tmdb_30,3074,8.0
tmdb_30,3082,6.0
tmdb_30,3087,4.0
tmdb_30,3101,10.0
tmdb_30,3104,8.0
tmdb_30,3107,8.0
tmdb_30,3111,10.0
tmdb_30,3114,10.0
tmdb_30,3160,10.0
tmdb_30,3173,6.0
tmdb_30,3176,8.0
tmdb_30,3418,8.0
tmdb_30,3426,8.0
tmdb_30,3476,4.0
tmdb_30,3478,8.0
tmdb_30,3489,8.0
tmdb_30,3513,10.0
tmdb_30,3526,8.0
tmdb_30,3529,8.0
tmdb_30,3536,8.0
tmdb_30,3537,8.0
tmdb_30,3543,10.0
tmdb_30,3549,8.0
tmdb_30,3638,8.0
tmdb_30,3683,10.0
tmdb_30,3686,8.0
tmdb_30,3763,6.0
tmdb_30,4011,8.0
tmdb_30,4012,4.0
tmdb_30,4025,6.0
tmdb_30,4034,10.0
tmdb_30,4148,10.0
tmdb_30,4226,6.0
tmdb_30,4228,6.0
tmdb_30,4291,6.0
tmdb_30,4326,10.0
tmdb_30,4464,8.0
tmdb_30,4474,6.0
tmdb_30,4482,8.0
tmdb_30,4486,8.0
tmdb_30,4488,6.0
tmdb_30,4495,6.0
tmdb_30,4498,8.0
tmdb_30,4499,8.0
tmdb_30,4564,8.0
tmdb_30,4627,4.0
tmdb_30,4628,10.0
tmdb_30,4629,4.0
tmdb_30,4639,8.0
tmdb_30,4643,8.0
tmdb_30,4710,8.0
tmdb_30,4728,6.0
tmdb_30,4787,10.0
tmdb_30,4832,6.0
tmdb_30,4886,8.0
tmdb_30,4889,8.0
tmdb_30,4896,8.0
tmdb_30,4929,6.0
tmdb_30,4932,8.0
tmdb_30,4951,6.0
tmdb_30,4954,8.0
tmdb_30,4960,8.0
tmdb_30,4978,10.0
tmdb_30,4993,6.0
tmdb_30,4995,10.0
tmdb_30,5060,6.0
tmdb_30,5061,6.0
tmdb_30,5064,10.0
tmdb_30,5122,8.0
tmdb_30,5125,4.0
tmdb_30,5172,8.0
tmdb_30,5187,8.0
tmdb_30,5237,8.0
tmdb_30,5247,6.0
tmdb_30,5334,8.0
tmdb_30,5335,4.0
tmdb_30,5471,6.0
tmdb_30,5506,8.0
tmdb_30,5544,8.0
tmdb_30,5548,8.0
tmdb_30,5620,8.0
tmdb_30,5680,8.0
tmdb_30,5689,8.0
tmdb_30,5723,8.0
tmdb_30,5729,6.0
tmdb_30,5742,8.0
tmdb_30,5846,8.0
tmdb_30,5854,8.0
tmdb_30,5857,2.0
tmdb_30,5902,8.0
tmdb_30,5923,6.0
tmdb_30,5927,8.0
tmdb_30,5956,10.0
tmdb_30,5961,8.0
tmdb_30,5968,8.0
tmdb_30,5991,10.0
tmdb_30,6103,4.0
tmdb_30,6318,6.0
tmdb_30,6440,8.0
tmdb_30,6473,8.0
tmdb_31,111,9.0
tmdb_31,260,8.0
tmdb_31,296,9.0
tmdb_31,318,8.0
tmdb_31,379,8.0
tmdb_31,527,10.0
tmdb_31,541,8.0
tmdb_31,778,7.0
tmdb_31,858,9.0
tmdb_31,1089,9.0
tmdb_31,1091,6.0
tmdb_31,1378,8.0
tmdb_31,1416,6.0
tmdb_31,1957,9.0
tmdb_31,1967,9.0
tmdb_31,2028,9.0
tmdb_31,2502,8.0
tmdb_31,2959,10.0
tmdb_31,3072,6.0
tmdb_31,3087,7.0
tmdb_31,4886,8.0
tmdb_31,4993,9.0
tmdb_31,5995,7.0
tmdb_31,8961,8.0
tmdb_31,44191,8.0
tmdb_31,58559,10.0
tmdb_32,2,8.0
tmdb_32,19,6.0
tmdb_32,110,10.0
tmdb_32,150,10.0
tmdb_32,153,8.0
tmdb_32,158,6.0
tmdb_32,165,8.0
tmdb_32,168,6.0
tmdb_32,173,6.0
tmdb_32,204,8.0
tmdb_32,225,4.0
tmdb_32,231,10.0
tmdb_32,252,6.0
tmdb_32,261,8.0
tmdb_32,266,6.0
tmdb_32,292,10.0
tmdb_32,296,4.0
tmdb_32,300,6.0
tmdb_32,316,6.0
tmdb_32,317,6.0
tmdb_32,337,8.0
tmdb_32,344,8.0
tmdb_32,349,10.0
tmdb_32,350,6.0
tmdb_32,364,6.0
tmdb_32,377,8.0
tmdb_32,380,6.0
tmdb_32,410,6.0
tmdb_32,434,6.0
tmdb_32,440,8.0
tmdb_32,442,8.0
tmdb_32,457,10.0
tmdb_32,480,10.0
tmdb_32,553,10.0
tmdb_32,588,6.0
tmdb_32,590,10.0
tmdb_32,592,8.0
tmdb_32,595,4.0
tmdb_33,19,6.0
tmdb_33,88,6.0
tmdb_33,231,6.0
tmdb_33,344,8.0
tmdb_33,377,4.0
tmdb_33,532,8.0
tmdb_33,562,8.0
tmdb_33,832,8.0
tmdb_33,851,2.0
tmdb_33,1091,8.0
tmdb_33,1259,8.0
tmdb_33,1285,8.0
tmdb_33,1359,6.0
tmdb_33,1394,4.0
tmdb_33,1407,8.0
tmdb_33,1717,6.0
tmdb_33,1967,4.0
tmdb_33,1984,2.0
tmdb_33,1994,10.0
tmdb_33,2005,8.0
tmdb_33,2006,8.0
tmdb_33,2064,10.0
tmdb_33,2088,4.0
tmdb_33,2107,4.0
tmdb_33,2193,4.0
tmdb_33,2371,8.0
tmdb_33,2395,6.0
tmdb_33,2470,8.0
tmdb_33,2502,10.0
tmdb_33,2617,4.0
tmdb_33,2787,8.0
tmdb_33,2891,2.0
tmdb_33,2926,6.0
tmdb_33,2959,8.0
tmdb_33,3007,10.0
tmdb_33,3865,4.0
tmdb_33,4247,6.0
tmdb_33,4248,2.0
tmdb_33,4251,8.0
tmdb_33,4483,10.0
tmdb_33,4488,4.0
tmdb_33,4558,6.0
tmdb_33,4641,6.0
tmdb_33,4643,4.0
tmdb_33,4728,6.0
tmdb_33,4929,8.0
tmdb_33,4956,6.0
tmdb_33,4974,6.0
tmdb_33,4975,8.0
tmdb_33,4988,6.0
tmdb_33,5483,8.0
tmdb_34,6,6.0
tmdb_34,21,8.0
tmdb_34,70,8.0
tmdb_34,110,8.0
tmdb_34,150,8.0
tmdb_34,198,6.0
tmdb_34,253,8.0
tmdb_34,260,8.0
tmdb_34,288,8.0
tmdb_34,293,8.0
tmdb_34,296,10.0
tmdb_34,316,8.0
tmdb_34,337,10.0
tmdb_34,377,6.0
tmdb_34,407,6.0
tmdb_34,442,6.0
tmdb_34,482,10.0
tmdb_34,527,8.0
tmdb_34,541,8.0
tmdb_34,562,8.0
tmdb_34,581,8.0
tmdb_34,593,8.0
tmdb_34,595,8.0
tmdb_34,599,6.0
tmdb_34,608,8.0
tmdb_34,678,10.0
tmdb_34,750,8.0
tmdb_34,858,8.0
tmdb_34,912,10.0
tmdb_34,913,10.0
tmdb_34,919,6.0
tmdb_34,923,10.0
tmdb_34,924,10.0
tmdb_34,940,10.0
tmdb_34,1059,10.0
tmdb_34,1089,8.0
tmdb_34,1090,8.0
tmdb_34,1092,8.0
tmdb_34,1103,8.0
tmdb_34,1213,10.0
tmdb_34,1247,10.0
tmdb_34,1250,8.0
tmdb_34,1252,8.0
tmdb_34,1253,8.0
tmdb_34,1254,10.0
tmdb_34,1259,8.0
tmdb_34,1262,8.0
tmdb_34,1267,10.0
tmdb_34,1272,8.0
tmdb_34,1358,10.0
tmdb_34,1387,6.0
tmdb_34,1396,8.0
tmdb_34,1407,8.0
tmdb_34,1580,6.0
tmdb_34,1597,6.0
tmdb_34,1610,8.0
tmdb_34,1645,6.0
tmdb_34,1653,8.0
tmdb_34,1676,6.0
tmdb_34,1690,6.0
tmdb_34,1923,8.0
tmdb_34,1931,10.0
tmdb_34,1954,6.0
tmdb_34,1965,6.0
tmdb_34,1997,10.0
tmdb_34,2009,8.0
tmdb_34,2028,8.0
tmdb_34,2064,10.0
tmdb_34,2105,8.0
tmdb_34,2288,10.0
tmdb_34,2289,10.0
tmdb_34,2527,8.0
tmdb_34,2528,6.0
tmdb_34,2657,8.0
tmdb_34,2662,8.0
tmdb_34,2762,8.0
tmdb_34,3035,10.0
tmdb_34,3062,8.0
tmdb_34,3074,8.0
tmdb_34,3418,6.0
tmdb_34,5060,6.0
tmdb_35,24,5.0
tmdb_35,247,6.0
tmdb_35,468,8.0
tmdb_35,838,8.0
tmdb_35,914,3.0
tmdb_35,1249,5.0
tmdb_35,1267,2.0
tmdb_35,2105,7.0
tmdb_35,2289,7.0
tmdb_35,3072,10.0
tmdb_36,6,6.0
tmdb_36,16,6.0
tmdb_36,18,8.0
tmdb_36,21,6.0
tmdb_36,25,8.0
tmdb_36,55,8.0
tmdb_36,58,10.0
tmdb_36,68,8.0
tmdb_36,111,8.0
tmdb_36,144,8.0
tmdb_36,145,6.0
tmdb_36,147,6.0
tmdb_36,165,6.0
tmdb_36,216,6.0
tmdb_36,223,10.0
tmdb_36,232,10.0
tmdb_36,236,6.0
tmdb_36,242,8.0
tmdb_36,246,8.0
tmdb_36,248,4.0
tmdb_36,249,8.0
tmdb_36,252,6.0
tmdb_36,253,8.0
tmdb_36,256,6.0
tmdb_36,260,10.0
tmdb_36,261,8.0
tmdb_36,265,10.0
tmdb_36,272,8.0
tmdb_36,273,6.0
tmdb_36,277,6.0
tmdb_36,288,8.0
tmdb_36,293,10.0
tmdb_36,296,8.0
tmdb_36,300,8.0
tmdb_36,306,10.0
tmdb_36,307,10.0
tmdb_36,308,10.0
tmdb_36,312,6.0
tmdb_36,315,10.0
tmdb_36,318,8.0
tmdb_36,321,10.0
tmdb_36,334,8.0
tmdb_36,345,8.0
tmdb_36,348,6.0
tmdb_36,350,6.0
tmdb_36,381,6.0
tmdb_36,431,8.0
tmdb_36,434,6.0
tmdb_36,440,6.0
tmdb_36,454,6.0
tmdb_36,457,6.0
tmdb_36,469,8.0
tmdb_36,475,8.0
tmdb_36,480,6.0
tmdb_36,481,8.0
tmdb_36,508,8.0
tmdb_36,509,8.0
tmdb_36,521,8.0
tmdb_36,524,6.0
tmdb_36,527,10.0
tmdb_36,531,8.0
tmdb_36,532,6.0
tmdb_36,534,8.0
tmdb_36,539,6.0
tmdb_36,540,6.0
tmdb_36,543,6.0
tmdb_36,551,6.0
tmdb_36,586,4.0
tmdb_36,587,6.0
tmdb_36,588,6.0
tmdb_36,590,6.0
tmdb_36,592,6.0
tmdb_36,593,8.0
tmdb_36,597,6.0
tmdb_36,640,6.0
tmdb_36,778,10.0
tmdb_36,788,4.0
tmdb_36,838,8.0
tmdb_36,1367,6.0
tmdb_37,364,10.0
tmdb_37,595,10.0
tmdb_37,902,4.0
tmdb_37,912,10.0
tmdb_37,920,10.0
tmdb_37,940,6.0
tmdb_37,1246,10.0
tmdb_37,1907,10.0
tmdb_37,2028,8.0
tmdb_37,2085,8.0
tmdb_37,4011,6.0
tmdb_37,4034,10.0
tmdb_38,16,9.0
tmdb_38,110,8.0
tmdb_38,293,9.0
tmdb_38,296,10.0
tmdb_38,306,9.0
tmdb_38,318,9.0
tmdb_38,364,8.0
tmdb_38,527,9.0
tmdb_38,588,8.0
tmdb_38,590,7.0
tmdb_38,593,9.0
tmdb_38,778,8.0
tmdb_38,838,9.0
tmdb_38,858,9.0
tmdb_38,926,9.0
tmdb_38,1213,8.0
tmdb_38,1244,8.0
tmdb_38,1682,8.0
tmdb_38,2000,6.0
tmdb_38,2075,9.0
tmdb_38,2324,9.0
tmdb_38,2750,8.0
tmdb_38,2959,8.0
tmdb_38,4226,9.0
tmdb_38,4973,8.0
tmdb_38,4993,8.0
tmdb_38,4995,9.0
tmdb_38,6107,10.0
tmdb_38,7234,8.0
tmdb_38,8197,9.0
tmdb_38,8656,9.0
tmdb_38,26587,9.0
tmdb_38,49530,8.0
tmdb_38,58559,9.0
tmdb_39,6,8.0
tmdb_39,16,10.0
tmdb_39,21,6.0
tmdb_39,22,8.0
tmdb_39,69,6.0
tmdb_39,70,10.0
tmdb_39,73,6.0
tmdb_39,76,6.0
tmdb_39,110,10.0
tmdb_39,145,6.0
tmdb_39,150,8.0
tmdb_39,153,6.0
tmdb_39,160,6.0
tmdb_39,162,10.0
tmdb_39,165,10.0
tmdb_39,168,6.0
tmdb_39,170,6.0
tmdb_39,175,6.0
tmdb_39,177,8.0
tmdb_39,180,10.0
tmdb_39,198,10.0
tmdb_39,220,8.0
tmdb_39,223,8.0
tmdb_39,231,8.0
tmdb_39,253,8.0
tmdb_39,273,6.0
tmdb_39,285,8.0
tmdb_39,288,8.0
tmdb_39,293,8.0
tmdb_39,296,10.0
tmdb_39,315,8.0
tmdb_39,316,8.0
tmdb_39,330,4.0
tmdb_39,332,6.0
tmdb_39,338,6.0
tmdb_39,344,8.0
tmdb_39,380,10.0
tmdb_39,426,6.0
tmdb_39,434,8.0
tmdb_39,457,8.0
tmdb_39,553,8.0
tmdb_39,588,6.0
tmdb_39,590,6.0
tmdb_39,592,6.0
tmdb_39,593,6.0
tmdb_39,595,6.0
tmdb_39,606,8.0
tmdb_39,648,8.0
tmdb_39,662,10.0
tmdb_39,663,8.0
tmdb_40,260,9.0
tmdb_40,2959,8.0
tmdb_40,4226,10.0
tmdb_40,4993,9.0
tmdb_40,8874,9.0
tmdb_40,8961,9.0
tmdb_40,44191,9.0
tmdb_40,51540,9.0
tmdb_40,58559,9.0
tmdb_40,74458,7.0
tmdb_41,2,7.0
tmdb_41,110,8.0
tmdb_41,165,8.0
tmdb_41,172,7.0
tmdb_41,173,8.0
tmdb_41,196,6.0
tmdb_41,233,8.0
tmdb_41,253,8.0
tmdb_41,260,8.0
tmdb_41,262,9.0
tmdb_41,316,7.0
tmdb_41,327,8.0
tmdb_41,329,8.0
tmdb_41,332,8.0
tmdb_41,377,9.0
tmdb_41,380,8.0
tmdb_41,426,6.0
tmdb_41,435,8.0
tmdb_41,442,7.0
tmdb_41,457,8.0
tmdb_41,541,10.0
tmdb_41,592,8.0
tmdb_41,648,8.0
tmdb_41,674,8.0
tmdb_41,780,8.0
tmdb_41,849,8.0
tmdb_41,917,8.0
tmdb_41,919,8.0
tmdb_41,924,10.0
tmdb_41,986,7.0
tmdb_41,1073,8.0
tmdb_41,1127,7.0
tmdb_41,1371,7.0
tmdb_41,1372,8.0
tmdb_41,1373,8.0
tmdb_41,1374,9.0
tmdb_41,1375,8.0
tmdb_41,1376,8.0
tmdb_41,1552,7.0
tmdb_41,1580,8.0
tmdb_41,1591,8.0
tmdb_41,1676,8.0
tmdb_41,1690,8.0
tmdb_41,1719,8.0
tmdb_41,1779,7.0
tmdb_41,1880,8.0
tmdb_41,1917,8.0
tmdb_41,1965,6.0
tmdb_41,1997,8.0
tmdb_41,2001,6.0
tmdb_41,2003,5.0
tmdb_41,2009,9.0
tmdb_41,2011,8.0
tmdb_41,2012,7.0
tmdb_41,2105,10.0
tmdb_41,2117,10.0
tmdb_41,2232,7.0
tmdb_41,2322,7.0
tmdb_41,2454,6.0
tmdb_41,2455,6.0
tmdb_41,2528,8.0
tmdb_41,2640,8.0
tmdb_41,2642,7.0
tmdb_41,3033,8.0
tmdb_41,3175,8.0
tmdb_41,3479,8.0
tmdb_41,3593,8.0
tmdb_41,3638,7.0
tmdb_41,3699,7.0
tmdb_41,4232,8.0
tmdb_41,4553,9.0
tmdb_41,4789,10.0
tmdb_41,6116,9.0
tmdb_41,6264,7.0
tmdb_41,6537,7.0
tmdb_41,6934,8.0
tmdb_41,6951,8.0
tmdb_42,110,8.0
tmdb_42,165,7.0
tmdb_42,260,9.0
tmdb_42,296,10.0
tmdb_42,318,10.0
tmdb_42,349,8.0
tmdb_42,380,7.0
tmdb_42,457,10.0
tmdb_42,480,10.0
tmdb_42,508,7.0
tmdb_42,527,9.0
tmdb_42,588,8.0
tmdb_42,648,8.0
tmdb_42,780,9.0
tmdb_42,1370,7.0
tmdb_42,1573,6.0
tmdb_42,1721,8.0
tmdb_42,2028,8.0
tmdb_42,4886,8.0
tmdb_42,4993,10.0
tmdb_42,8961,8.0
tmdb_42,40815,7.0
tmdb_42,44191,8.0
tmdb_42,58559,9.0
tmdb_42,74458,7.0
tmdb_43,70,4.0
tmdb_43,104,4.0
tmdb_43,110,10.0
tmdb_43,216,2.0
tmdb_43,223,6.0
tmdb_43,231,6.0
tmdb_43,339,8.0
tmdb_43,480,8.0
tmdb_43,500,6.0
tmdb_43,524,6.0
tmdb_43,527,10.0
tmdb_43,585,4.0
tmdb_43,588,6.0
tmdb_43,608,10.0
tmdb_43,837,8.0
tmdb_43,838,8.0
tmdb_43,1380,6.0
tmdb_43,1544,4.0
tmdb_43,1580,8.0
tmdb_43,1673,6.0
tmdb_43,1726,2.0
tmdb_43,1883,6.0
tmdb_43,1895,4.0
tmdb_43,1907,6.0
tmdb_43,1958,8.0
tmdb_43,1968,6.0
tmdb_43,1997,10.0
tmdb_43,2000,4.0
tmdb_43,2003,4.0
tmdb_43,2004,2.0
tmdb_43,2054,4.0
tmdb_43,2082,4.0
tmdb_43,2109,6.0
tmdb_43,2144,6.0
tmdb_43,2160,2.0
tmdb_43,2291,6.0
tmdb_43,2321,8.0
tmdb_43,2355,8.0
tmdb_43,2395,6.0
tmdb_43,2447,6.0
tmdb_43,2454,6.0
tmdb_43,2455,6.0
tmdb_43,2539,4.0
tmdb_43,2671,8.0
tmdb_43,2690,8.0
tmdb_43,2770,6.0
tmdb_43,2791,4.0
tmdb_43,2978,4.0
tmdb_43,3052,6.0
tmdb_43,3114,8.0
tmdb_43,3160,8.0
tmdb_43,3173,6.0
tmdb_43,3515,8.0
tmdb_43,3525,6.0
tmdb_44,3,10.0
tmdb_44,5,6.0
tmdb_44,6,6.0
tmdb_44,17,4.0
tmdb_44,25,6.0
tmdb_44,62,10.0
tmdb_44,95,6.0
tmdb_44,104,8.0
tmdb_44,135,8.0
tmdb_44,141,4.0
tmdb_44,260,6.0
tmdb_44,494,6.0
tmdb_44,628,6.0
tmdb_44,637,4.0
tmdb_44,648,6.0
tmdb_44,780,10.0
tmdb_44,786,6.0
tmdb_44,788,6.0
tmdb_44,802,6.0
tmdb_44,805,8.0
tmdb_45,899,8.0
tmdb_45,903,10.0
tmdb_45,1639,6.0
tmdb_45,1673,9.0
tmdb_45,2699,5.0
tmdb_45,3052,5.0
tmdb_45,3160,9.0
tmdb_45,4235,8.0
tmdb_45,4995,5.0
tmdb_46,73,10.0
tmdb_46,1359,9.0
tmdb_46,1965,10.0
tmdb_46,2153,10.0
tmdb_46,2383,10.0
tmdb_46,2539,10.0
tmdb_46,2605,10.0
tmdb_46,4993,10.0
tmdb_46,49530,10.0
tmdb_46,58559,10.0
tmdb_47,2,10.0
tmdb_47,95,6.0
tmdb_47,110,10.0
tmdb_47,150,8.0
tmdb_47,153,8.0
tmdb_47,160,6.0
tmdb_47,161,10.0
tmdb_47,165,8.0
tmdb_47,173,10.0
tmdb_47,231,6.0
tmdb_47,236,8.0
tmdb_47,253,6.0
tmdb_47,266,6.0
tmdb_47,288,8.0
tmdb_47,292,10.0
tmdb_47,296,8.0
tmdb_47,300,6.0
tmdb_47,315,8.0
tmdb_47,316,10.0
tmdb_47,329,8.0
tmdb_47,344,6.0
tmdb_47,349,8.0
tmdb_47,380,8.0
tmdb_47,410,6.0
tmdb_47,434,8.0
tmdb_47,442,6.0
tmdb_47,457,10.0
tmdb_47,588,8.0
tmdb_47,592,6.0
tmdb_47,593,10.0
tmdb_47,595,6.0
tmdb_48,2,7.0
tmdb_48,110,8.0
tmdb_48,111,6.0
tmdb_48,158,6.0
tmdb_48,163,7.0
tmdb_48,223,5.0
tmdb_48,231,7.0
tmdb_48,288,7.0
tmdb_48,293,10.0
tmdb_48,296,9.0
tmdb_48,344,7.0
tmdb_48,364,8.0
tmdb_48,480,7.0
tmdb_48,501,7.0
tmdb_48,527,9.0
tmdb_48,541,8.0
tmdb_48,562,7.0
tmdb_48,593,7.0
tmdb_48,595,7.0
tmdb_48,648,7.0
tmdb_48,673,6.0
tmdb_48,778,9.0
tmdb_48,784,5.0
tmdb_48,858,8.0
tmdb_48,924,9.0
tmdb_48,1127,7.0
tmdb_48,1407,5.0
tmdb_48,1485,7.0
tmdb_48,1499,5.0
tmdb_48,1544,7.0
tmdb_48,1580,7.0
tmdb_48,1591,6.0
tmdb_48,1676,6.0
tmdb_48,1682,7.0
tmdb_48,1721,8.0
tmdb_48,1732,7.0
tmdb_48,1882,6.0
tmdb_48,1884,9.0
tmdb_48,1917,7.0
tmdb_48,1921,8.0
tmdb_48,1923,7.0
tmdb_48,1997,7.0
tmdb_48,2006,6.0
tmdb_48,2232,7.0
tmdb_48,2288,7.0
tmdb_48,2291,8.0
tmdb_48,2294,6.0
tmdb_48,2324,9.0
tmdb_48,2355,7.0
tmdb_48,2455,5.0
tmdb_48,2617,7.0
tmdb_48,2722,5.0
tmdb_48,2762,7.0
tmdb_48,2959,10.0
tmdb_48,3114,7.0
tmdb_48,4011,8.0
tmdb_48,4226,7.0
tmdb_48,4369,7.0
tmdb_48,4886,7.0
tmdb_48,4973,10.0
tmdb_48,4975,7.0
tmdb_48,4993,9.0
tmdb_48,4995,8.0
tmdb_48,5146,8.0
tmdb_48,5902,8.0
tmdb_48,5971,8.0
tmdb_48,5995,8.0
tmdb_48,6016,9.0
tmdb_48,6283,7.0
tmdb_48,6373,8.0
tmdb_48,6934,6.0
tmdb_48,8645,6.0
tmdb_48,8874,9.0
tmdb_48,8906,5.0
tmdb_48,8961,7.0
tmdb_48,8965,6.0
tmdb_48,27523,7.0
tmdb_48,27850,7.0
tmdb_48,30793,7.0
tmdb_48,30867,8.0
tmdb_48,31658,9.0
tmdb_48,32562,8.0
tmdb_48,33166,7.0
tmdb_48,41769,6.0
tmdb_48,44191,7.0
tmdb_48,45431,8.0
tmdb_48,46948,7.0
tmdb_48,46976,6.0
tmdb_48,48385,7.0
tmdb_48,48414,6.0
tmdb_48,50601,8.0
tmdb_48,51540,6.0
tmdb_48,54272,5.0
tmdb_48,56095,6.0
tmdb_48,56339,8.0
tmdb_48,58559,8.0
tmdb_48,59118,9.0
tmdb_48,59387,8.0
tmdb_48,63859,7.0
tmdb_48,69526,6.0
tmdb_48,71282,6.0
tmdb_48,71520,7.0
tmdb_48,73881,8.0
tmdb_48,84944,8.0
tmdb_48,85510,6.0
tmdb_48,86332,7.0
tmdb_49,2,10.0
tmdb_49,161,8.0
tmdb_49,173,4.0
tmdb_49,258,2.0
tmdb_49,303,6.0
tmdb_49,329,6.0
tmdb_49,421,4.0
tmdb_49,466,8.0
tmdb_49,524,6.0
tmdb_49,590,6.0
tmdb_49,592,4.0
tmdb_49,653,8.0
tmdb_49,674,6.0
tmdb_49,688,6.0
tmdb_49,750,8.0
tmdb_49,780,8.0
tmdb_49,897,8.0
tmdb_49,912,10.0
tmdb_49,919,10.0
tmdb_49,920,8.0
tmdb_49,976,8.0
tmdb_49,1073,10.0
tmdb_49,1127,8.0
tmdb_49,1254,8.0
tmdb_49,1262,10.0
tmdb_49,1272,10.0
tmdb_49,1374,6.0
tmdb_49,1375,8.0
tmdb_49,1376,8.0
tmdb_49,1391,6.0
tmdb_49,1580,6.0
tmdb_49,1676,4.0
tmdb_49,1927,8.0
tmdb_49,2013,2.0
tmdb_49,2054,4.0
tmdb_49,2088,4.0
tmdb_49,2094,4.0
tmdb_49,2105,6.0
tmdb_49,2115,10.0
tmdb_49,2161,8.0
tmdb_49,2202,10.0
tmdb_49,2287,10.0
tmdb_49,2662,8.0
tmdb_49,2669,6.0
tmdb_49,2748,6.0
tmdb_49,2817,2.0
tmdb_49,3062,8.0
tmdb_49,5060,8.0
tmdb_50,21,6.0
tmdb_50,95,6.0
tmdb_50,110,8.0
tmdb_50,150,6.0
tmdb_50,160,6.0
tmdb_50,161,8.0
tmdb_50,165,8.0
tmdb_50,185,6.0
tmdb_50,231,2.0
tmdb_50,253,6.0
tmdb_50,292,8.0
tmdb_50,296,8.0
tmdb_50,315,6.0
tmdb_50,316,6.0
tmdb_50,337,6.0
tmdb_50,339,8.0
tmdb_50,344,4.0
tmdb_50,349,6.0
tmdb_50,377,6.0
tmdb_50,380,6.0
tmdb_50,434,6.0
tmdb_50,440,8.0
tmdb_50,442,6.0
tmdb_50,454,6.0
tmdb_50,457,6.0
tmdb_50,480,8.0
tmdb_50,509,6.0
tmdb_50,527,8.0
tmdb_50,539,6.0
tmdb_50,553,6.0
tmdb_50,587,6.0
tmdb_50,590,6.0
tmdb_50,597,6.0
tmdb_50,780,8.0
tmdb_50,786,6.0
tmdb_51,913,8.0
tmdb_51,1636,2.0
tmdb_51,1888,6.0
tmdb_51,1948,8.0
tmdb_51,1959,8.0
tmdb_51,1968,8.0
tmdb_51,2605,10.0
tmdb_51,2699,8.0
tmdb_51,2722,10.0
tmdb_51,2734,6.0
tmdb_51,2761,10.0
tmdb_51,2841,10.0
tmdb_51,3175,8.0
tmdb_51,3543,8.0
tmdb_52,866,8.0
tmdb_52,1088,8.0
tmdb_52,1639,2.0
tmdb_52,1969,1.0
tmdb_52,4228,4.0
tmdb_52,4896,10.0
tmdb_52,4973,10.0
tmdb_52,5816,9.0
tmdb_52,8966,8.0
tmdb_52,8983,7.0
tmdb_52,27721,10.0
tmdb_52,37727,4.0
tmdb_52,40815,10.0
tmdb_52,41571,6.0
tmdb_53,111,8.0
tmdb_53,165,8.0
tmdb_53,238,2.0
tmdb_53,392,2.0
tmdb_53,421,2.0
tmdb_53,968,8.0
tmdb_53,1370,6.0
tmdb_53,1580,6.0
tmdb_53,1610,10.0
tmdb_53,1911,4.0
tmdb_53,1917,10.0
tmdb_53,1995,4.0
tmdb_53,2002,6.0
tmdb_53,2093,2.0
tmdb_53,2433,10.0
tmdb_53,2470,8.0
tmdb_53,2690,8.0
tmdb_53,2699,8.0
tmdb_53,2761,2.0
tmdb_53,2762,10.0
tmdb_53,2912,2.0
tmdb_53,3107,8.0
tmdb_53,3114,2.0
tmdb_53,3160,4.0
tmdb_54,318,9.0
tmdb_54,1088,10.0
tmdb_54,1680,8.0
tmdb_54,3638,8.0
tmdb_54,8665,9.0
tmdb_55,5,6.0
tmdb_55,6,10.0
tmdb_55,65,10.0
tmdb_55,74,6.0
tmdb_55,79,6.0
tmdb_55,95,6.0
tmdb_55,100,6.0
tmdb_55,104,10.0
tmdb_55,112,6.0
tmdb_55,141,8.0
tmdb_55,260,10.0
tmdb_55,494,6.0
tmdb_55,608,6.0
tmdb_55,609,6.0
tmdb_55,637,8.0
tmdb_55,648,10.0
tmdb_55,653,8.0
tmdb_55,707,4.0
tmdb_55,708,6.0
tmdb_55,761,4.0
tmdb_55,780,10.0
tmdb_55,784,6.0
tmdb_55,786,8.0
tmdb_55,788,10.0
tmdb_55,802,6.0
tmdb_55,805,10.0
tmdb_55,832,10.0
tmdb_55,1073,6.0
tmdb_56,16,8.0
tmdb_56,21,4.0
tmdb_56,101,8.0
tmdb_56,104,8.0
tmdb_56,111,8.0
tmdb_56,147,4.0
tmdb_56,160,4.0
tmdb_56,176,8.0
tmdb_56,216,8.0
tmdb_56,223,8.0
tmdb_56,231,4.0
tmdb_56,246,10.0
tmdb_56,250,10.0
tmdb_56,260,4.0
tmdb_56,292,4.0
tmdb_56,293,8.0
tmdb_56,296,8.0
tmdb_56,318,8.0
tmdb_56,337,8.0
tmdb_56,342,4.0
tmdb_56,377,8.0
tmdb_56,441,8.0
tmdb_56,442,4.0
tmdb_56,457,8.0
tmdb_56,480,8.0
tmdb_56,527,8.0
tmdb_56,541,8.0
tmdb_56,586,8.0
tmdb_56,593,10.0
tmdb_56,673,4.0
tmdb_56,750,4.0
tmdb_56,778,8.0
tmdb_56,916,8.0
tmdb_56,919,10.0
tmdb_56,922,8.0
tmdb_56,923,8.0
tmdb_56,924,4.0
tmdb_56,926,8.0
tmdb_56,942,4.0
tmdb_56,951,8.0
tmdb_56,953,8.0
tmdb_56,1073,8.0
tmdb_56,1089,8.0
tmdb_56,1213,8.0
tmdb_56,1244,4.0
tmdb_56,1247,4.0
tmdb_56,1250,8.0
tmdb_56,1252,8.0
tmdb_56,1259,8.0
tmdb_56,1265,10.0
tmdb_56,1266,8.0
tmdb_56,1283,8.0
tmdb_56,1285,10.0
tmdb_56,1358,8.0
tmdb_56,1380,10.0
tmdb_56,1387,8.0
tmdb_56,1393,8.0
tmdb_56,1608,8.0
tmdb_56,1673,8.0
tmdb_56,1676,4.0
tmdb_56,1682,10.0
tmdb_56,1721,8.0
tmdb_56,1732,8.0
tmdb_56,1907,8.0
tmdb_56,1923,8.0
tmdb_56,1947,10.0
tmdb_56,1954,8.0
tmdb_56,1957,8.0
tmdb_56,1958,4.0
tmdb_56,1961,4.0
tmdb_56,1968,10.0
tmdb_56,2000,2.0
tmdb_56,2005,8.0
tmdb_56,2006,8.0
tmdb_56,2011,4.0
tmdb_56,2028,10.0
tmdb_56,2042,4.0
tmdb_56,2082,4.0
tmdb_56,2115,8.0
tmdb_56,2144,8.0
tmdb_56,2186,8.0
tmdb_56,2253,2.0
tmdb_56,2300,8.0
tmdb_56,2321,8.0
tmdb_56,2324,4.0
tmdb_56,2395,10.0
tmdb_56,2502,8.0
tmdb_56,2617,8.0
tmdb_56,2694,8.0
tmdb_56,2761,8.0
tmdb_56,2791,8.0
tmdb_56,2925,8.0
tmdb_56,2959,8.0
tmdb_56,3034,8.0
tmdb_56,3072,8.0
tmdb_56,3079,8.0
tmdb_56,3086,8.0
tmdb_56,3089,8.0
tmdb_56,3104,4.0
tmdb_56,3114,8.0
tmdb_56,3160,8.0
tmdb_56,3480,8.0
tmdb_56,3489,4.0
tmdb_56,3683,8.0
tmdb_56,4034,8.0
tmdb_56,4226,8.0
tmdb_56,4771,8.0
tmdb_56,4816,4.0
tmdb_56,4886,8.0
tmdb_56,4896,8.0
tmdb_56,4973,10.0
tmdb_56,4993,8.0
tmdb_56,5816,8.0
tmdb_56,5902,8.0
tmdb_56,5995,8.0
tmdb_56,6003,4.0
tmdb_56,6016,10.0
tmdb_56,6373,4.0
tmdb_56,6936,8.0
tmdb_56,6978,4.0
tmdb_56,7451,10.0
tmdb_56,8665,8.0
tmdb_56,8874,10.0
tmdb_56,8914,4.0
tmdb_56,8961,8.0
tmdb_56,33166,4.0
tmdb_56,33660,8.0
tmdb_56,34528,8.0
tmdb_56,40815,8.0
tmdb_56,41566,8.0
tmdb_56,44191,8.0
tmdb_56,46948,8.0
tmdb_56,51540,8.0
tmdb_56,58559,10.0
tmdb_56,59118,8.0
tmdb_56,67087,10.0
tmdb_56,72720,4.0
tmdb_56,84116,8.0
tmdb_56,86000,10.0
tmdb_56,89492,8.0
tmdb_57,11,10.0
tmdb_57,17,10.0
tmdb_57,21,8.0
tmdb_57,110,10.0
tmdb_57,163,8.0
tmdb_57,164,6.0
tmdb_57,260,8.0
tmdb_57,265,10.0
tmdb_57,293,10.0
tmdb_57,318,10.0
tmdb_57,337,10.0
tmdb_57,350,4.0
tmdb_57,380,8.0
tmdb_57,440,8.0
tmdb_57,468,8.0
tmdb_57,497,10.0
tmdb_57,509,10.0
tmdb_57,527,10.0
tmdb_57,534,10.0
tmdb_57,590,10.0
tmdb_57,592,6.0
tmdb_57,608,10.0
tmdb_57,635,10.0
tmdb_57,648,6.0
tmdb_57,800,10.0
tmdb_57,858,10.0
tmdb_57,914,10.0
tmdb_57,921,8.0
tmdb_57,1073,8.0
tmdb_57,1088,8.0
tmdb_57,1091,4.0
tmdb_57,1092,4.0
tmdb_57,1124,8.0
tmdb_57,1125,8.0
tmdb_57,1127,10.0
tmdb_57,1246,10.0
tmdb_57,1252,10.0
tmdb_57,1259,8.0
tmdb_57,1265,8.0
tmdb_57,1272,6.0
tmdb_57,1278,10.0
tmdb_57,1358,10.0
tmdb_57,1378,8.0
tmdb_57,1380,8.0
tmdb_57,1387,10.0
tmdb_57,1393,8.0
tmdb_57,1394,10.0
tmdb_57,1408,8.0
tmdb_57,1422,6.0
tmdb_57,1587,6.0
tmdb_57,1597,8.0
tmdb_57,1641,10.0
tmdb_57,1645,8.0
tmdb_57,1719,10.0
tmdb_57,1721,6.0
tmdb_57,1732,6.0
tmdb_57,1892,10.0
tmdb_57,1909,4.0
tmdb_57,1914,10.0
tmdb_57,1917,2.0
tmdb_57,1918,6.0
tmdb_57,1923,10.0
tmdb_57,1947,10.0
tmdb_57,1951,8.0
tmdb_57,1954,8.0
tmdb_57,1955,8.0
tmdb_57,1956,8.0
tmdb_57,1957,10.0
tmdb_57,1958,8.0
tmdb_57,1961,10.0
tmdb_57,1964,10.0
tmdb_57,1967,6.0
tmdb_57,1968,8.0
tmdb_57,1975,4.0
tmdb_57,1977,2.0
tmdb_57,1978,2.0
tmdb_57,1979,2.0
tmdb_57,1984,2.0
tmdb_57,1987,4.0
tmdb_57,1994,8.0
tmdb_57,1995,6.0
tmdb_57,1996,4.0
tmdb_57,1997,8.0
tmdb_57,2000,10.0
tmdb_57,2001,8.0
tmdb_57,2003,6.0
tmdb_57,2005,6.0
tmdb_57,2006,10.0
tmdb_57,2009,6.0
tmdb_57,2013,8.0
tmdb_57,2020,10.0
tmdb_57,2028,10.0
tmdb_57,2044,6.0
tmdb_57,2054,6.0
tmdb_57,2088,4.0
tmdb_57,2097,6.0
tmdb_57,2100,8.0
tmdb_57,2109,8.0
tmdb_57,2110,8.0
tmdb_57,2111,6.0
tmdb_57,2114,10.0
tmdb_57,2115,8.0
tmdb_57,2118,4.0
tmdb_57,2122,2.0
tmdb_57,2125,8.0
tmdb_57,2143,6.0
tmdb_57,2144,6.0
tmdb_57,2153,2.0
tmdb_57,2161,6.0
tmdb_57,2163,4.0
tmdb_57,2193,10.0
tmdb_57,2268,8.0
tmdb_57,2288,8.0
tmdb_57,2291,8.0
tmdb_57,2300,6.0
tmdb_57,2302,10.0
tmdb_57,2313,10.0
tmdb_57,5060,8.0
tmdb_58,11,10.0
tmdb_58,19,2.0
tmdb_58,150,10.0
tmdb_58,344,2.0
tmdb_58,410,6.0
tmdb_58,415,4.0
tmdb_58,616,8.0
tmdb_58,909,4.0
tmdb_58,924,10.0
tmdb_58,940,4.0
tmdb_58,965,10.0
tmdb_58,1127,4.0
tmdb_58,1269,10.0
tmdb_58,1367,8.0
tmdb_58,1499,2.0
tmdb_58,1608,10.0
tmdb_58,1690,8.0
tmdb_58,1917,8.0
tmdb_58,1927,10.0
tmdb_58,2015,6.0
tmdb_58,2016,4.0
tmdb_58,2085,6.0
tmdb_58,2124,6.0
tmdb_58,2133,8.0
tmdb_58,2153,4.0
tmdb_58,2163,8.0
tmdb_58,2202,10.0
tmdb_58,2788,10.0
tmdb_58,2791,10.0
tmdb_58,2817,4.0
tmdb_59,11,5.0
tmdb_59,111,5.0
tmdb_59,150,8.0
tmdb_59,223,7.0
tmdb_59,231,4.0
tmdb_59,292,2.0
tmdb_59,296,8.0
tmdb_59,300,9.0
tmdb_59,318,5.0
tmdb_59,380,1.0
tmdb_59,410,3.0
tmdb_59,480,9.0
tmdb_59,527,9.0
tmdb_59,541,10.0
tmdb_59,586,1.0
tmdb_59,590,7.0
tmdb_59,593,7.0
tmdb_59,745,10.0
tmdb_59,858,10.0
tmdb_59,912,8.0
tmdb_59,919,3.0
tmdb_59,1213,7.0
tmdb_59,1673,8.0
tmdb_59,1722,3.0
tmdb_59,1923,6.0
tmdb_59,1961,7.0
tmdb_59,1968,5.0
tmdb_59,2028,3.0
tmdb_59,2105,2.0
tmdb_59,2161,1.0
tmdb_59,2193,1.0
tmdb_59,2302,7.0
tmdb_59,2470,1.0
tmdb_59,2617,8.0
tmdb_59,2640,2.0
tmdb_59,2671,3.0
tmdb_59,2959,8.0
tmdb_59,4993,9.0
tmdb_59,5060,7.0
tmdb_59,8961,10.0
tmdb_60,16,9.0
tmdb_60,21,6.0
tmdb_60,111,9.0
tmdb_60,163,8.0
tmdb_60,173,7.0
tmdb_60,235,10.0
tmdb_60,466,8.0
tmdb_60,541,10.0
tmdb_60,608,8.0
tmdb_60,653,5.0
tmdb_60,745,7.0
tmdb_60,858,10.0
tmdb_60,1090,8.0
tmdb_60,1380,3.0
tmdb_60,1485,5.0
tmdb_60,1653,10.0
tmdb_60,1673,9.0
tmdb_60,1732,10.0
tmdb_60,2012,8.0
tmdb_60,2115,7.0
tmdb_60,2324,10.0
tmdb_60,2640,8.0
tmdb_60,3160,7.0
tmdb_60,4973,9.0
tmdb_60,5060,10.0
tmdb_60,5995,10.0
tmdb_60,6957,6.0
tmdb_60,8981,10.0
tmdb_61,2,7.0
tmdb_61,104,8.0
tmdb_61,158,3.0
tmdb_61,231,8.0
tmdb_61,317,7.0
tmdb_61,364,7.0
tmdb_61,500,8.0
tmdb_61,551,3.0
tmdb_61,585,7.0
tmdb_61,586,6.0
tmdb_61,587,10.0
tmdb_61,588,6.0
tmdb_61,592,10.0
tmdb_61,593,6.0
tmdb_61,594,7.0
tmdb_61,595,5.0
tmdb_61,596,4.0
tmdb_61,616,3.0
tmdb_61,661,5.0
tmdb_61,673,4.0
tmdb_61,801,5.0
tmdb_61,919,6.0
tmdb_61,953,7.0
tmdb_61,1059,6.0
tmdb_61,1073,4.0
tmdb_61,1367,5.0
tmdb_61,1380,7.0
tmdb_61,1580,7.0
tmdb_61,1907,8.0
tmdb_61,1954,4.0
tmdb_61,1968,10.0
tmdb_61,2018,5.0
tmdb_61,2054,5.0
tmdb_61,2078,3.0
tmdb_61,2080,5.0
tmdb_61,2085,5.0
tmdb_61,2087,6.0
tmdb_61,2123,5.0
tmdb_61,2144,6.0
tmdb_61,2161,4.0
tmdb_61,2300,10.0
tmdb_61,2355,7.0
tmdb_61,2502,10.0
tmdb_61,2761,6.0
tmdb_61,3114,2.0
tmdb_61,4025,5.0
tmdb_61,4232,7.0
tmdb_61,4701,5.0
tmdb_61,4886,6.0
tmdb_61,4896,6.0
tmdb_61,4993,10.0
tmdb_61,5481,3.0
tmdb_61,5693,7.0
tmdb_61,5816,6.0
tmdb_61,5971,10.0
tmdb_61,6373,7.0
tmdb_61,6936,6.0
tmdb_61,7451,8.0
tmdb_61,8464,6.0
tmdb_61,8961,8.0
tmdb_61,8970,5.0
tmdb_61,27706,7.0
tmdb_61,30793,3.0
tmdb_61,33660,4.0
tmdb_61,40815,8.0
tmdb_61,41566,5.0
tmdb_61,44191,10.0
tmdb_61,45431,2.0
tmdb_61,45722,7.0
tmdb_61,46972,8.0
tmdb_61,46976,7.0
tmdb_61,54272,5.0
tmdb_61,56171,8.0
tmdb_61,58559,10.0
tmdb_62,111,8.0
tmdb_62,260,8.0
tmdb_62,318,7.0
tmdb_62,2028,9.0
tmdb_62,2959,10.0
tmdb_62,4226,8.0
tmdb_62,6016,8.0
tmdb_62,8665,9.0
tmdb_62,49530,7.0
tmdb_62,58559,10.0
tmdb_62,70862,8.0
tmdb_62,104374,10.0
tmdb_63,11,7.0
tmdb_63,16,10.0
tmdb_63,58,1.0
tmdb_63,112,6.0
tmdb_63,150,8.0
tmdb_63,246,1.0
tmdb_63,260,10.0
tmdb_63,315,2.0
tmdb_63,318,10.0
tmdb_63,380,7.0
tmdb_63,457,6.0
tmdb_63,480,9.0
tmdb_63,592,10.0
tmdb_63,593,9.0
tmdb_63,832,5.0
tmdb_63,1059,8.0
tmdb_63,1259,10.0
tmdb_63,1372,6.0
tmdb_63,1374,8.0
tmdb_63,1376,7.0
tmdb_63,1408,9.0
tmdb_63,1573,8.0
tmdb_63,1610,9.0
tmdb_63,1639,10.0
tmdb_63,1641,6.0
tmdb_63,1917,8.0
tmdb_63,1954,9.0
tmdb_63,1961,7.0
tmdb_63,2004,9.0
tmdb_63,2046,9.0
tmdb_63,2116,5.0
tmdb_63,2268,8.0
tmdb_63,2302,4.0
tmdb_63,2640,9.0
tmdb_63,2699,8.0
tmdb_63,2762,6.0
tmdb_63,2791,8.0
tmdb_63,2959,9.0
tmdb_63,3114,10.0
tmdb_63,3176,10.0
tmdb_63,4369,9.0
tmdb_63,4993,10.0
tmdb_64,110,8.0
tmdb_64,150,6.0
tmdb_64,153,10.0
tmdb_64,165,6.0
tmdb_64,168,6.0
tmdb_64,231,6.0
tmdb_64,253,10.0
tmdb_64,266,10.0
tmdb_64,296,10.0
tmdb_64,318,10.0
tmdb_64,329,8.0
tmdb_64,344,4.0
tmdb_64,349,8.0
tmdb_64,380,8.0
tmdb_64,434,8.0
tmdb_64,457,8.0
tmdb_64,590,10.0
tmdb_64,592,8.0
tmdb_64,593,10.0
tmdb_64,595,6.0
tmdb_65,260,8.0
tmdb_65,858,10.0
tmdb_65,909,10.0
tmdb_65,920,4.0
tmdb_65,924,8.0
tmdb_65,1278,10.0
tmdb_65,1956,6.0
tmdb_65,2064,10.0
tmdb_65,2289,8.0
tmdb_65,5060,10.0
tmdb_66,21,8.0
tmdb_66,22,4.0
tmdb_66,105,4.0
tmdb_66,110,8.0
tmdb_66,260,10.0
tmdb_66,377,8.0
tmdb_66,457,8.0
tmdb_66,480,10.0
tmdb_66,593,8.0
tmdb_66,608,8.0
tmdb_66,832,8.0
tmdb_66,858,10.0
tmdb_66,1092,8.0
tmdb_66,1249,8.0
tmdb_66,1573,6.0
tmdb_66,1580,6.0
tmdb_66,1732,4.0
tmdb_66,1954,10.0
tmdb_66,2000,10.0
tmdb_66,2058,8.0
tmdb_66,2117,10.0
tmdb_66,2268,8.0
tmdb_66,2455,6.0
tmdb_66,2605,8.0
tmdb_66,3763,10.0
tmdb_67,6,10.0
tmdb_67,12,6.0
tmdb_67,16,8.0
tmdb_67,17,8.0
tmdb_67,18,8.0
tmdb_67,28,10.0
tmdb_67,62,6.0
tmdb_67,86,10.0
tmdb_67,88,6.0
tmdb_67,95,2.0
tmdb_67,104,6.0
tmdb_67,107,6.0
tmdb_67,110,10.0
tmdb_67,112,6.0
tmdb_67,141,2.0
tmdb_67,198,8.0
tmdb_67,238,6.0
tmdb_67,260,8.0
tmdb_67,265,10.0
tmdb_67,266,6.0
tmdb_67,272,10.0
tmdb_67,277,8.0
tmdb_67,279,10.0
tmdb_67,280,10.0
tmdb_67,288,8.0
tmdb_67,293,8.0
tmdb_67,294,6.0
tmdb_67,296,10.0
tmdb_67,314,10.0
tmdb_67,316,6.0
tmdb_67,318,10.0
tmdb_67,337,8.0
tmdb_67,350,6.0
tmdb_67,364,10.0
tmdb_67,383,8.0
tmdb_67,431,8.0
tmdb_67,434,4.0
tmdb_67,452,10.0
tmdb_67,454,4.0
tmdb_67,457,8.0
tmdb_67,475,10.0
tmdb_67,480,10.0
tmdb_67,493,8.0
tmdb_67,509,10.0
tmdb_67,524,6.0
tmdb_67,531,10.0
tmdb_67,541,8.0
tmdb_67,553,8.0
tmdb_67,586,8.0
tmdb_67,587,6.0
tmdb_67,590,10.0
tmdb_67,592,6.0
tmdb_67,593,10.0
tmdb_67,595,8.0
tmdb_67,597,10.0
tmdb_67,609,6.0
tmdb_67,613,8.0
tmdb_67,616,8.0
tmdb_67,628,6.0
tmdb_67,631,6.0
tmdb_67,637,6.0
tmdb_67,648,6.0
tmdb_67,650,10.0
tmdb_67,653,6.0
tmdb_67,664,6.0
tmdb_67,694,6.0
tmdb_67,707,8.0
tmdb_67,708,6.0
tmdb_67,709,8.0
tmdb_67,711,6.0
tmdb_67,780,8.0
tmdb_67,784,6.0
tmdb_67,788,6.0
tmdb_67,849,6.0
tmdb_67,1073,8.0
tmdb_68,2,6.0
tmdb_68,11,7.0
tmdb_68,150,8.0
tmdb_68,260,6.0
tmdb_68,317,6.0
tmdb_68,318,8.0
tmdb_68,380,8.0
tmdb_68,454,8.0
tmdb_68,457,8.0
tmdb_68,468,6.0
tmdb_68,480,8.0
tmdb_68,500,8.0
tmdb_68,527,7.0
tmdb_68,539,7.0
tmdb_68,541,7.0
tmdb_68,586,7.0
tmdb_68,587,8.0
tmdb_68,590,7.0
tmdb_68,592,7.0
tmdb_68,597,6.0
tmdb_68,778,5.0
tmdb_68,780,7.0
tmdb_68,912,8.0
tmdb_68,914,8.0
tmdb_68,934,7.0
tmdb_68,953,8.0
tmdb_68,1073,6.0
tmdb_68,1265,9.0
tmdb_68,1278,8.0
tmdb_68,1376,8.0
tmdb_68,1393,8.0
tmdb_68,1580,8.0
tmdb_68,1608,8.0
tmdb_68,1721,6.0
tmdb_68,1923,8.0
tmdb_68,1951,8.0
tmdb_68,1959,9.0
tmdb_68,2469,7.0
tmdb_68,2762,8.0
tmdb_68,2779,7.0
tmdb_68,2791,7.0
tmdb_68,3072,7.0
tmdb_68,3699,8.0
tmdb_68,4886,7.0
tmdb_68,4993,10.0
tmdb_68,4995,8.0
tmdb_68,5816,8.0
tmdb_68,5995,3.0
tmdb_68,6373,6.0
tmdb_68,8961,8.0
tmdb_68,30707,5.0
tmdb_68,31374,8.0
tmdb_68,31658,7.0
tmdb_68,31685,8.0
tmdb_68,45431,7.0
tmdb_68,46976,7.0
tmdb_69,2,7.0
tmdb_69,5,10.0
tmdb_69,19,8.0
tmdb_69,104,8.0
tmdb_69,158,6.0
tmdb_69,231,8.0
tmdb_69,262,8.0
tmdb_69,296,7.0
tmdb_69,318,10.0
tmdb_69,344,8.0
tmdb_69,364,10.0
tmdb_69,410,7.0
tmdb_69,500,7.0
tmdb_69,527,10.0
tmdb_69,586,9.0
tmdb_69,587,10.0
tmdb_69,595,8.0
tmdb_69,596,6.0
tmdb_69,597,9.0
tmdb_69,788,4.0
tmdb_69,919,9.0
tmdb_69,934,10.0
tmdb_69,1073,9.0
tmdb_69,1265,9.0
tmdb_69,1682,10.0
tmdb_69,1721,9.0
tmdb_69,1954,7.0
tmdb_69,1968,9.0
tmdb_69,2011,9.0
tmdb_69,2012,9.0
tmdb_69,2028,9.0
tmdb_69,2054,5.0
tmdb_69,2059,7.0
tmdb_69,2302,9.0
tmdb_69,2321,8.0
tmdb_69,2355,9.0
tmdb_69,3114,10.0
tmdb_69,4254,7.0
tmdb_69,4886,10.0
tmdb_69,4896,9.0
tmdb_69,4993,10.0
tmdb_69,5816,9.0
tmdb_69,8961,8.0
tmdb_70,3,10.0
tmdb_70,5,10.0
tmdb_70,12,6.0
tmdb_70,14,6.0
tmdb_70,17,8.0
tmdb_70,25,10.0
tmdb_70,26,10.0
tmdb_70,58,10.0
tmdb_70,62,10.0
tmdb_70,63,8.0
tmdb_70,65,6.0
tmdb_70,76,8.0
tmdb_70,79,8.0
tmdb_70,81,8.0
tmdb_70,82,8.0
tmdb_70,86,8.0
tmdb_70,88,6.0
tmdb_70,95,10.0
tmdb_70,100,8.0
tmdb_70,104,6.0
tmdb_70,107,10.0
tmdb_70,112,10.0
tmdb_70,135,8.0
tmdb_70,141,10.0
tmdb_70,494,6.0
tmdb_70,608,10.0
tmdb_70,609,10.0
tmdb_70,613,10.0
tmdb_70,628,10.0
tmdb_70,631,10.0
tmdb_70,637,6.0
tmdb_70,640,6.0
tmdb_70,648,6.0
tmdb_70,653,10.0
tmdb_70,661,10.0
tmdb_70,663,6.0
tmdb_70,667,10.0
tmdb_70,671,6.0
tmdb_70,673,6.0
tmdb_70,694,10.0
tmdb_70,704,8.0
tmdb_70,707,10.0
tmdb_70,708,10.0
tmdb_70,711,8.0
tmdb_70,745,8.0
tmdb_70,761,6.0
tmdb_70,762,8.0
tmdb_70,780,8.0
tmdb_70,784,6.0
tmdb_70,786,10.0
tmdb_70,788,10.0
tmdb_70,799,8.0
tmdb_70,802,10.0
tmdb_70,805,10.0
tmdb_70,810,6.0
tmdb_70,832,10.0
tmdb_70,839,10.0
tmdb_70,849,10.0
tmdb_70,880,8.0
tmdb_70,891,8.0
tmdb_70,1059,10.0
tmdb_70,1073,10.0
tmdb_70,1367,10.0
tmdb_71,581,8.0
tmdb_71,1259,8.0
tmdb_71,1284,10.0
tmdb_71,1673,8.0
tmdb_71,1957,8.0
tmdb_71,3125,8.0
tmdb_71,3160,10.0
tmdb_72,2,5.0
tmdb_72,110,7.0
tmdb_72,150,7.0
tmdb_72,260,6.0
tmdb_72,296,8.0
tmdb_72,318,8.0
tmdb_72,480,6.0
tmdb_72,527,8.0
tmdb_72,541,8.0
tmdb_72,593,7.0
tmdb_72,608,8.0
tmdb_72,778,8.0
tmdb_72,858,9.0
tmdb_72,912,7.0
tmdb_72,924,8.0
tmdb_72,1213,8.0
tmdb_72,1246,7.0
tmdb_72,1682,7.0
tmdb_72,1961,7.0
tmdb_72,2006,5.0
tmdb_72,2028,7.0
tmdb_72,2324,8.0
tmdb_72,2395,7.0
tmdb_72,2762,8.0
tmdb_72,2959,8.0
tmdb_72,3114,6.0
tmdb_72,4011,7.0
tmdb_72,4025,3.0
tmdb_72,4226,8.0
tmdb_72,4886,6.0
tmdb_72,4973,7.0
tmdb_72,4993,6.0
tmdb_72,4995,7.0
tmdb_72,5995,7.0
tmdb_72,6934,4.0
tmdb_72,8874,6.0
tmdb_72,8961,4.0
tmdb_72,31696,6.0
tmdb_72,41566,6.0
tmdb_72,44191,7.0
tmdb_72,48385,6.0
tmdb_72,51540,6.0
tmdb_72,54272,7.0
tmdb_72,58559,7.0
tmdb_72,74458,6.0
tmdb_72,89492,7.0
tmdb_72,104374,7.0
tmdb_73,2,5.0
tmdb_73,6,9.0
tmdb_73,15,5.0
tmdb_73,16,8.0
tmdb_73,19,3.0
tmdb_73,21,7.0
tmdb_73,25,9.0
tmdb_73,63,7.0
tmdb_73,65,4.0
tmdb_73,69,8.0
tmdb_73,70,7.0
tmdb_73,98,6.0
tmdb_73,101,7.0
tmdb_73,104,5.0
tmdb_73,107,6.0
tmdb_73,110,8.0
tmdb_73,111,7.0
tmdb_73,112,7.0
tmdb_73,145,6.0
tmdb_73,147,9.0
tmdb_73,150,7.0
tmdb_73,153,2.0
tmdb_73,158,4.0
tmdb_73,160,6.0
tmdb_73,163,7.0
tmdb_73,165,7.0
tmdb_73,168,5.0
tmdb_73,169,1.0
tmdb_73,172,7.0
tmdb_73,173,6.0
tmdb_73,175,9.0
tmdb_73,177,6.0
tmdb_73,180,7.0
tmdb_73,185,5.0
tmdb_73,193,6.0
tmdb_73,198,8.0
tmdb_73,215,10.0
tmdb_73,216,8.0
tmdb_73,223,9.0
tmdb_73,231,7.0
tmdb_73,233,8.0
tmdb_73,235,8.0
tmdb_73,239,6.0
tmdb_73,246,9.0
tmdb_73,247,8.0
tmdb_73,253,7.0
tmdb_73,256,5.0
tmdb_73,258,4.0
tmdb_73,260,9.0
tmdb_73,266,8.0
tmdb_73,267,6.0
tmdb_73,288,7.0
tmdb_73,292,6.0
tmdb_73,293,10.0
tmdb_73,296,10.0
tmdb_73,300,8.0
tmdb_73,316,6.0
tmdb_73,318,10.0
tmdb_73,319,8.0
tmdb_73,322,9.0
tmdb_73,327,5.0
tmdb_73,337,7.0
tmdb_73,338,6.0
tmdb_73,344,4.0
tmdb_73,349,6.0
tmdb_73,364,10.0
tmdb_73,377,6.0
tmdb_73,380,6.0
tmdb_73,407,7.0
tmdb_73,409,5.0
tmdb_73,410,5.0
tmdb_73,431,7.0
tmdb_73,435,5.0
tmdb_73,441,7.0
tmdb_73,442,7.0
tmdb_73,457,8.0
tmdb_73,466,5.0
tmdb_73,480,8.0
tmdb_73,481,7.0
tmdb_73,482,8.0
tmdb_73,493,8.0
tmdb_73,497,7.0
tmdb_73,500,7.0
tmdb_73,502,6.0
tmdb_73,507,7.0
tmdb_73,508,8.0
tmdb_73,510,1.0
tmdb_73,522,6.0
tmdb_73,527,10.0
tmdb_73,541,9.0
tmdb_73,551,7.0
tmdb_73,553,8.0
tmdb_73,575,7.0
tmdb_73,585,5.0
tmdb_73,586,7.0
tmdb_73,588,10.0
tmdb_73,590,9.0
tmdb_73,592,8.0
tmdb_73,593,9.0
tmdb_73,594,7.0
tmdb_73,595,9.0
tmdb_73,596,7.0
tmdb_73,597,6.0
tmdb_73,608,8.0
tmdb_73,628,9.0
tmdb_73,631,6.0
tmdb_73,648,6.0
tmdb_73,653,5.0
tmdb_73,673,6.0
tmdb_73,694,6.0
tmdb_73,704,6.0
tmdb_73,708,5.0
tmdb_73,742,5.0
tmdb_73,745,8.0
tmdb_73,761,5.0
tmdb_73,778,10.0
tmdb_73,780,7.0
tmdb_73,784,2.0
tmdb_73,786,4.0
tmdb_73,788,5.0
tmdb_73,799,7.0
tmdb_73,802,6.0
tmdb_73,832,5.0
tmdb_73,849,7.0
tmdb_73,858,10.0
tmdb_73,880,5.0
tmdb_73,909,8.0
tmdb_73,919,8.0
tmdb_73,924,3.0
tmdb_73,940,9.0
tmdb_73,968,8.0
tmdb_73,1049,7.0
tmdb_73,1059,7.0
tmdb_73,1089,7.0
tmdb_73,1090,10.0
tmdb_73,1093,4.0
tmdb_73,1127,8.0
tmdb_73,1213,10.0
tmdb_73,1245,8.0
tmdb_73,1246,7.0
tmdb_73,1252,8.0
tmdb_73,1255,9.0
tmdb_73,1257,8.0
tmdb_73,1259,7.0
tmdb_73,1262,8.0
tmdb_73,1265,8.0
tmdb_73,1266,9.0
tmdb_73,1282,8.0
tmdb_73,1285,7.0
tmdb_73,1358,8.0
tmdb_73,1359,4.0
tmdb_73,1367,5.0
tmdb_73,1370,6.0
tmdb_73,1372,7.0
tmdb_73,1374,8.0
tmdb_73,1377,7.0
tmdb_73,1380,8.0
tmdb_73,1387,8.0
tmdb_73,1391,6.0
tmdb_73,1393,8.0
tmdb_73,1394,8.0
tmdb_73,1396,8.0
tmdb_73,1405,7.0
tmdb_73,1407,8.0
tmdb_73,1408,6.0
tmdb_73,1479,5.0
tmdb_73,1485,7.0
tmdb_73,1499,4.0
tmdb_73,1544,6.0
tmdb_73,1552,5.0
tmdb_73,1562,1.0
tmdb_73,1566,8.0
tmdb_73,1573,7.0
tmdb_73,1580,6.0
tmdb_73,1584,6.0
tmdb_73,1587,8.0
tmdb_73,1590,9.0
tmdb_73,1591,6.0
tmdb_73,1595,1.0
tmdb_73,1597,7.0
tmdb_73,1599,2.0
tmdb_73,1608,7.0
tmdb_73,1639,7.0
tmdb_73,1644,3.0
tmdb_73,1645,6.0
tmdb_73,1653,7.0
tmdb_73,1673,8.0
tmdb_73,1676,6.0
tmdb_73,1682,9.0
tmdb_73,1690,4.0
tmdb_73,1721,1.0
tmdb_73,1729,7.0
tmdb_73,1732,8.0
tmdb_73,1779,6.0
tmdb_73,1785,7.0
tmdb_73,1792,5.0
tmdb_73,1826,2.0
tmdb_73,1840,7.0
tmdb_73,1858,6.0
tmdb_73,1882,2.0
tmdb_73,1884,7.0
tmdb_73,1909,7.0
tmdb_73,1911,6.0
tmdb_73,1912,9.0
tmdb_73,1917,4.0
tmdb_73,1920,5.0
tmdb_73,1923,6.0
tmdb_73,1954,9.0
tmdb_73,1961,8.0
tmdb_73,1965,7.0
tmdb_73,1967,10.0
tmdb_73,1968,9.0
tmdb_73,1991,7.0
tmdb_73,1994,8.0
tmdb_73,1997,8.0
tmdb_73,2000,8.0
tmdb_73,2003,9.0
tmdb_73,2004,8.0
tmdb_73,2005,10.0
tmdb_73,2006,6.0
tmdb_73,2009,8.0
tmdb_73,2011,8.0
tmdb_73,2012,5.0
tmdb_73,2018,9.0
tmdb_73,2021,7.0
tmdb_73,2023,5.0
tmdb_73,2028,9.0
tmdb_73,2054,7.0
tmdb_73,2058,5.0
tmdb_73,2078,10.0
tmdb_73,2080,7.0
tmdb_73,2082,7.0
tmdb_73,2087,7.0
tmdb_73,2089,7.0
tmdb_73,2093,8.0
tmdb_73,2105,6.0
tmdb_73,2115,10.0
tmdb_73,2123,8.0
tmdb_73,2124,7.0
tmdb_73,2134,8.0
tmdb_73,2140,8.0
tmdb_73,2142,7.0
tmdb_73,2143,7.0
tmdb_73,2144,9.0
tmdb_73,2148,7.0
tmdb_73,2161,7.0
tmdb_73,2164,2.0
tmdb_73,2193,8.0
tmdb_73,2195,6.0
tmdb_73,2232,8.0
tmdb_73,2252,8.0
tmdb_73,2288,8.0
tmdb_73,2289,8.0
tmdb_73,2291,7.0
tmdb_73,2294,7.0
tmdb_73,2302,6.0
tmdb_73,2321,6.0
tmdb_73,2324,7.0
tmdb_73,2335,6.0
tmdb_73,2355,6.0
tmdb_73,2360,8.0
tmdb_73,2395,9.0
tmdb_73,2428,4.0
tmdb_73,2455,8.0
tmdb_73,2459,9.0
tmdb_73,2460,6.0
tmdb_73,2470,6.0
tmdb_73,2502,9.0
tmdb_73,2528,7.0
tmdb_73,2605,4.0
tmdb_73,2617,7.0
tmdb_73,2657,4.0
tmdb_73,2671,6.0
tmdb_73,2687,8.0
tmdb_73,2694,6.0
tmdb_73,2699,6.0
tmdb_73,2722,5.0
tmdb_73,2728,8.0
tmdb_73,2734,6.0
tmdb_73,2761,5.0
tmdb_73,2762,8.0
tmdb_73,2770,6.0
tmdb_73,2791,7.0
tmdb_73,2798,6.0
tmdb_73,2841,8.0
tmdb_73,2860,6.0
tmdb_73,2900,6.0
tmdb_73,2924,9.0
tmdb_73,2959,10.0
tmdb_73,2974,2.0
tmdb_73,3016,8.0
tmdb_73,3019,8.0
tmdb_73,3033,7.0
tmdb_73,3034,9.0
tmdb_73,3036,8.0
tmdb_73,3052,6.0
tmdb_73,3082,5.0
tmdb_73,3101,7.0
tmdb_73,3104,8.0
tmdb_73,3114,8.0
tmdb_73,3146,4.0
tmdb_73,3160,7.0
tmdb_73,3173,5.0
tmdb_73,3175,5.0
tmdb_73,3426,7.0
tmdb_73,3476,8.0
tmdb_73,3479,8.0
tmdb_73,3489,7.0
tmdb_73,3554,6.0
tmdb_73,3573,1.0
tmdb_73,3574,1.0
tmdb_73,3581,8.0
tmdb_73,3593,1.0
tmdb_73,3681,9.0
tmdb_73,3687,7.0
tmdb_73,4011,9.0
tmdb_73,4025,5.0
tmdb_73,4034,9.0
tmdb_73,4105,8.0
tmdb_73,4148,6.0
tmdb_73,4226,9.0
tmdb_73,4232,1.0
tmdb_73,4255,1.0
tmdb_73,4351,8.0
tmdb_73,4369,10.0
tmdb_73,4415,7.0
tmdb_73,4437,7.0
tmdb_73,4441,6.0
tmdb_73,4488,7.0
tmdb_73,4519,10.0
tmdb_73,4553,9.0
tmdb_73,4614,7.0
tmdb_73,4638,6.0
tmdb_73,4641,8.0
tmdb_73,4643,5.0
tmdb_73,4701,6.0
tmdb_73,4728,3.0
tmdb_73,4734,6.0
tmdb_73,4816,4.0
tmdb_73,4823,6.0
tmdb_73,4886,6.0
tmdb_73,4896,6.0
tmdb_73,4974,6.0
tmdb_73,4975,7.0
tmdb_73,4989,6.0
tmdb_73,4993,10.0
tmdb_73,4995,9.0
tmdb_73,5040,7.0
tmdb_73,5055,6.0
tmdb_73,5064,8.0
tmdb_73,5139,7.0
tmdb_73,5146,8.0
tmdb_73,5165,8.0
tmdb_73,5205,7.0
tmdb_73,5481,4.0
tmdb_73,5691,5.0
tmdb_73,5816,6.0
tmdb_73,5902,8.0
tmdb_73,5955,7.0
tmdb_73,5956,7.0
tmdb_73,5991,3.0
tmdb_73,6016,10.0
tmdb_73,6373,5.0
tmdb_73,6440,8.0
tmdb_73,6537,4.0
tmdb_73,6593,1.0
tmdb_73,6615,3.0
tmdb_73,6934,4.0
tmdb_73,6936,4.0
tmdb_73,6947,6.0
tmdb_73,6957,4.0
tmdb_73,6977,6.0
tmdb_73,7007,8.0
tmdb_73,7090,8.0
tmdb_73,7346,6.0
tmdb_73,7445,7.0
tmdb_73,7454,3.0
tmdb_73,7984,7.0
tmdb_73,8340,9.0
tmdb_73,8363,3.0
tmdb_73,8373,5.0
tmdb_73,8665,6.0
tmdb_73,8810,4.0
tmdb_73,8854,7.0
tmdb_73,8859,1.0
tmdb_73,8874,8.0
tmdb_73,8906,8.0
tmdb_73,8914,6.0
tmdb_73,8961,6.0
tmdb_73,8984,5.0
tmdb_73,26258,9.0
tmdb_73,26480,6.0
tmdb_73,26547,9.0
tmdb_73,26603,7.0
tmdb_73,26606,8.0
tmdb_73,26736,8.0
tmdb_73,26842,8.0
tmdb_73,27022,9.0
tmdb_73,27317,9.0
tmdb_73,27646,9.0
tmdb_73,27706,6.0
tmdb_73,27793,4.0
tmdb_73,27904,7.0
tmdb_73,30707,9.0
tmdb_73,31150,8.0
tmdb_73,31225,7.0
tmdb_73,31685,6.0
tmdb_73,31696,6.0
tmdb_73,32387,8.0
tmdb_73,33166,10.0
tmdb_73,34530,4.0
tmdb_73,39446,7.0
tmdb_73,40732,8.0
tmdb_73,40815,7.0
tmdb_73,41566,6.0
tmdb_73,42725,7.0
tmdb_73,43838,7.0
tmdb_73,43919,2.0
tmdb_73,43936,6.0
tmdb_73,44191,8.0
tmdb_73,44245,8.0
tmdb_73,45186,5.0
tmdb_73,45722,7.0
tmdb_73,45726,5.0
tmdb_73,46972,7.0
tmdb_73,46976,8.0
tmdb_73,48385,7.0
tmdb_73,48591,1.0
tmdb_73,49526,5.0
tmdb_73,49530,7.0
tmdb_73,51277,9.0
tmdb_73,51540,8.0
tmdb_73,54272,6.0
tmdb_73,55207,8.0
tmdb_73,55721,9.0
tmdb_73,58293,2.0
tmdb_73,58559,10.0
tmdb_73,59387,7.0
tmdb_73,59995,9.0
tmdb_73,61348,1.0
tmdb_73,64197,8.0
tmdb_73,69746,5.0
tmdb_73,71520,8.0
tmdb_73,74458,9.0
tmdb_73,74545,8.0
tmdb_73,74948,8.0
tmdb_73,77866,5.0
tmdb_73,79553,7.0
tmdb_73,80219,8.0
tmdb_73,83613,6.0
tmdb_73,84944,8.0
tmdb_73,122924,7.0
tmdb_74,16,6.0
tmdb_74,17,8.0
tmdb_74,104,8.0
tmdb_74,110,10.0
tmdb_74,153,8.0
tmdb_74,260,10.0
tmdb_74,527,10.0
tmdb_74,592,10.0
tmdb_74,612,2.0
tmdb_74,912,10.0
tmdb_74,1059,8.0
tmdb_74,1272,10.0
tmdb_74,1377,8.0
tmdb_74,1562,8.0
tmdb_74,1584,10.0
tmdb_74,1721,4.0
tmdb_74,1722,10.0
tmdb_74,1917,8.0
tmdb_74,1918,10.0
tmdb_74,1954,6.0
tmdb_74,1961,8.0
tmdb_74,2000,8.0
tmdb_74,2002,8.0
tmdb_74,2028,10.0
tmdb_74,2640,6.0
tmdb_74,2762,8.0
tmdb_75,3,6.0
tmdb_75,161,8.0
tmdb_75,253,9.0
tmdb_75,260,9.0
tmdb_75,316,4.0
tmdb_75,318,8.0
tmdb_75,350,6.0
tmdb_75,377,8.0
tmdb_75,379,1.0
tmdb_75,442,4.0
tmdb_75,480,6.0
tmdb_75,509,1.0
tmdb_75,527,8.0
tmdb_75,541,8.0
tmdb_75,592,2.0
tmdb_75,708,8.0
tmdb_75,786,2.0
tmdb_75,800,6.0
tmdb_75,858,2.0
tmdb_75,880,2.0
tmdb_75,899,6.0
tmdb_75,923,9.0
tmdb_75,953,8.0
tmdb_75,955,8.0
tmdb_75,1127,6.0
tmdb_75,1253,8.0
tmdb_75,1259,8.0
tmdb_75,1265,7.0
tmdb_75,1272,8.0
tmdb_75,1278,8.0
tmdb_75,1358,1.0
tmdb_75,1376,1.0
tmdb_75,1441,7.0
tmdb_75,1580,5.0
tmdb_75,1584,8.0
tmdb_75,1672,8.0
tmdb_75,1721,6.0
tmdb_75,1917,1.0
tmdb_75,1967,6.0
tmdb_75,1994,6.0
tmdb_75,2003,6.0
tmdb_75,2005,7.0
tmdb_75,2011,9.0
tmdb_75,2012,7.0
tmdb_75,2115,6.0
tmdb_75,2134,6.0
tmdb_75,2161,9.0
tmdb_75,2176,8.0
tmdb_75,2300,8.0
tmdb_75,2302,8.0
tmdb_75,2355,4.0
tmdb_75,2371,6.0
tmdb_75,2455,9.0
tmdb_75,2502,8.0
tmdb_75,2841,9.0
tmdb_75,2959,7.0
tmdb_75,3007,8.0
tmdb_75,3033,8.0
tmdb_75,3087,7.0
tmdb_75,4226,9.0
tmdb_75,4973,8.0
tmdb_75,4975,9.0
tmdb_75,4993,9.0
tmdb_75,6537,6.0
tmdb_75,33166,9.0
tmdb_75,39446,8.0
tmdb_76,303,6.0
tmdb_76,531,6.0
tmdb_76,954,8.0
tmdb_76,1269,7.0
tmdb_76,2020,9.0
tmdb_76,2087,7.0
tmdb_76,44694,9.0
tmdb_76,49530,7.0
tmdb_77,6,7.0
tmdb_77,62,7.0
tmdb_77,70,7.0
tmdb_77,76,7.0
tmdb_77,95,3.0
tmdb_77,110,7.0
tmdb_77,111,8.0
tmdb_77,141,6.0
tmdb_77,161,4.0
tmdb_77,163,6.0
tmdb_77,165,5.0
tmdb_77,173,5.0
tmdb_77,185,4.0
tmdb_77,223,9.0
tmdb_77,231,2.0
tmdb_77,253,5.0
tmdb_77,260,8.0
tmdb_77,288,7.0
tmdb_77,292,5.0
tmdb_77,293,8.0
tmdb_77,296,7.0
tmdb_77,316,8.0
tmdb_77,318,8.0
tmdb_77,329,4.0
tmdb_77,339,5.0
tmdb_77,344,6.0
tmdb_77,349,7.0
tmdb_77,364,6.0
tmdb_77,377,5.0
tmdb_77,380,5.0
tmdb_77,442,6.0
tmdb_77,457,5.0
tmdb_77,480,6.0
tmdb_77,500,6.0
tmdb_77,541,4.0
tmdb_77,551,9.0
tmdb_77,586,3.0
tmdb_77,587,5.0
tmdb_77,588,7.0
tmdb_77,590,6.0
tmdb_77,592,7.0
tmdb_77,593,6.0
tmdb_77,595,7.0
tmdb_77,597,5.0
tmdb_77,608,4.0
tmdb_77,648,5.0
tmdb_77,745,6.0
tmdb_77,750,9.0
tmdb_77,780,7.0
tmdb_77,839,6.0
tmdb_77,849,5.0
tmdb_77,919,9.0
tmdb_77,924,7.0
tmdb_77,1073,8.0
tmdb_77,1262,9.0
tmdb_77,1265,8.0
tmdb_77,1278,7.0
tmdb_77,1282,9.0
tmdb_77,1380,6.0
tmdb_77,1387,7.0
tmdb_77,1393,4.0
tmdb_77,1552,7.0
tmdb_77,1580,7.0
tmdb_77,1584,3.0
tmdb_77,1591,5.0
tmdb_77,1610,8.0
tmdb_77,1653,7.0
tmdb_77,1676,8.0
tmdb_77,1682,7.0
tmdb_77,1721,4.0
tmdb_77,1732,7.0
tmdb_77,1779,5.0
tmdb_77,1917,4.0
tmdb_77,1923,4.0
tmdb_77,1961,5.0
tmdb_77,1967,9.0
tmdb_77,1968,6.0
tmdb_77,2000,7.0
tmdb_77,2001,7.0
tmdb_77,2005,8.0
tmdb_77,2011,8.0
tmdb_77,2012,7.0
tmdb_77,2021,7.0
tmdb_77,2054,5.0
tmdb_77,2105,8.0
tmdb_77,2115,8.0
tmdb_77,2140,9.0
tmdb_77,2275,9.0
tmdb_77,2291,7.0
tmdb_77,2321,8.0
tmdb_77,2355,7.0
tmdb_77,2395,4.0
tmdb_77,2502,9.0
tmdb_77,2528,7.0
tmdb_77,2640,7.0
tmdb_77,2671,5.0
tmdb_77,2762,8.0
tmdb_77,2788,8.0
tmdb_77,2959,8.0
tmdb_77,3033,8.0
tmdb_77,3052,9.0
tmdb_77,3114,7.0
tmdb_77,3175,7.0
tmdb_77,3396,8.0
tmdb_77,3397,7.0
tmdb_77,3418,1.0
tmdb_77,4011,9.0
tmdb_77,4499,9.0
tmdb_77,4886,8.0
tmdb_77,4896,6.0
tmdb_77,4993,6.0
tmdb_77,5816,6.0
tmdb_77,6537,7.0
tmdb_77,6934,5.0
tmdb_77,8665,8.0
tmdb_77,8874,9.0
tmdb_77,8961,8.0
tmdb_77,31150,7.0
tmdb_77,31221,5.0
tmdb_77,31658,8.0
tmdb_77,40732,5.0
tmdb_77,44191,9.0
tmdb_77,45722,8.0
tmdb_77,47518,8.0
tmdb_78,2,7.0
tmdb_78,16,10.0
tmdb_78,110,3.0
tmdb_78,111,7.0
tmdb_78,141,8.0
tmdb_78,150,7.0
tmdb_78,172,10.0
tmdb_78,185,9.0
tmdb_78,193,10.0
tmdb_78,223,9.0
tmdb_78,253,10.0
tmdb_78,260,10.0
tmdb_78,296,9.0
tmdb_78,316,8.0
tmdb_78,318,10.0
tmdb_78,329,10.0
tmdb_78,345,9.0
tmdb_78,349,9.0
tmdb_78,364,7.0
tmdb_78,377,9.0
tmdb_78,480,7.0
tmdb_78,500,8.0
tmdb_78,508,8.0
tmdb_78,540,8.0
tmdb_78,588,7.0
tmdb_78,593,9.0
tmdb_78,648,10.0
tmdb_78,778,9.0
tmdb_78,780,8.0
tmdb_78,788,7.0
tmdb_78,858,9.0
tmdb_78,919,7.0
tmdb_78,924,4.0
tmdb_78,1059,9.0
tmdb_78,1089,2.0
tmdb_78,1213,9.0
tmdb_78,1265,4.0
tmdb_78,1371,8.0
tmdb_78,1374,8.0
tmdb_78,1375,10.0
tmdb_78,1376,6.0
tmdb_78,1407,9.0
tmdb_78,1552,8.0
tmdb_78,1580,5.0
tmdb_78,1584,10.0
tmdb_78,1586,7.0
tmdb_78,1610,10.0
tmdb_78,1644,9.0
tmdb_78,1676,10.0
tmdb_78,1680,10.0
tmdb_78,1682,7.0
tmdb_78,1690,8.0
tmdb_78,1717,10.0
tmdb_78,1721,8.0
tmdb_78,1722,9.0
tmdb_78,1732,10.0
tmdb_78,1917,9.0
tmdb_78,1923,3.0
tmdb_78,1968,10.0
tmdb_78,1997,8.0
tmdb_78,2011,9.0
tmdb_78,2012,8.0
tmdb_78,2028,5.0
tmdb_78,2107,6.0
tmdb_78,2297,8.0
tmdb_78,2334,10.0
tmdb_78,2617,10.0
tmdb_78,2657,4.0
tmdb_78,2959,10.0
tmdb_78,3052,8.0
tmdb_78,3077,10.0
tmdb_78,3082,9.0
tmdb_78,3418,10.0
tmdb_78,4011,10.0
tmdb_78,4025,10.0
tmdb_78,4226,10.0
tmdb_78,4369,9.0
tmdb_78,4641,10.0
tmdb_78,4643,10.0
tmdb_78,4896,5.0
tmdb_78,4973,10.0
tmdb_78,4974,10.0
tmdb_78,4993,9.0
tmdb_78,4995,9.0
tmdb_78,5693,8.0
tmdb_78,6016,10.0
tmdb_78,6537,7.0
tmdb_78,6552,8.0
tmdb_78,6793,8.0
tmdb_78,6934,10.0
tmdb_78,8464,7.0
tmdb_78,8665,10.0
tmdb_78,8874,8.0
tmdb_78,26712,10.0
tmdb_78,33166,10.0
tmdb_78,38499,10.0
tmdb_78,40815,7.0
tmdb_78,44191,7.0
tmdb_78,51935,10.0
tmdb_78,54272,9.0
tmdb_78,58559,10.0
tmdb_79,2,5.0
tmdb_79,150,5.0
tmdb_79,260,6.0
tmdb_79,344,4.0
tmdb_79,468,1.0
tmdb_79,480,6.0
tmdb_79,587,5.0
tmdb_79,588,5.0
tmdb_79,592,5.0
tmdb_79,648,5.0
tmdb_79,778,6.0
tmdb_79,780,5.0
tmdb_79,924,4.0
tmdb_79,1580,6.0
tmdb_79,1721,5.0
tmdb_79,1917,5.0
tmdb_79,2013,5.0
tmdb_79,2640,5.0
tmdb_79,3478,6.0
tmdb_79,4886,6.0
tmdb_79,4993,6.0
tmdb_79,42738,5.0
tmdb_79,49530,7.0
tmdb_80,2,4.0
tmdb_80,6,8.0
tmdb_80,16,10.0
tmdb_80,20,2.0
tmdb_80,21,8.0
tmdb_80,25,8.0
tmdb_80,73,10.0
tmdb_80,89,6.0
tmdb_80,93,2.0
tmdb_80,95,4.0
tmdb_80,100,4.0
tmdb_80,105,6.0
tmdb_80,112,8.0
tmdb_80,141,6.0
tmdb_80,156,10.0
tmdb_80,608,10.0
tmdb_80,616,8.0
tmdb_80,661,8.0
tmdb_80,671,8.0
tmdb_80,745,10.0
tmdb_80,762,4.0
tmdb_80,778,10.0
tmdb_80,780,8.0
tmdb_80,783,10.0
tmdb_80,800,10.0
tmdb_80,802,6.0
tmdb_80,805,8.0
tmdb_81,111,8.0
tmdb_81,154,8.0
tmdb_81,306,8.0
tmdb_81,308,7.0
tmdb_81,318,6.0
tmdb_81,509,6.0
tmdb_81,549,9.0
tmdb_81,668,10.0
tmdb_81,750,8.0
tmdb_81,872,10.0
tmdb_81,899,7.0
tmdb_81,903,8.0
tmdb_81,910,10.0
tmdb_81,922,10.0
tmdb_81,924,8.0
tmdb_81,1213,6.0
tmdb_81,1251,9.0
tmdb_81,1719,9.0
tmdb_81,1913,6.0
tmdb_81,1921,8.0
tmdb_81,2010,10.0
tmdb_81,2959,8.0
tmdb_81,3083,8.0
tmdb_81,3160,8.0
tmdb_81,4271,10.0
tmdb_81,4437,8.0
tmdb_81,4658,10.0
tmdb_81,4928,6.0
tmdb_81,5147,8.0
tmdb_81,5971,9.0
tmdb_81,6440,9.0
tmdb_81,6641,9.0
tmdb_81,6643,8.0
tmdb_81,7979,9.0
tmdb_81,8014,7.0
tmdb_81,8199,9.0
tmdb_81,8327,8.0
tmdb_81,8338,9.0
tmdb_81,8367,8.0
tmdb_81,8983,8.0
tmdb_81,26258,10.0
tmdb_81,26326,9.0
tmdb_81,26578,10.0
tmdb_81,43899,6.0
tmdb_81,44694,6.0
tmdb_81,52528,8.0
tmdb_82,21,6.0
tmdb_82,110,10.0
tmdb_82,150,8.0
tmdb_82,153,6.0
tmdb_82,160,4.0
tmdb_82,165,6.0
tmdb_82,231,8.0
tmdb_82,253,10.0
tmdb_82,266,8.0
tmdb_82,288,6.0
tmdb_82,292,6.0
tmdb_82,296,10.0
tmdb_82,300,8.0
tmdb_82,316,4.0
tmdb_82,318,10.0
tmdb_82,329,4.0
tmdb_82,339,8.0
tmdb_82,344,6.0
tmdb_82,364,8.0
tmdb_82,380,6.0
tmdb_82,410,6.0
tmdb_82,434,6.0
tmdb_82,435,6.0
tmdb_82,454,6.0
tmdb_82,457,6.0
tmdb_82,588,8.0
tmdb_82,590,8.0
tmdb_82,592,6.0
tmdb_82,593,8.0
tmdb_82,595,10.0
tmdb_83,6,10.0
tmdb_83,21,2.0
tmdb_83,69,7.0
tmdb_83,101,7.0
tmdb_83,141,8.0
tmdb_83,150,10.0
tmdb_83,205,8.0
tmdb_83,224,8.0
tmdb_83,235,9.0
tmdb_83,266,10.0
tmdb_83,272,9.0
tmdb_83,377,5.0
tmdb_83,441,8.0
tmdb_83,480,7.0
tmdb_83,532,7.0
tmdb_83,608,9.0
tmdb_83,663,10.0
tmdb_83,750,10.0
tmdb_83,778,8.0
tmdb_83,799,7.0
tmdb_83,923,9.0
tmdb_83,1247,9.0
tmdb_83,1257,10.0
tmdb_83,1259,9.0
tmdb_83,1265,9.0
tmdb_83,1278,10.0
tmdb_83,1358,1.0
tmdb_83,1394,10.0
tmdb_83,1590,10.0
tmdb_83,1639,9.0
tmdb_83,1653,10.0
tmdb_83,1732,10.0
tmdb_83,1917,4.0
tmdb_83,1920,1.0
tmdb_83,1923,4.0
tmdb_83,1961,10.0
tmdb_83,2000,3.0
tmdb_83,2109,7.0
tmdb_83,2155,8.0
tmdb_83,2291,10.0
tmdb_83,2300,8.0
tmdb_83,2302,8.0
tmdb_83,2324,8.0
tmdb_83,2359,8.0
tmdb_83,2371,7.0
tmdb_83,2395,10.0
tmdb_83,2502,10.0
tmdb_83,2791,10.0
tmdb_83,3022,9.0
tmdb_83,3033,8.0
tmdb_83,3037,8.0
tmdb_83,3087,7.0
tmdb_83,3114,8.0
tmdb_83,3160,1.0
tmdb_83,3176,9.0
tmdb_83,3396,8.0
tmdb_83,4025,7.0
tmdb_83,4034,9.0
tmdb_83,4174,8.0
tmdb_83,4255,3.0
tmdb_83,4558,7.0
tmdb_83,4688,8.0
tmdb_83,4886,8.0
tmdb_83,4975,1.0
tmdb_83,5060,9.0
tmdb_83,5602,7.0
tmdb_83,5902,1.0
tmdb_83,6373,7.0
tmdb_83,6947,10.0
tmdb_83,8874,9.0
tmdb_84,110,8.0
tmdb_84,260,8.0
tmdb_84,296,8.0
tmdb_84,1610,7.0
tmdb_84,2028,6.0
tmdb_84,2268,7.0
tmdb_84,2959,8.0
tmdb_84,3114,7.0
tmdb_84,3980,9.0
tmdb_84,4148,8.0
tmdb_84,4701,7.0
tmdb_84,4886,8.0
tmdb_84,4896,7.0
tmdb_84,4993,9.0
tmdb_84,4995,9.0
tmdb_84,5481,6.0
tmdb_84,6016,8.0
tmdb_84,6373,7.0
tmdb_84,8665,7.0
tmdb_84,8961,8.0
tmdb_84,31696,8.0
tmdb_84,40815,7.0
tmdb_84,45722,7.0
tmdb_84,54272,6.0
tmdb_84,58559,8.0
tmdb_84,74458,8.0
tmdb_85,2,10.0
tmdb_85,3,4.0
tmdb_85,5,6.0
tmdb_85,19,6.0
tmdb_85,21,8.0
tmdb_85,58,2.0
tmdb_85,110,10.0
tmdb_85,153,8.0
tmdb_85,158,2.0
tmdb_85,160,6.0
tmdb_85,161,8.0
tmdb_85,165,8.0
tmdb_85,170,6.0
tmdb_85,172,6.0
tmdb_85,173,8.0
tmdb_85,177,4.0
tmdb_85,185,6.0
tmdb_85,186,6.0
tmdb_85,196,6.0
tmdb_85,203,6.0
tmdb_85,216,6.0
tmdb_85,227,8.0
tmdb_85,231,8.0
tmdb_85,234,8.0
tmdb_85,247,2.0
tmdb_85,253,6.0
tmdb_85,255,10.0
tmdb_85,256,8.0
tmdb_85,261,2.0
tmdb_85,275,6.0
tmdb_85,277,4.0
tmdb_85,288,8.0
tmdb_85,291,2.0
tmdb_85,292,8.0
tmdb_85,293,10.0
tmdb_85,296,10.0
tmdb_85,315,8.0
tmdb_85,316,10.0
tmdb_85,317,8.0
tmdb_85,318,10.0
tmdb_85,327,2.0
tmdb_85,329,10.0
tmdb_85,339,2.0
tmdb_85,344,8.0
tmdb_85,349,10.0
tmdb_85,350,6.0
tmdb_85,364,6.0
tmdb_85,377,10.0
tmdb_85,380,10.0
tmdb_85,405,6.0
tmdb_85,410,8.0
tmdb_85,415,6.0
tmdb_85,434,6.0
tmdb_85,437,6.0
tmdb_85,442,8.0
tmdb_85,454,6.0
tmdb_85,457,10.0
tmdb_85,466,6.0
tmdb_85,480,10.0
tmdb_85,500,8.0
tmdb_85,508,4.0
tmdb_85,527,4.0
tmdb_85,543,8.0
tmdb_85,546,2.0
tmdb_85,548,8.0
tmdb_85,551,2.0
tmdb_85,553,8.0
tmdb_85,586,6.0
tmdb_85,587,6.0
tmdb_85,588,6.0
tmdb_85,590,6.0
tmdb_85,592,8.0
tmdb_85,593,8.0
tmdb_85,594,4.0
tmdb_85,595,6.0
tmdb_85,597,8.0
tmdb_85,616,8.0
tmdb_85,648,10.0
tmdb_85,688,2.0
tmdb_85,709,2.0
tmdb_86,11,2.0
tmdb_86,14,8.0
tmdb_86,17,10.0
tmdb_86,18,10.0
tmdb_86,19,2.0
tmdb_86,21,2.0
tmdb_86,25,6.0
tmdb_86,26,8.0
tmdb_86,28,8.0
tmdb_86,30,10.0
tmdb_86,35,8.0
tmdb_86,58,8.0
tmdb_86,62,6.0
tmdb_86,68,8.0
tmdb_86,73,6.0
tmdb_86,81,10.0
tmdb_86,82,6.0
tmdb_86,85,8.0
tmdb_86,97,8.0
tmdb_86,105,6.0
tmdb_86,110,6.0
tmdb_86,116,8.0
tmdb_86,121,6.0
tmdb_86,124,6.0
tmdb_86,141,8.0
tmdb_86,144,6.0
tmdb_86,147,10.0
tmdb_86,150,8.0
tmdb_86,154,8.0
tmdb_86,159,6.0
tmdb_86,160,4.0
tmdb_86,162,6.0
tmdb_86,171,8.0
tmdb_86,172,6.0
tmdb_86,178,10.0
tmdb_86,180,6.0
tmdb_86,186,2.0
tmdb_86,194,8.0
tmdb_86,198,6.0
tmdb_86,203,8.0
tmdb_86,213,8.0
tmdb_86,218,8.0
tmdb_86,223,10.0
tmdb_86,224,6.0
tmdb_86,229,8.0
tmdb_86,231,2.0
tmdb_86,232,8.0
tmdb_86,235,8.0
tmdb_86,242,8.0
tmdb_86,246,6.0
tmdb_86,247,10.0
tmdb_86,249,8.0
tmdb_86,252,2.0
tmdb_86,253,8.0
tmdb_86,254,8.0
tmdb_86,260,10.0
tmdb_86,261,6.0
tmdb_86,265,8.0
tmdb_86,266,6.0
tmdb_86,269,8.0
tmdb_86,272,8.0
tmdb_86,273,6.0
tmdb_86,287,6.0
tmdb_86,288,6.0
tmdb_86,290,10.0
tmdb_86,292,6.0
tmdb_86,296,10.0
tmdb_86,299,10.0
tmdb_86,300,8.0
tmdb_86,302,6.0
tmdb_86,306,10.0
tmdb_86,307,10.0
tmdb_86,308,10.0
tmdb_86,314,6.0
tmdb_86,316,6.0
tmdb_86,318,10.0
tmdb_86,319,10.0
tmdb_86,321,6.0
tmdb_86,329,10.0
tmdb_86,331,6.0
tmdb_86,332,6.0
tmdb_86,337,8.0
tmdb_86,342,10.0
tmdb_86,345,10.0
tmdb_86,348,6.0
tmdb_86,364,8.0
tmdb_86,405,4.0
tmdb_86,427,6.0
tmdb_86,435,8.0
tmdb_86,454,4.0
tmdb_86,468,6.0
tmdb_86,469,6.0
tmdb_86,475,8.0
tmdb_86,480,6.0
tmdb_86,481,6.0
tmdb_86,482,8.0
tmdb_86,497,8.0
tmdb_86,500,6.0
tmdb_86,501,10.0
tmdb_86,508,6.0
tmdb_86,509,10.0
tmdb_86,527,10.0
tmdb_86,531,6.0
tmdb_86,534,8.0
tmdb_86,535,10.0
tmdb_86,539,6.0
tmdb_86,541,8.0
tmdb_86,550,8.0
tmdb_86,551,8.0
tmdb_86,568,6.0
tmdb_86,585,10.0
tmdb_86,586,2.0
tmdb_86,587,6.0
tmdb_86,588,6.0
tmdb_86,590,6.0
tmdb_86,592,6.0
tmdb_86,593,10.0
tmdb_86,594,8.0
tmdb_86,595,6.0
tmdb_86,596,8.0
tmdb_86,597,6.0
tmdb_86,608,10.0
tmdb_86,613,6.0
tmdb_86,616,6.0
tmdb_86,633,10.0
tmdb_86,640,6.0
tmdb_86,650,6.0
tmdb_86,661,6.0
tmdb_86,665,8.0
tmdb_86,671,8.0
tmdb_86,708,6.0
tmdb_86,753,6.0
tmdb_86,756,6.0
tmdb_86,766,10.0
tmdb_86,778,8.0
tmdb_86,780,4.0
tmdb_86,783,6.0
tmdb_86,784,4.0
tmdb_86,828,6.0
tmdb_86,830,4.0
tmdb_86,844,6.0
tmdb_86,892,6.0
tmdb_86,1059,6.0
tmdb_86,1073,8.0
tmdb_86,1163,6.0
tmdb_87,25,8.0
tmdb_87,62,2.0
tmdb_87,88,6.0
tmdb_87,95,6.0
tmdb_87,104,8.0
tmdb_87,112,6.0
tmdb_87,141,8.0
tmdb_87,260,8.0
tmdb_87,293,10.0
tmdb_87,494,8.0
tmdb_87,608,10.0
tmdb_87,648,6.0
tmdb_87,663,6.0
tmdb_87,762,6.0
tmdb_87,778,6.0
tmdb_87,780,6.0
tmdb_87,786,6.0
tmdb_87,802,6.0
tmdb_87,1073,6.0
tmdb_87,1405,4.0
tmdb_88,2,7.0
tmdb_88,11,7.0
tmdb_88,21,7.0
tmdb_88,62,7.0
tmdb_88,95,4.0
tmdb_88,104,1.0
tmdb_88,141,9.0
tmdb_88,150,8.0
tmdb_88,153,4.0
tmdb_88,160,4.0
tmdb_88,163,6.0
tmdb_88,165,6.0
tmdb_88,185,6.0
tmdb_88,223,9.0
tmdb_88,231,1.0
tmdb_88,253,6.0
tmdb_88,256,1.0
tmdb_88,260,8.0
tmdb_88,261,7.0
tmdb_88,288,6.0
tmdb_88,296,7.0
tmdb_88,316,5.0
tmdb_88,318,8.0
tmdb_88,337,7.0
tmdb_88,339,8.0
tmdb_88,344,4.0
tmdb_88,345,6.0
tmdb_88,350,6.0
tmdb_88,364,8.0
tmdb_88,377,6.0
tmdb_88,380,4.0
tmdb_88,435,3.0
tmdb_88,440,5.0
tmdb_88,454,5.0
tmdb_88,457,5.0
tmdb_88,480,6.0
tmdb_88,497,8.0
tmdb_88,500,5.0
tmdb_88,508,8.0
tmdb_88,509,10.0
tmdb_88,527,8.0
tmdb_88,539,7.0
tmdb_88,541,9.0
tmdb_88,551,9.0
tmdb_88,552,4.0
tmdb_88,553,6.0
tmdb_88,586,5.0
tmdb_88,588,6.0
tmdb_88,592,6.0
tmdb_88,593,4.0
tmdb_88,594,8.0
tmdb_88,595,7.0
tmdb_88,596,8.0
tmdb_88,608,7.0
tmdb_88,648,7.0
tmdb_88,708,7.0
tmdb_88,745,6.0
tmdb_88,778,9.0
tmdb_88,780,7.0
tmdb_88,802,2.0
tmdb_88,913,8.0
tmdb_88,914,8.0
tmdb_88,919,8.0
tmdb_88,924,8.0
tmdb_88,1073,6.0
tmdb_88,1246,10.0
tmdb_88,1259,9.0
tmdb_88,1265,5.0
tmdb_88,1278,8.0
tmdb_88,1282,8.0
tmdb_88,1380,5.0
tmdb_88,1391,6.0
tmdb_88,1393,6.0
tmdb_88,1394,7.0
tmdb_88,1407,3.0
tmdb_88,1485,1.0
tmdb_88,1573,6.0
tmdb_88,1580,5.0
tmdb_88,1639,9.0
tmdb_88,1641,8.0
tmdb_88,1732,8.0
tmdb_88,1909,1.0
tmdb_88,1917,6.0
tmdb_88,1961,7.0
tmdb_88,1968,7.0
tmdb_88,2011,4.0
tmdb_88,2054,6.0
tmdb_88,2100,7.0
tmdb_88,2115,4.0
tmdb_88,2268,6.0
tmdb_88,2291,9.0
tmdb_88,2302,6.0
tmdb_88,2321,6.0
tmdb_88,2355,7.0
tmdb_88,2502,8.0
tmdb_88,2617,5.0
tmdb_88,2640,4.0
tmdb_88,2671,8.0
tmdb_88,2762,8.0
tmdb_88,2791,7.0
tmdb_88,2959,8.0
tmdb_88,3052,5.0
tmdb_88,3160,8.0
tmdb_88,3418,7.0
tmdb_88,4034,8.0
tmdb_88,4226,6.0
tmdb_88,4886,8.0
tmdb_88,4896,7.0
tmdb_88,4973,10.0
tmdb_88,4993,8.0
tmdb_88,4995,6.0
tmdb_88,5991,6.0
tmdb_88,5995,9.0
tmdb_88,6016,8.0
tmdb_88,6373,5.0
tmdb_88,8665,8.0
tmdb_88,8874,7.0
tmdb_88,30707,7.0
tmdb_88,30793,5.0
tmdb_88,40815,7.0
tmdb_88,41566,8.0
tmdb_88,46976,9.0
tmdb_89,107,8.0
tmdb_89,110,10.0
tmdb_89,165,8.0
tmdb_89,231,10.0
tmdb_89,260,10.0
tmdb_89,296,10.0
tmdb_89,303,8.0
tmdb_89,316,8.0
tmdb_89,318,10.0
tmdb_89,327,4.0
tmdb_89,344,10.0
tmdb_89,364,10.0
tmdb_89,480,10.0
tmdb_89,500,10.0
tmdb_89,588,9.0
tmdb_89,590,10.0
tmdb_89,648,8.0
tmdb_89,780,8.0
tmdb_89,1073,9.0
tmdb_89,1265,9.0
tmdb_89,2028,10.0
tmdb_89,2762,10.0
tmdb_89,2959,10.0
tmdb_89,3114,9.0
tmdb_89,3638,10.0
tmdb_89,4886,8.0
tmdb_89,4896,10.0
tmdb_89,7454,8.0
tmdb_89,45722,10.0
tmdb_89,58559,10.0
tmdb_90,6,8.0
tmdb_90,25,4.0
tmdb_90,79,6.0
tmdb_90,81,8.0
tmdb_90,141,6.0
tmdb_90,260,8.0
tmdb_90,608,10.0
tmdb_90,648,8.0
tmdb_90,661,6.0
tmdb_90,766,6.0
tmdb_90,778,8.0
tmdb_90,780,4.0
tmdb_90,783,6.0
tmdb_90,800,10.0
tmdb_90,802,8.0
tmdb_90,830,6.0
tmdb_90,832,8.0
tmdb_90,837,8.0
tmdb_90,866,8.0
tmdb_90,986,8.0
tmdb_90,1073,6.0
tmdb_90,1367,8.0
tmdb_90,1407,8.0
tmdb_90,1422,8.0
tmdb_90,1479,6.0
tmdb_90,1552,8.0
tmdb_90,1554,8.0
tmdb_90,1580,8.0
tmdb_90,1584,10.0
tmdb_90,1590,10.0
tmdb_90,1597,8.0
tmdb_90,1608,4.0
tmdb_91,12,7.0
tmdb_91,19,8.0
tmdb_91,104,8.0
tmdb_91,110,10.0
tmdb_91,216,8.0
tmdb_91,231,9.0
tmdb_91,260,10.0
tmdb_91,267,7.0
tmdb_91,318,10.0
tmdb_91,380,9.0
tmdb_91,466,10.0
tmdb_91,527,10.0
tmdb_91,588,9.0
tmdb_91,747,7.0
tmdb_91,1265,10.0
tmdb_91,1573,8.0
tmdb_91,1682,10.0
tmdb_91,2028,10.0
tmdb_91,2335,6.0
tmdb_91,2791,10.0
tmdb_91,3114,10.0
tmdb_91,3146,7.0
tmdb_91,4886,10.0
tmdb_91,4973,9.0
tmdb_91,4993,10.0
tmdb_91,7346,8.0
tmdb_91,44191,9.0
tmdb_91,45186,9.0
tmdb_91,54272,9.0
tmdb_91,58559,10.0
tmdb_91,104374,9.0
tmdb_91,116977,7.0
tmdb_92,2,6.0
tmdb_92,6,6.0
tmdb_92,11,8.0
tmdb_92,19,2.0
tmdb_92,21,10.0
tmdb_92,62,6.0
tmdb_92,76,6.0
tmdb_92,95,6.0
tmdb_92,110,10.0
tmdb_92,112,8.0
tmdb_92,141,8.0
tmdb_92,145,6.0
tmdb_92,150,6.0
tmdb_92,153,6.0
tmdb_92,160,4.0
tmdb_92,161,10.0
tmdb_92,163,10.0
tmdb_92,165,6.0
tmdb_92,172,2.0
tmdb_92,173,6.0
tmdb_92,177,4.0
tmdb_92,186,6.0
tmdb_92,193,2.0
tmdb_92,196,6.0
tmdb_92,204,8.0
tmdb_92,223,10.0
tmdb_92,224,6.0
tmdb_92,231,6.0
tmdb_92,235,8.0
tmdb_92,237,6.0
tmdb_92,247,10.0
tmdb_92,252,6.0
tmdb_92,253,4.0
tmdb_92,266,4.0
tmdb_92,273,6.0
tmdb_92,288,6.0
tmdb_92,292,6.0
tmdb_92,293,8.0
tmdb_92,296,8.0
tmdb_92,300,8.0
tmdb_92,315,4.0
tmdb_92,316,2.0
tmdb_92,317,4.0
tmdb_92,318,10.0
tmdb_92,319,8.0
tmdb_92,329,6.0
tmdb_92,330,6.0
tmdb_92,332,6.0
tmdb_92,339,6.0
tmdb_92,344,4.0
tmdb_92,349,6.0
tmdb_92,350,4.0
tmdb_92,364,2.0
tmdb_92,377,6.0
tmdb_92,380,8.0
tmdb_92,426,4.0
tmdb_92,434,6.0
tmdb_92,435,6.0
tmdb_92,440,6.0
tmdb_92,442,6.0
tmdb_92,454,4.0
tmdb_92,455,6.0
tmdb_92,457,8.0
tmdb_92,466,4.0
tmdb_92,480,8.0
tmdb_92,497,8.0
tmdb_92,500,6.0
tmdb_92,508,6.0
tmdb_92,509,2.0
tmdb_92,527,8.0
tmdb_92,532,6.0
tmdb_92,539,6.0
tmdb_92,543,6.0
tmdb_92,551,6.0
tmdb_92,552,2.0
tmdb_92,553,10.0
tmdb_92,587,6.0
tmdb_92,588,6.0
tmdb_92,590,8.0
tmdb_92,592,6.0
tmdb_92,595,10.0
tmdb_92,597,4.0
tmdb_92,606,4.0
tmdb_92,608,10.0
tmdb_92,648,10.0
tmdb_92,778,10.0
tmdb_92,780,4.0
tmdb_93,11,7.0
tmdb_93,17,8.0
tmdb_93,21,10.0
tmdb_93,25,7.0
tmdb_93,62,7.0
tmdb_93,150,8.0
tmdb_93,260,8.0
tmdb_93,265,7.0
tmdb_93,266,7.0
tmdb_93,337,8.0
tmdb_93,339,9.0
tmdb_93,342,7.0
tmdb_93,364,7.0
tmdb_93,377,9.0
tmdb_93,457,8.0
tmdb_93,508,8.0
tmdb_93,539,8.0
tmdb_93,586,5.0
tmdb_93,587,7.0
tmdb_93,588,6.0
tmdb_93,590,9.0
tmdb_93,592,7.0
tmdb_93,595,8.0
tmdb_93,597,7.0
tmdb_93,648,7.0
tmdb_93,858,9.0
tmdb_93,898,10.0
tmdb_93,902,5.0
tmdb_93,910,7.0
tmdb_93,912,9.0
tmdb_93,914,7.0
tmdb_93,919,8.0
tmdb_93,920,8.0
tmdb_93,923,8.0
tmdb_93,1073,7.0
tmdb_93,1246,7.0
tmdb_93,1247,7.0
tmdb_93,1259,8.0
tmdb_93,1265,8.0
tmdb_93,1278,8.0
tmdb_93,1380,7.0
tmdb_93,1387,6.0
tmdb_93,1393,7.0
tmdb_93,1394,8.0
tmdb_93,1580,7.0
tmdb_93,1610,8.0
tmdb_93,1641,9.0
tmdb_93,1682,7.0
tmdb_93,1721,8.0
tmdb_93,1912,8.0
tmdb_93,1923,7.0
tmdb_93,1961,9.0
tmdb_93,1968,7.0
tmdb_93,2011,6.0
tmdb_93,2100,5.0
tmdb_93,2115,7.0
tmdb_93,2268,9.0
tmdb_93,2291,7.0
tmdb_93,2302,8.0
tmdb_93,2321,8.0
tmdb_93,2355,6.0
tmdb_93,2470,5.0
tmdb_93,2657,6.0
tmdb_93,3072,7.0
tmdb_93,3101,8.0
tmdb_93,3114,8.0
tmdb_93,3176,6.0
tmdb_93,4886,6.0
tmdb_93,4993,10.0
tmdb_93,4995,8.0
tmdb_93,8961,10.0
tmdb_93,41566,8.0
tmdb_93,45722,5.0
tmdb_93,54328,10.0
tmdb_94,16,7.0
tmdb_94,69,6.0
tmdb_94,104,5.0
tmdb_94,110,9.0
tmdb_94,111,7.0
tmdb_94,150,10.0
tmdb_94,161,7.0
tmdb_94,231,8.0
tmdb_94,260,6.0
tmdb_94,292,7.0
tmdb_94,296,8.0
tmdb_94,316,5.0
tmdb_94,318,10.0
tmdb_94,344,6.0
tmdb_94,442,3.0
tmdb_94,480,5.0
tmdb_94,527,10.0
tmdb_94,551,2.0
tmdb_94,590,8.0
tmdb_94,593,10.0
tmdb_94,780,4.0
tmdb_94,858,9.0
tmdb_94,923,6.0
tmdb_94,1049,6.0
tmdb_94,1089,5.0
tmdb_94,1213,8.0
tmdb_94,1246,6.0
tmdb_94,1252,7.0
tmdb_94,1265,4.0
tmdb_94,1393,6.0
tmdb_94,1552,5.0
tmdb_94,1580,6.0
tmdb_94,1610,8.0
tmdb_94,1653,8.0
tmdb_94,1676,8.0
tmdb_94,1682,8.0
tmdb_94,1721,9.0
tmdb_94,1726,4.0
tmdb_94,1961,8.0
tmdb_94,2012,5.0
tmdb_94,2028,10.0
tmdb_94,2115,2.0
tmdb_94,2324,10.0
tmdb_94,2501,9.0
tmdb_94,2762,6.0
tmdb_94,2959,9.0
tmdb_94,3175,3.0
tmdb_94,3593,1.0
tmdb_94,4011,6.0
tmdb_94,4226,9.0
tmdb_94,4973,9.0
tmdb_94,4993,9.0
tmdb_94,4995,10.0
tmdb_94,5991,8.0
tmdb_94,6016,6.0
tmdb_94,6373,5.0
tmdb_94,6552,7.0
tmdb_94,6934,3.0
tmdb_94,8464,6.0
tmdb_94,8645,7.0
tmdb_94,8873,5.0
tmdb_94,8874,4.0
tmdb_94,8961,6.0
tmdb_94,30707,9.0
tmdb_94,30793,2.0
tmdb_94,33166,9.0
tmdb_94,33660,9.0
tmdb_94,44191,8.0
tmdb_94,45722,5.0
tmdb_94,46976,8.0
tmdb_94,54272,6.0
tmdb_94,58559,8.0
tmdb_94,74458,5.0
tmdb_95,6,10.0
tmdb_95,11,8.0
tmdb_95,16,10.0
tmdb_95,19,8.0
tmdb_95,24,8.0
tmdb_95,63,8.0
tmdb_95,70,8.0
tmdb_95,86,8.0
tmdb_95,88,8.0
tmdb_95,174,4.0
tmdb_95,196,6.0
tmdb_95,198,8.0
tmdb_95,222,8.0
tmdb_95,223,10.0
tmdb_95,236,8.0
tmdb_95,253,8.0
tmdb_95,260,10.0
tmdb_95,261,10.0
tmdb_95,266,10.0
tmdb_95,296,10.0
tmdb_95,329,6.0
tmdb_95,332,6.0
tmdb_95,339,8.0
tmdb_95,364,8.0
tmdb_95,457,8.0
tmdb_95,480,8.0
tmdb_95,553,8.0
tmdb_95,593,10.0
tmdb_95,778,10.0
tmdb_95,780,8.0
tmdb_95,879,6.0
tmdb_95,968,10.0
tmdb_95,1059,10.0
tmdb_95,1088,10.0
tmdb_95,1093,8.0
tmdb_95,1127,8.0
tmdb_95,1246,8.0
tmdb_95,1268,10.0
tmdb_95,1370,8.0
tmdb_95,1377,8.0
tmdb_95,1387,10.0
tmdb_95,1389,8.0
tmdb_95,1393,10.0
tmdb_95,1407,8.0
tmdb_95,1644,6.0
tmdb_95,1645,8.0
tmdb_95,1655,4.0
tmdb_95,1690,6.0
tmdb_95,1717,8.0
tmdb_95,1909,8.0
tmdb_95,1917,6.0
tmdb_95,1969,8.0
tmdb_95,1970,8.0
tmdb_95,1975,6.0
tmdb_95,1984,6.0
tmdb_95,1985,4.0
tmdb_95,1988,6.0
tmdb_95,1994,8.0
tmdb_95,1995,6.0
tmdb_95,2003,10.0
tmdb_95,2004,8.0
tmdb_95,2005,10.0
tmdb_95,2013,6.0
tmdb_95,2026,6.0
tmdb_95,2028,8.0
tmdb_95,2069,6.0
tmdb_95,2105,6.0
tmdb_95,2107,8.0
tmdb_95,2109,10.0
tmdb_95,2118,8.0
tmdb_95,2119,10.0
tmdb_95,2123,8.0
tmdb_95,2148,8.0
tmdb_95,2149,6.0
tmdb_95,2160,6.0
tmdb_95,2163,6.0
tmdb_95,2193,10.0
tmdb_95,2294,8.0
tmdb_95,2395,10.0
tmdb_95,2428,8.0
tmdb_95,2455,8.0
tmdb_95,2459,10.0
tmdb_95,2462,4.0
tmdb_95,2470,10.0
tmdb_95,2617,8.0
tmdb_95,2657,8.0
tmdb_95,2694,8.0
tmdb_95,2699,10.0
tmdb_95,2722,6.0
tmdb_95,2762,8.0
tmdb_95,2787,8.0
tmdb_95,2789,6.0
tmdb_95,2841,10.0
tmdb_95,2907,10.0
tmdb_95,2928,8.0
tmdb_95,2959,10.0
tmdb_95,2976,6.0
tmdb_95,3016,8.0
tmdb_95,3033,10.0
tmdb_95,3051,6.0
tmdb_95,3107,8.0
tmdb_95,3146,8.0
tmdb_95,3764,6.0
tmdb_95,3877,4.0
tmdb_95,4105,10.0
tmdb_95,4148,8.0
tmdb_95,4266,6.0
tmdb_95,4351,10.0
tmdb_95,4369,10.0
tmdb_95,4480,8.0
tmdb_95,4499,10.0
tmdb_95,4516,6.0
tmdb_95,4520,10.0
tmdb_95,4561,8.0
tmdb_95,4639,6.0
tmdb_95,4734,8.0
tmdb_95,4949,4.0
tmdb_95,4993,10.0
tmdb_95,5203,8.0
tmdb_96,318,4.0
tmdb_96,527,7.0
tmdb_96,608,8.0
tmdb_96,628,6.0
tmdb_96,750,10.0
tmdb_96,903,10.0
tmdb_96,905,10.0
tmdb_96,910,9.0
tmdb_96,912,10.0
tmdb_96,913,10.0
tmdb_96,922,10.0
tmdb_96,923,10.0
tmdb_96,926,10.0
tmdb_96,951,10.0
tmdb_96,1247,8.0
tmdb_96,1252,10.0
tmdb_96,1267,8.0
tmdb_96,1284,10.0
tmdb_96,1285,8.0
tmdb_96,1912,8.0
tmdb_96,2186,6.0
tmdb_96,4226,10.0
tmdb_96,8094,9.0
tmdb_96,8128,9.0
tmdb_96,8765,8.0
tmdb_96,30712,8.0
tmdb_97,110,2.0
tmdb_97,223,7.0
tmdb_97,293,4.0
tmdb_97,296,8.0
tmdb_97,318,9.0
tmdb_97,364,3.0
tmdb_97,480,5.0
tmdb_97,527,3.0
tmdb_97,541,8.0
tmdb_97,588,1.0
tmdb_97,593,7.0
tmdb_97,595,3.0
tmdb_97,597,4.0
tmdb_97,608,8.0
tmdb_97,750,8.0
tmdb_97,858,6.0
tmdb_97,899,9.0
tmdb_97,912,3.0
tmdb_97,923,8.0
tmdb_97,926,8.0
tmdb_97,1088,4.0
tmdb_97,1089,4.0
tmdb_97,1213,6.0
tmdb_97,1262,8.0
tmdb_97,1265,3.0
tmdb_97,1267,8.0
tmdb_97,1387,3.0
tmdb_97,1580,5.0
tmdb_97,1721,1.0
tmdb_97,1732,8.0
tmdb_97,1884,7.0
tmdb_97,1997,1.0
tmdb_97,2000,6.0
tmdb_97,2019,8.0
tmdb_97,2028,2.0
tmdb_97,2324,9.0
tmdb_97,2395,8.0
tmdb_97,2502,8.0
tmdb_97,2959,3.0
tmdb_97,3033,7.0
tmdb_97,4226,6.0
tmdb_97,4816,8.0
tmdb_97,4973,9.0
tmdb_97,5902,5.0
tmdb_97,5971,8.0
tmdb_97,31658,7.0
tmdb_97,46976,9.0
tmdb_97,58559,4.0
tmdb_98,5,6.0
tmdb_98,296,9.0
tmdb_98,339,7.0
tmdb_98,597,10.0
tmdb_98,902,10.0
tmdb_98,920,7.0
tmdb_98,1721,10.0
tmdb_98,1732,10.0
tmdb_98,1967,8.0
tmdb_98,2144,10.0
tmdb_98,2193,5.0
tmdb_98,2321,10.0
tmdb_98,2617,10.0
tmdb_98,2762,8.0
tmdb_98,5620,10.0
tmdb_98,6593,8.0
tmdb_98,8874,10.0
tmdb_98,31685,10.0
tmdb_99,2,4.0
tmdb_99,17,6.0
tmdb_99,28,6.0
tmdb_99,105,6.0
tmdb_99,110,6.0
tmdb_99,154,6.0
tmdb_99,160,4.0
tmdb_99,170,4.0
tmdb_99,296,6.0
tmdb_99,316,2.0
tmdb_99,318,10.0
tmdb_99,377,8.0
tmdb_99,380,4.0
tmdb_99,455,2.0
tmdb_99,457,8.0
tmdb_99,468,6.0
tmdb_99,480,8.0
tmdb_99,497,6.0
tmdb_99,509,10.0
tmdb_99,527,8.0
tmdb_99,546,2.0
tmdb_99,588,6.0
tmdb_99,593,8.0
tmdb_99,595,10.0
tmdb_99,596,8.0
tmdb_99,608,10.0
tmdb_99,647,8.0
tmdb_99,750,8.0
tmdb_99,838,8.0
tmdb_99,898,8.0
tmdb_99,899,8.0
tmdb_99,900,6.0
tmdb_99,902,6.0
tmdb_99,903,10.0
tmdb_99,909,6.0
tmdb_99,912,10.0
tmdb_99,913,8.0
tmdb_99,914,8.0
tmdb_99,918,10.0
tmdb_99,923,8.0
tmdb_99,924,6.0
tmdb_99,928,8.0
tmdb_99,951,8.0
tmdb_99,953,10.0
tmdb_99,968,8.0
tmdb_99,1103,8.0
tmdb_99,1247,6.0
tmdb_99,1250,8.0
tmdb_99,1282,6.0
tmdb_99,1284,6.0
tmdb_99,1358,6.0
tmdb_99,1393,6.0
tmdb_99,1580,6.0
tmdb_99,1586,4.0
tmdb_99,1591,2.0
tmdb_99,1619,10.0
tmdb_99,1676,2.0
tmdb_99,1721,10.0
tmdb_99,1732,6.0
tmdb_99,1909,8.0
tmdb_99,1920,6.0
tmdb_99,1937,6.0
tmdb_99,1945,8.0
tmdb_99,1947,8.0
tmdb_99,1948,8.0
tmdb_99,1949,6.0
tmdb_99,1950,8.0
tmdb_99,1951,4.0
tmdb_99,2006,6.0
tmdb_99,2015,2.0
tmdb_99,2018,8.0
tmdb_99,2028,8.0
tmdb_99,2067,10.0
tmdb_99,2080,8.0
tmdb_99,2085,6.0
tmdb_99,2094,4.0
tmdb_99,2099,8.0
tmdb_99,2135,2.0
tmdb_99,2160,6.0
tmdb_99,2324,8.0
tmdb_99,2355,8.0
tmdb_99,2436,6.0
tmdb_99,2539,6.0
tmdb_99,2565,6.0
tmdb_99,2687,6.0
tmdb_99,2761,4.0
tmdb_99,2912,8.0
tmdb_99,2959,6.0
tmdb_99,3125,6.0
tmdb_99,3160,10.0
tmdb_99,4034,10.0
tmdb_99,4226,8.0
tmdb_99,4380,10.0
tmdb_99,4641,10.0
tmdb_99,4973,10.0
tmdb_99,4993,10.0
tmdb_99,4995,10.0
tmdb_99,5991,10.0
tmdb_100,3,8.0
tmdb_100,6,6.0
tmdb_100,25,8.0
tmdb_100,62,6.0
tmdb_100,86,6.0
tmdb_100,88,4.0
tmdb_100,95,6.0
tmdb_100,135,6.0
tmdb_100,141,6.0
tmdb_100,608,8.0
tmdb_100,648,6.0
tmdb_100,661,6.0
tmdb_100,708,6.0
tmdb_100,745,8.0
tmdb_100,780,6.0
tmdb_100,786,6.0
tmdb_100,802,8.0
tmdb_100,1073,10.0
tmdb_101,145,7.0
tmdb_101,163,5.0
tmdb_101,172,5.0
tmdb_101,196,7.0
tmdb_101,260,8.0
tmdb_101,315,4.0
tmdb_101,318,8.0
tmdb_101,457,7.0
tmdb_101,527,9.0
tmdb_101,541,8.0
tmdb_101,762,5.0
tmdb_101,1374,9.0
tmdb_101,1376,9.0
tmdb_101,1610,8.0
tmdb_101,1909,6.0
tmdb_101,2000,7.0
tmdb_101,2001,8.0
tmdb_101,2019,8.0
tmdb_101,2028,9.0
tmdb_101,2268,7.0
tmdb_101,2302,5.0
tmdb_101,2699,6.0
tmdb_101,2770,6.0
tmdb_101,4993,10.0
tmdb_101,26701,8.0
tmdb_101,58559,10.0
tmdb_102,14,8.0
tmdb_102,25,8.0
tmdb_102,28,8.0
tmdb_102,35,8.0
tmdb_102,58,8.0
tmdb_102,70,4.0
tmdb_102,78,8.0
tmdb_102,111,10.0
tmdb_102,117,8.0
tmdb_102,147,8.0
tmdb_102,150,8.0
tmdb_102,159,8.0
tmdb_102,162,10.0
tmdb_102,194,8.0
tmdb_102,224,8.0
tmdb_102,235,8.0
tmdb_102,246,10.0
tmdb_102,247,10.0
tmdb_102,253,6.0
tmdb_102,260,10.0
tmdb_102,261,6.0
tmdb_102,272,8.0
tmdb_102,280,8.0
tmdb_102,296,8.0
tmdb_102,300,8.0
tmdb_102,303,8.0
tmdb_102,314,4.0
tmdb_102,318,6.0
tmdb_102,334,8.0
tmdb_102,337,10.0
tmdb_102,342,8.0
tmdb_102,345,8.0
tmdb_102,346,6.0
tmdb_102,348,8.0
tmdb_102,410,6.0
tmdb_102,434,8.0
tmdb_102,441,8.0
tmdb_102,457,6.0
tmdb_102,492,8.0
tmdb_102,501,8.0
tmdb_102,506,6.0
tmdb_102,507,6.0
tmdb_102,508,4.0
tmdb_102,527,8.0
tmdb_102,532,8.0
tmdb_102,535,8.0
tmdb_102,541,8.0
tmdb_102,549,8.0
tmdb_102,551,8.0
tmdb_102,562,10.0
tmdb_102,574,8.0
tmdb_102,581,8.0
tmdb_102,590,4.0
tmdb_102,592,8.0
tmdb_102,593,8.0
tmdb_102,594,10.0
tmdb_102,596,8.0
tmdb_102,599,10.0
tmdb_102,608,10.0
tmdb_102,616,8.0
tmdb_102,661,10.0
tmdb_102,745,8.0
tmdb_102,750,10.0
tmdb_102,766,8.0
tmdb_102,778,8.0
tmdb_102,780,4.0
tmdb_102,799,6.0
tmdb_102,800,8.0
tmdb_102,802,6.0
tmdb_102,858,10.0
tmdb_102,898,10.0
tmdb_102,899,10.0
tmdb_102,902,8.0
tmdb_102,903,10.0
tmdb_102,905,8.0
tmdb_102,909,8.0
tmdb_102,910,8.0
tmdb_102,912,10.0
tmdb_102,913,8.0
tmdb_102,914,10.0
tmdb_102,918,8.0
tmdb_102,919,8.0
tmdb_102,920,10.0
tmdb_102,921,8.0
tmdb_102,922,10.0
tmdb_102,923,10.0
tmdb_102,924,10.0
tmdb_102,926,10.0
tmdb_102,927,8.0
tmdb_102,928,8.0
tmdb_102,931,8.0
tmdb_102,948,10.0
tmdb_102,949,8.0
tmdb_102,950,10.0
tmdb_102,953,10.0
tmdb_102,954,8.0
tmdb_102,955,8.0
tmdb_102,965,8.0
tmdb_102,968,10.0
tmdb_102,982,8.0
tmdb_102,994,8.0
tmdb_102,1073,8.0
tmdb_102,1089,8.0
tmdb_102,1090,4.0
tmdb_102,1093,6.0
tmdb_102,1103,8.0
tmdb_102,1124,8.0
tmdb_102,1125,10.0
tmdb_102,1213,10.0
tmdb_102,1244,10.0
tmdb_102,1245,10.0
tmdb_102,1246,6.0
tmdb_102,1247,10.0
tmdb_102,1248,10.0
tmdb_102,1249,8.0
tmdb_102,1250,8.0
tmdb_102,1251,10.0
tmdb_102,1252,10.0
tmdb_102,1253,10.0
tmdb_102,1259,8.0
tmdb_102,1262,8.0
tmdb_102,1265,10.0
tmdb_102,1266,10.0
tmdb_102,1267,10.0
tmdb_102,1268,6.0
tmdb_102,1272,10.0
tmdb_102,1273,8.0
tmdb_102,1278,8.0
tmdb_102,1279,8.0
tmdb_102,1281,10.0
tmdb_102,1282,8.0
tmdb_102,1283,10.0
tmdb_102,1284,10.0
tmdb_102,1285,8.0
tmdb_102,1358,6.0
tmdb_102,1361,10.0
tmdb_102,1366,8.0
tmdb_102,1374,8.0
tmdb_102,1377,4.0
tmdb_102,1380,8.0
tmdb_102,1387,8.0
tmdb_102,1389,4.0
tmdb_102,1393,4.0
tmdb_102,1394,8.0
tmdb_102,1405,8.0
tmdb_102,1407,8.0
tmdb_102,1411,10.0
tmdb_102,1420,10.0
tmdb_102,1535,8.0
tmdb_102,1554,8.0
tmdb_102,1584,4.0
tmdb_102,1594,4.0
tmdb_102,1610,6.0
tmdb_102,1611,8.0
tmdb_102,1644,4.0
tmdb_102,1648,10.0
tmdb_102,1673,8.0
tmdb_102,1690,8.0
tmdb_102,1701,8.0
tmdb_102,1717,8.0
tmdb_102,1719,8.0
tmdb_102,1729,8.0
tmdb_102,1732,10.0
tmdb_102,1734,8.0
tmdb_102,1788,8.0
tmdb_102,1836,8.0
tmdb_102,1841,8.0
tmdb_102,1883,8.0
tmdb_102,1884,6.0
tmdb_102,1888,2.0
tmdb_102,1895,4.0
tmdb_102,1923,6.0
tmdb_102,1924,10.0
tmdb_102,1927,8.0
tmdb_102,1931,8.0
tmdb_102,1939,10.0
tmdb_102,1941,8.0
tmdb_102,1944,10.0
tmdb_102,1945,10.0
tmdb_102,1946,8.0
tmdb_102,1947,10.0
tmdb_102,1950,10.0
tmdb_102,1954,10.0
tmdb_102,1955,8.0
tmdb_102,1956,8.0
tmdb_102,1957,8.0
tmdb_102,1958,8.0
tmdb_102,1961,8.0
tmdb_102,1965,8.0
tmdb_102,1966,10.0
tmdb_102,1968,8.0
tmdb_102,1969,8.0
tmdb_102,1987,8.0
tmdb_102,1994,8.0
tmdb_102,1997,10.0
tmdb_102,1999,6.0
tmdb_102,2000,4.0
tmdb_102,2001,4.0
tmdb_102,2003,4.0
tmdb_102,2010,8.0
tmdb_102,2014,8.0
tmdb_102,2018,8.0
tmdb_102,2019,8.0
tmdb_102,2020,8.0
tmdb_102,2021,8.0
tmdb_102,2023,4.0
tmdb_102,2043,6.0
tmdb_102,2064,8.0
tmdb_102,2067,8.0
tmdb_102,2069,8.0
tmdb_102,2075,8.0
tmdb_102,2078,8.0
tmdb_102,2080,8.0
tmdb_102,2085,8.0
tmdb_102,2087,8.0
tmdb_102,2088,8.0
tmdb_102,2097,8.0
tmdb_102,2099,10.0
tmdb_102,2100,8.0
tmdb_102,2105,6.0
tmdb_102,2107,6.0
tmdb_102,2109,8.0
tmdb_102,2110,6.0
tmdb_102,2112,4.0
tmdb_102,2118,8.0
tmdb_102,2124,8.0
tmdb_102,2135,8.0
tmdb_102,2140,6.0
tmdb_102,2144,6.0
tmdb_102,2160,10.0
tmdb_102,2163,8.0
tmdb_102,2186,10.0
tmdb_102,2193,6.0
tmdb_102,2202,8.0
tmdb_102,2268,8.0
tmdb_102,2282,8.0
tmdb_102,2289,8.0
tmdb_102,2290,8.0
tmdb_102,2291,8.0
tmdb_102,2300,10.0
tmdb_102,2312,6.0
tmdb_102,2313,10.0
tmdb_102,2321,6.0
tmdb_102,2362,8.0
tmdb_102,2395,8.0
tmdb_102,2453,6.0
tmdb_102,2454,10.0
tmdb_102,2455,6.0
tmdb_102,2459,10.0
tmdb_102,2517,6.0
tmdb_102,2527,8.0
tmdb_102,2616,6.0
tmdb_102,2639,8.0
tmdb_102,2657,10.0
tmdb_102,2662,8.0
tmdb_102,2728,8.0
tmdb_102,2731,8.0
tmdb_102,2734,8.0
tmdb_102,2749,8.0
tmdb_102,2750,8.0
tmdb_102,2757,8.0
tmdb_102,2762,8.0
tmdb_102,2779,8.0
tmdb_102,2791,8.0
tmdb_102,2925,10.0
tmdb_102,2926,8.0
tmdb_102,2929,10.0
tmdb_102,2973,10.0
tmdb_102,2993,8.0
tmdb_102,3007,10.0
tmdb_102,3011,8.0
tmdb_102,3019,8.0
tmdb_102,3022,10.0
tmdb_102,3037,8.0
tmdb_102,3060,6.0
tmdb_102,3061,8.0
tmdb_102,3062,10.0
tmdb_102,3072,8.0
tmdb_102,3088,10.0
tmdb_102,3089,8.0
tmdb_102,3093,10.0
tmdb_102,3134,10.0
tmdb_102,3145,8.0
tmdb_102,3176,4.0
tmdb_102,3179,4.0
tmdb_102,3396,8.0
tmdb_102,3418,8.0
tmdb_102,3426,8.0
tmdb_102,3469,8.0
tmdb_102,3478,6.0
tmdb_102,3479,8.0
tmdb_102,3484,2.0
tmdb_102,3511,2.0
tmdb_102,3526,4.0
tmdb_102,3529,8.0
tmdb_102,3543,8.0
tmdb_102,3547,8.0
tmdb_102,3549,10.0
tmdb_102,3591,6.0
tmdb_102,3635,8.0
tmdb_102,3681,8.0
tmdb_102,3683,10.0
tmdb_102,5060,10.0
tmdb_103,71,2.0
tmdb_103,196,3.0
tmdb_103,293,9.0
tmdb_103,393,2.0
tmdb_103,541,9.0
tmdb_103,592,6.0
tmdb_103,593,10.0
tmdb_103,671,8.0
tmdb_103,778,9.0
tmdb_103,780,4.0
tmdb_103,866,9.0
tmdb_103,1255,6.0
tmdb_103,1389,2.0
tmdb_103,1552,4.0
tmdb_103,1562,3.0
tmdb_103,1580,6.0
tmdb_103,1584,7.0
tmdb_103,1599,2.0
tmdb_103,1645,7.0
tmdb_103,1653,7.0
tmdb_103,1676,8.0
tmdb_103,1690,3.0
tmdb_103,1721,6.0
tmdb_103,2021,3.0
tmdb_103,2232,8.0
tmdb_103,2605,6.0
tmdb_103,2959,10.0
tmdb_103,3033,8.0
tmdb_103,3175,8.0
tmdb_103,4105,7.0
tmdb_103,4226,9.0
tmdb_103,4475,8.0
tmdb_103,4896,8.0
tmdb_103,4973,10.0
tmdb_103,5528,7.0
tmdb_103,5816,8.0
tmdb_103,7090,9.0
tmdb_103,8093,7.0
tmdb_104,110,9.0
tmdb_104,150,8.0
tmdb_104,260,8.0
tmdb_104,293,9.0
tmdb_104,296,8.0
tmdb_104,318,10.0
tmdb_104,1573,7.0
tmdb_104,4993,8.0
tmdb_104,4995,8.0
tmdb_104,5956,8.0
tmdb_104,42738,7.0
tmdb_104,58559,9.0
tmdb_104,74458,9.0
tmdb_104,80219,8.0
tmdb_105,6,6.0
tmdb_105,11,7.0
tmdb_105,16,10.0
tmdb_105,19,4.0
tmdb_105,21,7.0
tmdb_105,22,5.0
tmdb_105,25,8.0
tmdb_105,95,5.0
tmdb_105,104,7.0
tmdb_105,105,7.0
tmdb_105,110,7.0
tmdb_105,111,8.0
tmdb_105,150,6.0
tmdb_105,153,6.0
tmdb_105,164,8.0
tmdb_105,165,7.0
tmdb_105,168,4.0
tmdb_105,173,4.0
tmdb_105,196,5.0
tmdb_105,198,8.0
tmdb_105,253,7.0
tmdb_105,260,6.0
tmdb_105,272,7.0
tmdb_105,288,7.0
tmdb_105,290,5.0
tmdb_105,292,7.0
tmdb_105,293,8.0
tmdb_105,296,8.0
tmdb_105,300,6.0
tmdb_105,316,6.0
tmdb_105,318,6.0
tmdb_105,339,6.0
tmdb_105,344,6.0
tmdb_105,348,7.0
tmdb_105,349,6.0
tmdb_105,364,7.0
tmdb_105,377,6.0
tmdb_105,380,7.0
tmdb_105,381,5.0
tmdb_105,383,6.0
tmdb_105,410,6.0
tmdb_105,427,6.0
tmdb_105,431,8.0
tmdb_105,434,7.0
tmdb_105,435,5.0
tmdb_105,440,6.0
tmdb_105,442,7.0
tmdb_105,454,7.0
tmdb_105,457,7.0
tmdb_105,458,6.0
tmdb_105,459,6.0
tmdb_105,468,6.0
tmdb_105,480,6.0
tmdb_105,481,7.0
tmdb_105,497,5.0
tmdb_105,500,6.0
tmdb_105,508,7.0
tmdb_105,509,8.0
tmdb_105,522,7.0
tmdb_105,535,8.0
tmdb_105,539,6.0
tmdb_105,541,8.0
tmdb_105,586,6.0
tmdb_105,587,7.0
tmdb_105,590,6.0
tmdb_105,592,8.0
tmdb_105,593,8.0
tmdb_105,597,7.0
tmdb_105,608,8.0
tmdb_105,648,6.0
tmdb_105,653,8.0
tmdb_105,688,5.0
tmdb_105,762,7.0
tmdb_105,778,8.0
tmdb_105,780,5.0
tmdb_105,784,5.0
tmdb_105,788,5.0
tmdb_105,832,6.0
tmdb_105,858,9.0
tmdb_105,866,7.0
tmdb_105,912,7.0
tmdb_105,923,8.0
tmdb_105,996,6.0
tmdb_105,1088,6.0
tmdb_105,1089,8.0
tmdb_105,1090,8.0
tmdb_105,1127,5.0
tmdb_105,1213,9.0
tmdb_105,1246,3.0
tmdb_105,1247,10.0
tmdb_105,1249,8.0
tmdb_105,1252,9.0
tmdb_105,1259,6.0
tmdb_105,1265,8.0
tmdb_105,1277,7.0
tmdb_105,1278,8.0
tmdb_105,1367,5.0
tmdb_105,1370,7.0
tmdb_105,1377,8.0
tmdb_105,1378,5.0
tmdb_105,1380,6.0
tmdb_105,1387,9.0
tmdb_105,1391,7.0
tmdb_105,1392,6.0
tmdb_105,1393,7.0
tmdb_105,1394,7.0
tmdb_105,1407,6.0
tmdb_105,1480,7.0
tmdb_105,1499,4.0
tmdb_105,1544,6.0
tmdb_105,1552,6.0
tmdb_105,1573,7.0
tmdb_105,1580,8.0
tmdb_105,1586,4.0
tmdb_105,1608,6.0
tmdb_105,1610,7.0
tmdb_105,1635,8.0
tmdb_105,1641,7.0
tmdb_105,1673,8.0
tmdb_105,1682,7.0
tmdb_105,1721,6.0
tmdb_105,1727,6.0
tmdb_105,1729,9.0
tmdb_105,1732,8.0
tmdb_105,1810,6.0
tmdb_105,1846,8.0
tmdb_105,1882,4.0
tmdb_105,1884,7.0
tmdb_105,1913,8.0
tmdb_105,1917,6.0
tmdb_105,1923,8.0
tmdb_105,1961,8.0
tmdb_105,1965,8.0
tmdb_105,1968,6.0
tmdb_105,1997,8.0
tmdb_105,2000,7.0
tmdb_105,2001,6.0
tmdb_105,2002,6.0
tmdb_105,2006,5.0
tmdb_105,2011,5.0
tmdb_105,2020,8.0
tmdb_105,2023,6.0
tmdb_105,2028,6.0
tmdb_105,2058,6.0
tmdb_105,2115,7.0
tmdb_105,2116,4.0
tmdb_105,2124,7.0
tmdb_105,2268,7.0
tmdb_105,2288,8.0
tmdb_105,2291,8.0
tmdb_105,2294,7.0
tmdb_105,2395,6.0
tmdb_105,2455,6.0
tmdb_105,2502,8.0
tmdb_105,2539,6.0
tmdb_105,2616,5.0
tmdb_105,2617,7.0
tmdb_105,2640,3.0
tmdb_105,2671,6.0
tmdb_105,2699,6.0
tmdb_105,2762,7.0
tmdb_105,2959,7.0
tmdb_105,3019,7.0
tmdb_105,3037,8.0
tmdb_105,3072,6.0
tmdb_105,3082,6.0
tmdb_105,3104,9.0
tmdb_105,3127,6.0
tmdb_105,3176,7.0
tmdb_105,3418,7.0
tmdb_105,3426,6.0
tmdb_105,3476,8.0
tmdb_105,3489,5.0
tmdb_105,3529,6.0
tmdb_105,3682,8.0
tmdb_105,3683,8.0
tmdb_105,3686,6.0
tmdb_105,3980,4.0
tmdb_105,4011,8.0
tmdb_105,4034,8.0
tmdb_105,4148,7.0
tmdb_105,4203,4.0
tmdb_105,4226,8.0
tmdb_105,4234,6.0
tmdb_105,4235,9.0
tmdb_105,4251,8.0
tmdb_105,4326,8.0
tmdb_105,4479,8.0
tmdb_105,4482,6.0
tmdb_105,4558,6.0
tmdb_105,4643,5.0
tmdb_105,4772,8.0
tmdb_105,4837,7.0
tmdb_105,4896,6.0
tmdb_105,4958,6.0
tmdb_105,4993,10.0
tmdb_105,4995,5.0
tmdb_105,5060,8.0
tmdb_105,5334,7.0
tmdb_105,5693,8.0
tmdb_105,5747,7.0
tmdb_105,5816,6.0
tmdb_105,5902,7.0
tmdb_105,6016,10.0
tmdb_105,8874,7.0
tmdb_105,33166,8.0
tmdb_105,48385,7.0
tmdb_106,551,6.0
tmdb_106,837,10.0
tmdb_106,1246,10.0
tmdb_106,1721,9.0
tmdb_106,1968,9.0
tmdb_106,1992,8.0
tmdb_106,2395,10.0
tmdb_106,2762,7.0
tmdb_106,3786,10.0
tmdb_106,4886,8.0
tmdb_106,5422,9.0
tmdb_106,8366,10.0
tmdb_106,8961,6.0
tmdb_106,39408,1.0
tmdb_106,43919,2.0
tmdb_106,45431,6.0
tmdb_106,46976,1.0
tmdb_106,54281,10.0
tmdb_106,58559,10.0
tmdb_107,293,6.0
tmdb_107,296,10.0
tmdb_107,527,10.0
tmdb_107,2605,6.0
tmdb_107,2805,4.0
tmdb_107,2959,9.0
tmdb_107,3082,3.0
tmdb_107,3160,7.0
tmdb_107,3176,7.0
tmdb_107,4816,1.0
tmdb_107,5995,9.0
tmdb_107,6016,9.0
tmdb_108,110,6.0
tmdb_108,153,6.0
tmdb_108,161,6.0
tmdb_108,185,6.0
tmdb_108,225,6.0
tmdb_108,231,4.0
tmdb_108,253,6.0
tmdb_108,288,6.0
tmdb_108,296,6.0
tmdb_108,329,10.0
tmdb_108,339,6.0
tmdb_108,344,2.0
tmdb_108,364,10.0
tmdb_108,377,8.0
tmdb_108,380,6.0
tmdb_108,434,6.0
tmdb_108,454,6.0
tmdb_108,457,8.0
tmdb_108,480,8.0
tmdb_108,500,10.0
tmdb_108,588,10.0
tmdb_108,590,6.0
tmdb_108,593,10.0
tmdb_108,595,10.0
tmdb_109,16,7.0
tmdb_109,296,9.0
tmdb_109,318,10.0
tmdb_109,442,5.0
tmdb_109,509,9.0
tmdb_109,543,9.0
tmdb_109,553,9.0
tmdb_109,592,8.0
tmdb_109,593,10.0
tmdb_109,648,8.0
tmdb_109,784,8.0
tmdb_109,1213,9.0
tmdb_109,1917,8.0
tmdb_109,2268,8.0
tmdb_109,2640,9.0
tmdb_109,3052,8.0
tmdb_109,4993,8.0
tmdb_110,3,8.0
tmdb_110,5,8.0
tmdb_110,6,8.0
tmdb_110,11,10.0
tmdb_110,16,8.0
tmdb_110,19,8.0
tmdb_110,79,2.0
tmdb_110,95,10.0
tmdb_110,122,8.0
tmdb_110,132,8.0
tmdb_110,135,8.0
tmdb_110,150,10.0
tmdb_110,153,6.0
tmdb_110,160,6.0
tmdb_110,161,8.0
tmdb_110,163,10.0
tmdb_110,165,10.0
tmdb_110,168,8.0
tmdb_110,173,6.0
tmdb_110,179,10.0
tmdb_110,185,8.0
tmdb_110,186,8.0
tmdb_110,193,10.0
tmdb_110,204,8.0
tmdb_110,207,10.0
tmdb_110,225,8.0
tmdb_110,227,8.0
tmdb_110,231,10.0
tmdb_110,236,8.0
tmdb_110,237,8.0
tmdb_110,248,8.0
tmdb_110,249,6.0
tmdb_110,252,8.0
tmdb_110,253,6.0
tmdb_110,256,8.0
tmdb_110,257,8.0
tmdb_110,260,8.0
tmdb_110,266,6.0
tmdb_110,276,8.0
tmdb_110,280,8.0
tmdb_110,292,8.0
tmdb_110,296,10.0
tmdb_110,303,6.0
tmdb_110,315,10.0
tmdb_110,318,6.0
tmdb_110,327,6.0
tmdb_110,329,8.0
tmdb_110,339,10.0
tmdb_110,344,8.0
tmdb_110,345,4.0
tmdb_110,349,10.0
tmdb_110,350,8.0
tmdb_110,364,6.0
tmdb_110,377,10.0
tmdb_110,378,10.0
tmdb_110,380,10.0
tmdb_110,381,8.0
tmdb_110,415,6.0
tmdb_110,434,10.0
tmdb_110,445,10.0
tmdb_110,454,8.0
tmdb_110,457,10.0
tmdb_110,464,8.0
tmdb_110,466,10.0
tmdb_110,480,10.0
tmdb_110,489,8.0
tmdb_110,494,10.0
tmdb_110,500,8.0
tmdb_110,508,8.0
tmdb_110,527,8.0
tmdb_110,532,6.0
tmdb_110,539,10.0
tmdb_110,540,10.0
tmdb_110,542,8.0
tmdb_110,548,10.0
tmdb_110,550,8.0
tmdb_110,552,8.0
tmdb_110,586,10.0
tmdb_110,587,10.0
tmdb_110,588,8.0
tmdb_110,590,8.0
tmdb_110,592,8.0
tmdb_110,593,10.0
tmdb_110,595,6.0
tmdb_110,597,10.0
tmdb_110,648,8.0
tmdb_110,761,8.0
tmdb_110,762,10.0
tmdb_110,780,10.0
tmdb_110,786,10.0
tmdb_110,802,8.0
tmdb_111,5,6.0
tmdb_111,11,8.0
tmdb_111,18,5.0
tmdb_111,25,8.0
tmdb_111,81,6.0
tmdb_111,95,6.0
tmdb_111,105,1.0
tmdb_111,110,8.0
tmdb_111,122,7.0
tmdb_111,141,7.0
tmdb_111,150,8.0
tmdb_111,161,8.0
tmdb_111,185,6.0
tmdb_111,216,5.0
tmdb_111,223,8.0
tmdb_111,224,10.0
tmdb_111,231,1.0
tmdb_111,253,7.0
tmdb_111,260,8.0
tmdb_111,292,7.0
tmdb_111,296,9.0
tmdb_111,300,7.0
tmdb_111,318,8.0
tmdb_111,327,6.0
tmdb_111,339,8.0
tmdb_111,344,6.0
tmdb_111,345,4.0
tmdb_111,364,7.0
tmdb_111,377,7.0
tmdb_111,380,9.0
tmdb_111,440,8.0
tmdb_111,454,5.0
tmdb_111,457,8.0
tmdb_111,480,7.0
tmdb_111,497,8.0
tmdb_111,508,7.0
tmdb_111,527,8.0
tmdb_111,539,6.0
tmdb_111,541,7.0
tmdb_111,542,7.0
tmdb_111,551,2.0
tmdb_111,552,7.0
tmdb_111,586,6.0
tmdb_111,587,3.0
tmdb_111,588,5.0
tmdb_111,592,8.0
tmdb_111,593,8.0
tmdb_111,595,6.0
tmdb_111,597,6.0
tmdb_111,608,10.0
tmdb_111,647,5.0
tmdb_111,648,7.0
tmdb_111,708,8.0
tmdb_111,778,8.0
tmdb_111,783,3.0
tmdb_111,800,8.0
tmdb_111,802,5.0
tmdb_111,839,8.0
tmdb_111,851,6.0
tmdb_111,920,8.0
tmdb_111,932,10.0
tmdb_111,1073,9.0
tmdb_111,1088,7.0
tmdb_111,1089,8.0
tmdb_111,1127,8.0
tmdb_111,1265,6.0
tmdb_111,1391,7.0
tmdb_111,1393,7.0
tmdb_111,1408,9.0
tmdb_111,1541,7.0
tmdb_111,1544,3.0
tmdb_111,1580,8.0
tmdb_111,1584,7.0
tmdb_111,1593,7.0
tmdb_111,1608,6.0
tmdb_111,1610,8.0
tmdb_111,1639,8.0
tmdb_111,1648,7.0
tmdb_111,1653,7.0
tmdb_111,1682,6.0
tmdb_111,1688,8.0
tmdb_111,1721,3.0
tmdb_111,1863,6.0
tmdb_111,1888,6.0
tmdb_111,1912,7.0
tmdb_111,1917,5.0
tmdb_111,1921,5.0
tmdb_111,1923,7.0
tmdb_111,1961,7.0
tmdb_111,1967,8.0
tmdb_111,1968,8.0
tmdb_111,2014,7.0
tmdb_111,2038,9.0
tmdb_111,2046,7.0
tmdb_111,2059,6.0
tmdb_111,2100,8.0
tmdb_111,2115,7.0
tmdb_111,2125,7.0
tmdb_111,2133,8.0
tmdb_111,2134,7.0
tmdb_111,2153,4.0
tmdb_111,2252,5.0
tmdb_111,2321,3.0
tmdb_111,2324,8.0
tmdb_111,2330,10.0
tmdb_111,2395,7.0
tmdb_111,2447,6.0
tmdb_111,2470,7.0
tmdb_111,2502,9.0
tmdb_111,2594,3.0
tmdb_111,2605,5.0
tmdb_111,2616,6.0
tmdb_111,2657,9.0
tmdb_111,2671,7.0
tmdb_111,2770,2.0
tmdb_111,2791,8.0
tmdb_111,2959,10.0
tmdb_111,3033,10.0
tmdb_111,3060,8.0
tmdb_111,3087,9.0
tmdb_111,3114,7.0
tmdb_111,3160,1.0
tmdb_111,3173,7.0
tmdb_111,3418,7.0
tmdb_111,3476,9.0
tmdb_111,3526,7.0
tmdb_111,4011,9.0
tmdb_111,4034,8.0
tmdb_111,4226,9.0
tmdb_111,4228,7.0
tmdb_111,4351,7.0
tmdb_111,4734,5.0
tmdb_111,4816,8.0
tmdb_111,4823,6.0
tmdb_111,4954,5.0
tmdb_111,4973,10.0
tmdb_111,4975,3.0
tmdb_111,4993,8.0
tmdb_111,5055,8.0
tmdb_111,5255,6.0
tmdb_111,5481,6.0
tmdb_111,5528,8.0
tmdb_111,5620,8.0
tmdb_111,5816,6.0
tmdb_111,5902,3.0
tmdb_111,5961,6.0
tmdb_111,5991,7.0
tmdb_111,6183,8.0
tmdb_111,6537,4.0
tmdb_111,6974,8.0
tmdb_111,7451,9.0
tmdb_111,8366,9.0
tmdb_112,3,10.0
tmdb_112,6,6.0
tmdb_112,18,6.0
tmdb_112,85,10.0
tmdb_112,95,6.0
tmdb_112,141,8.0
tmdb_112,296,10.0
tmdb_112,648,4.0
tmdb_112,708,10.0
tmdb_112,780,8.0
tmdb_112,802,8.0
tmdb_112,805,10.0
tmdb_112,1073,10.0
tmdb_113,2,10.0
tmdb_113,5,10.0
tmdb_113,6,8.0
tmdb_113,16,10.0
tmdb_113,20,10.0
tmdb_113,21,10.0
tmdb_113,24,10.0
tmdb_113,25,8.0
tmdb_113,65,8.0
tmdb_113,74,10.0
tmdb_113,79,10.0
tmdb_113,89,8.0
tmdb_113,104,10.0
tmdb_113,105,10.0
tmdb_113,135,10.0
tmdb_113,140,10.0
tmdb_113,494,10.0
tmdb_113,616,10.0
tmdb_113,637,10.0
tmdb_113,647,10.0
tmdb_113,711,10.0
tmdb_113,762,10.0
tmdb_114,153,6.0
tmdb_114,158,8.0
tmdb_114,165,6.0
tmdb_114,185,8.0
tmdb_114,253,6.0
tmdb_114,267,2.0
tmdb_114,288,6.0
tmdb_114,292,8.0
tmdb_114,339,8.0
tmdb_114,349,10.0
tmdb_114,364,10.0
tmdb_114,380,10.0
tmdb_114,434,10.0
tmdb_114,457,10.0
tmdb_114,586,10.0
tmdb_114,588,10.0
tmdb_114,590,8.0
tmdb_114,592,6.0
tmdb_114,593,6.0
tmdb_114,595,10.0
tmdb_115,2,10.0
tmdb_115,3,10.0
tmdb_115,19,8.0
tmdb_115,160,4.0
tmdb_115,231,9.0
tmdb_115,318,10.0
tmdb_115,342,6.0
tmdb_115,466,6.0
tmdb_115,480,10.0
tmdb_115,543,7.0
tmdb_115,608,10.0
tmdb_115,784,5.0
tmdb_115,1073,10.0
tmdb_115,1089,7.0
tmdb_115,1259,8.0
tmdb_115,1265,10.0
tmdb_115,1278,8.0
tmdb_115,1639,7.0
tmdb_115,1732,10.0
tmdb_115,1923,7.0
tmdb_115,2001,7.0
tmdb_115,2502,10.0
tmdb_115,2762,8.0
tmdb_115,2959,8.0
tmdb_115,3176,9.0
tmdb_116,153,3.0
tmdb_116,231,10.0
tmdb_116,260,10.0
tmdb_116,296,10.0
tmdb_116,316,8.0
tmdb_116,318,9.0
tmdb_116,434,5.0
tmdb_116,480,4.0
tmdb_116,593,6.0
tmdb_116,1573,10.0
tmdb_116,2762,10.0
tmdb_116,2959,4.0
tmdb_116,4993,10.0
tmdb_117,215,7.0
tmdb_117,281,8.0
tmdb_117,318,10.0
tmdb_117,524,8.0
tmdb_117,527,7.0
tmdb_117,539,10.0
tmdb_117,1124,9.0
tmdb_117,1271,9.0
tmdb_117,1831,1.0
tmdb_117,1835,8.0
tmdb_117,1957,6.0
tmdb_117,1958,8.0
tmdb_117,1961,6.0
tmdb_117,2324,8.0
tmdb_117,3107,4.0
tmdb_117,3512,10.0
tmdb_117,4564,9.0
tmdb_117,30707,10.0
tmdb_118,16,8.0
tmdb_118,111,8.0
tmdb_118,247,4.0
tmdb_118,260,10.0
tmdb_118,296,10.0
tmdb_118,329,8.0
tmdb_118,377,8.0
tmdb_118,457,10.0
tmdb_118,480,8.0
tmdb_118,527,10.0
tmdb_118,541,8.0
tmdb_118,593,10.0
tmdb_118,597,6.0
tmdb_118,608,10.0
tmdb_118,674,4.0
tmdb_118,750,10.0
tmdb_118,780,8.0
tmdb_118,832,8.0
tmdb_118,866,10.0
tmdb_118,903,8.0
tmdb_118,905,10.0
tmdb_118,913,8.0
tmdb_118,922,10.0
tmdb_118,924,10.0
tmdb_118,954,8.0
tmdb_118,965,6.0
tmdb_118,1089,8.0
tmdb_118,1127,8.0
tmdb_118,1213,10.0
tmdb_118,1249,8.0
tmdb_118,1252,10.0
tmdb_118,1267,8.0
tmdb_118,1269,6.0
tmdb_118,1358,10.0
tmdb_118,1371,6.0
tmdb_118,1374,8.0
tmdb_118,1375,8.0
tmdb_118,1376,6.0
tmdb_118,1396,8.0
tmdb_118,1407,6.0
tmdb_118,1573,8.0
tmdb_118,1580,8.0
tmdb_118,1584,8.0
tmdb_118,1610,8.0
tmdb_118,1653,6.0
tmdb_118,1683,2.0
tmdb_118,1690,6.0
tmdb_118,1834,10.0
tmdb_118,1845,8.0
tmdb_118,1909,8.0
tmdb_118,1917,8.0
tmdb_118,1965,8.0
tmdb_118,1994,8.0
tmdb_118,2009,8.0
tmdb_118,2011,10.0
tmdb_118,2012,6.0
tmdb_118,2021,2.0
tmdb_118,2028,10.0
tmdb_118,2034,6.0
tmdb_118,2054,8.0
tmdb_118,2064,10.0
tmdb_118,2094,8.0
tmdb_118,2110,8.0
tmdb_118,2117,6.0
tmdb_118,2118,6.0
tmdb_118,2160,6.0
tmdb_118,2176,8.0
tmdb_118,2186,10.0
tmdb_118,2288,8.0
tmdb_118,2324,10.0
tmdb_118,2349,8.0
tmdb_118,2455,8.0
tmdb_118,2528,6.0
tmdb_118,2613,6.0
tmdb_118,2640,8.0
tmdb_118,2668,6.0
tmdb_118,2722,6.0
tmdb_118,2762,10.0
tmdb_118,3033,4.0
tmdb_118,3101,8.0
tmdb_118,3173,8.0
tmdb_118,3176,8.0
tmdb_118,3543,8.0
tmdb_118,3763,8.0
tmdb_119,2,6.0
tmdb_119,6,10.0
tmdb_119,16,6.0
tmdb_119,21,8.0
tmdb_119,24,6.0
tmdb_119,26,10.0
tmdb_119,62,8.0
tmdb_119,70,8.0
tmdb_119,78,6.0
tmdb_119,95,4.0
tmdb_119,101,4.0
tmdb_119,110,10.0
tmdb_119,111,10.0
tmdb_119,112,6.0
tmdb_119,141,8.0
tmdb_119,145,8.0
tmdb_119,153,2.0
tmdb_119,160,4.0
tmdb_119,161,8.0
tmdb_119,163,8.0
tmdb_119,168,4.0
tmdb_119,173,2.0
tmdb_119,180,4.0
tmdb_119,196,4.0
tmdb_119,203,6.0
tmdb_119,223,8.0
tmdb_119,227,4.0
tmdb_119,235,8.0
tmdb_119,253,4.0
tmdb_119,260,10.0
tmdb_119,265,8.0
tmdb_119,266,8.0
tmdb_119,272,10.0
tmdb_119,288,8.0
tmdb_119,292,6.0
tmdb_119,296,10.0
tmdb_119,316,6.0
tmdb_119,318,8.0
tmdb_119,329,6.0
tmdb_119,345,10.0
tmdb_119,364,6.0
tmdb_119,377,4.0
tmdb_119,383,8.0
tmdb_119,435,4.0
tmdb_119,454,6.0
tmdb_119,457,6.0
tmdb_119,480,8.0
tmdb_119,481,8.0
tmdb_119,482,6.0
tmdb_119,492,8.0
tmdb_119,527,10.0
tmdb_119,531,6.0
tmdb_119,532,8.0
tmdb_119,535,8.0
tmdb_119,541,8.0
tmdb_119,551,10.0
tmdb_119,553,6.0
tmdb_119,585,6.0
tmdb_119,587,8.0
tmdb_119,588,8.0
tmdb_119,590,10.0
tmdb_119,592,8.0
tmdb_119,593,8.0
tmdb_119,595,8.0
tmdb_119,596,8.0
tmdb_119,597,8.0
tmdb_119,599,8.0
tmdb_119,608,10.0
tmdb_119,648,6.0
tmdb_119,653,6.0
tmdb_119,661,6.0
tmdb_119,678,8.0
tmdb_119,688,4.0
tmdb_119,707,6.0
tmdb_119,745,10.0
tmdb_119,750,10.0
tmdb_119,778,8.0
tmdb_119,780,6.0
tmdb_119,788,8.0
tmdb_119,800,8.0
tmdb_119,832,8.0
tmdb_119,849,2.0
tmdb_119,858,10.0
tmdb_119,870,6.0
tmdb_119,880,6.0
tmdb_119,881,4.0
tmdb_119,903,10.0
tmdb_119,910,10.0
tmdb_119,912,10.0
tmdb_119,913,10.0
tmdb_119,919,10.0
tmdb_119,920,10.0
tmdb_119,922,8.0
tmdb_119,923,10.0
tmdb_119,924,8.0
tmdb_119,926,10.0
tmdb_119,943,8.0
tmdb_119,953,8.0
tmdb_119,954,8.0
tmdb_119,968,6.0
tmdb_119,996,6.0
tmdb_119,1049,6.0
tmdb_119,1059,4.0
tmdb_119,1073,6.0
tmdb_119,1089,8.0
tmdb_119,1103,10.0
tmdb_119,1127,4.0
tmdb_119,1213,8.0
tmdb_119,1246,8.0
tmdb_119,1247,8.0
tmdb_119,1249,8.0
tmdb_119,1252,8.0
tmdb_119,1254,8.0
tmdb_119,1259,10.0
tmdb_119,1262,8.0
tmdb_119,1265,4.0
tmdb_119,1266,10.0
tmdb_119,1267,8.0
tmdb_119,1269,8.0
tmdb_119,1271,8.0
tmdb_119,1272,10.0
tmdb_119,1277,8.0
tmdb_119,1278,8.0
tmdb_119,1282,8.0
tmdb_119,1283,8.0
tmdb_119,1358,10.0
tmdb_119,1370,8.0
tmdb_119,1372,4.0
tmdb_119,1374,6.0
tmdb_119,1375,4.0
tmdb_119,1376,6.0
tmdb_119,1377,2.0
tmdb_119,1378,6.0
tmdb_119,1379,8.0
tmdb_119,1387,8.0
tmdb_119,1391,6.0
tmdb_119,1394,10.0
tmdb_119,1411,10.0
tmdb_119,1416,8.0
tmdb_119,1429,8.0
tmdb_119,1485,4.0
tmdb_119,1499,4.0
tmdb_119,1544,4.0
tmdb_119,1552,6.0
tmdb_119,1554,4.0
tmdb_119,1556,2.0
tmdb_119,1562,2.0
tmdb_119,1573,4.0
tmdb_119,1580,8.0
tmdb_119,1584,6.0
tmdb_119,1586,4.0
tmdb_119,1587,6.0
tmdb_119,1588,4.0
tmdb_119,1591,4.0
tmdb_119,1597,8.0
tmdb_119,1608,6.0
tmdb_119,1610,8.0
tmdb_119,1611,10.0
tmdb_119,1613,6.0
tmdb_119,1619,2.0
tmdb_119,1627,8.0
tmdb_119,1639,8.0
tmdb_119,1641,6.0
tmdb_119,1646,4.0
tmdb_119,1653,8.0
tmdb_119,1676,4.0
tmdb_119,1678,6.0
tmdb_119,1682,6.0
tmdb_119,1687,6.0
tmdb_119,1689,6.0
tmdb_119,1690,2.0
tmdb_119,1694,4.0
tmdb_119,1702,6.0
tmdb_119,1713,6.0
tmdb_119,1721,6.0
tmdb_119,1727,4.0
tmdb_119,1729,6.0
tmdb_119,1732,8.0
tmdb_119,1779,6.0
tmdb_119,1788,8.0
tmdb_119,1792,6.0
tmdb_119,1824,10.0
tmdb_119,1831,4.0
tmdb_119,1833,4.0
tmdb_119,1834,6.0
tmdb_119,1852,6.0
tmdb_119,1882,4.0
tmdb_119,1883,10.0
tmdb_119,1884,4.0
tmdb_119,1885,8.0
tmdb_119,1894,4.0
tmdb_119,1911,4.0
tmdb_119,1912,8.0
tmdb_119,1917,6.0
tmdb_119,1918,8.0
tmdb_119,1920,4.0
tmdb_119,1921,8.0
tmdb_119,1923,10.0
tmdb_119,1924,6.0
tmdb_119,1931,10.0
tmdb_119,1944,8.0
tmdb_119,1948,8.0
tmdb_119,1954,6.0
tmdb_119,1955,6.0
tmdb_119,1956,8.0
tmdb_119,1957,8.0
tmdb_119,1958,10.0
tmdb_119,1961,8.0
tmdb_119,1965,10.0
tmdb_119,1967,6.0
tmdb_119,1968,8.0
tmdb_119,1994,8.0
tmdb_119,1997,8.0
tmdb_119,1999,6.0
tmdb_119,2000,8.0
tmdb_119,2001,6.0
tmdb_119,2002,6.0
tmdb_119,2005,6.0
tmdb_119,2006,8.0
tmdb_119,2009,8.0
tmdb_119,2011,4.0
tmdb_119,2012,4.0
tmdb_119,2013,6.0
tmdb_119,2019,8.0
tmdb_119,2021,6.0
tmdb_119,2028,10.0
tmdb_119,2054,4.0
tmdb_119,2058,8.0
tmdb_119,2067,8.0
tmdb_119,2069,8.0
tmdb_119,2071,8.0
tmdb_119,2080,6.0
tmdb_119,2087,8.0
tmdb_119,2094,4.0
tmdb_119,2100,6.0
tmdb_119,2105,6.0
tmdb_119,2108,8.0
tmdb_119,2109,8.0
tmdb_119,2111,4.0
tmdb_119,2112,8.0
tmdb_119,2115,6.0
tmdb_119,2118,6.0
tmdb_119,2124,6.0
tmdb_119,2140,6.0
tmdb_119,2143,6.0
tmdb_119,2155,6.0
tmdb_119,2160,8.0
tmdb_119,2161,6.0
tmdb_119,2193,8.0
tmdb_119,2253,4.0
tmdb_119,2263,6.0
tmdb_119,2268,8.0
tmdb_119,2282,8.0
tmdb_119,2289,8.0
tmdb_119,2291,8.0
tmdb_119,2297,4.0
tmdb_119,2302,6.0
tmdb_119,2312,6.0
tmdb_119,2313,10.0
tmdb_119,2321,8.0
tmdb_119,2355,6.0
tmdb_119,2359,8.0
tmdb_119,2371,6.0
tmdb_119,2440,8.0
tmdb_119,2454,6.0
tmdb_119,2455,6.0
tmdb_119,2463,8.0
tmdb_119,2469,8.0
tmdb_119,2470,8.0
tmdb_119,2502,8.0
tmdb_119,2527,4.0
tmdb_119,2539,6.0
tmdb_119,2574,2.0
tmdb_119,2587,4.0
tmdb_119,2616,6.0
tmdb_119,2617,4.0
tmdb_119,2639,8.0
tmdb_119,2657,8.0
tmdb_119,2728,10.0
tmdb_119,2734,4.0
tmdb_119,2750,8.0
tmdb_119,2762,8.0
tmdb_119,2769,4.0
tmdb_119,2770,6.0
tmdb_119,2779,4.0
tmdb_119,2912,8.0
tmdb_119,2926,8.0
tmdb_119,2973,10.0
tmdb_119,2976,8.0
tmdb_119,3011,8.0
tmdb_119,3019,10.0
tmdb_119,3035,8.0
tmdb_119,3037,10.0
tmdb_119,3052,10.0
tmdb_119,3107,4.0
tmdb_119,3114,8.0
tmdb_119,3127,4.0
tmdb_119,3160,4.0
tmdb_119,3175,6.0
tmdb_119,3396,8.0
tmdb_119,3397,8.0
tmdb_119,3418,8.0
tmdb_119,3476,8.0
tmdb_119,3479,8.0
tmdb_119,3489,4.0
tmdb_119,3563,2.0
tmdb_119,3699,8.0
tmdb_119,3980,8.0
tmdb_119,4195,8.0
tmdb_119,5060,10.0
tmdb_120,104,10.0
tmdb_120,185,6.0
tmdb_120,198,5.0
tmdb_120,231,4.0
tmdb_120,292,6.0
tmdb_120,296,7.0
tmdb_120,364,6.0
tmdb_120,377,6.0
tmdb_120,380,7.0
tmdb_120,454,7.0
tmdb_120,457,7.0
tmdb_120,480,6.0
tmdb_120,500,6.0
tmdb_120,539,6.0
tmdb_120,587,7.0
tmdb_120,592,7.0
tmdb_120,593,9.0
tmdb_120,597,6.0
tmdb_120,608,3.0
tmdb_120,648,7.0
tmdb_120,780,7.0
tmdb_120,903,3.0
tmdb_120,1092,8.0
tmdb_120,1265,9.0
tmdb_120,1387,9.0
tmdb_120,1389,3.0
tmdb_120,1391,5.0
tmdb_120,1393,7.0
tmdb_120,1552,6.0
tmdb_120,1573,7.0
tmdb_120,1580,8.0
tmdb_120,1597,6.0
tmdb_120,1608,6.0
tmdb_120,1721,7.0
tmdb_120,1923,8.0
tmdb_120,1954,10.0
tmdb_120,1961,10.0
tmdb_120,1994,5.0
tmdb_120,1997,6.0
tmdb_120,2000,7.0
tmdb_120,2003,6.0
tmdb_120,2009,3.0
tmdb_120,2013,5.0
tmdb_120,2028,8.0
tmdb_120,2109,8.0
tmdb_120,2118,9.0
tmdb_120,2268,10.0
tmdb_120,2321,6.0
tmdb_120,2371,7.0
tmdb_120,2470,7.0
tmdb_120,2640,7.0
tmdb_120,2699,6.0
tmdb_120,2762,9.0
tmdb_120,2791,10.0
tmdb_120,2959,6.0
tmdb_120,3101,9.0
tmdb_120,3635,5.0
tmdb_120,4226,9.0
tmdb_120,4973,1.0
tmdb_120,5693,4.0
tmdb_120,6373,10.0
tmdb_120,48385,6.0
tmdb_121,6,8.0
tmdb_121,11,8.0
tmdb_121,17,10.0
tmdb_121,95,8.0
tmdb_121,105,6.0
tmdb_121,110,10.0
tmdb_121,112,6.0
tmdb_121,150,8.0
tmdb_121,153,6.0
tmdb_121,161,8.0
tmdb_121,163,10.0
tmdb_121,165,6.0
tmdb_121,171,8.0
tmdb_121,186,6.0
tmdb_121,198,10.0
tmdb_121,203,8.0
tmdb_121,215,8.0
tmdb_121,222,8.0
tmdb_121,223,8.0
tmdb_121,246,10.0
tmdb_121,249,8.0
tmdb_121,253,6.0
tmdb_121,256,6.0
tmdb_121,265,10.0
tmdb_121,273,8.0
tmdb_121,281,10.0
tmdb_121,293,10.0
tmdb_121,296,10.0
tmdb_121,300,8.0
tmdb_121,303,10.0
tmdb_121,307,10.0
tmdb_121,315,10.0
tmdb_121,316,6.0
tmdb_121,318,10.0
tmdb_121,329,8.0
tmdb_121,339,6.0
tmdb_121,345,10.0
tmdb_121,348,6.0
tmdb_121,349,8.0
tmdb_121,364,8.0
tmdb_121,377,8.0
tmdb_121,380,8.0
tmdb_121,435,6.0
tmdb_121,440,10.0
tmdb_121,442,8.0
tmdb_121,454,6.0
tmdb_121,457,8.0
tmdb_121,468,8.0
tmdb_121,475,8.0
tmdb_121,480,8.0
tmdb_121,497,10.0
tmdb_121,509,8.0
tmdb_121,527,10.0
tmdb_121,539,6.0
tmdb_121,551,8.0
tmdb_121,553,6.0
tmdb_121,585,6.0
tmdb_121,587,6.0
tmdb_121,588,8.0
tmdb_121,590,8.0
tmdb_121,592,8.0
tmdb_121,593,8.0
tmdb_121,595,8.0
tmdb_121,597,6.0
tmdb_121,780,10.0
tmdb_122,17,6.0
tmdb_122,28,6.0
tmdb_122,73,8.0
tmdb_122,150,6.0
tmdb_122,153,6.0
tmdb_122,161,6.0
tmdb_122,165,4.0
tmdb_122,185,4.0
tmdb_122,231,2.0
tmdb_122,253,6.0
tmdb_122,261,6.0
tmdb_122,265,6.0
tmdb_122,272,8.0
tmdb_122,292,6.0
tmdb_122,296,2.0
tmdb_122,300,6.0
tmdb_122,316,8.0
tmdb_122,318,8.0
tmdb_122,329,6.0
tmdb_122,339,6.0
tmdb_122,342,2.0
tmdb_122,344,2.0
tmdb_122,349,6.0
tmdb_122,380,2.0
tmdb_122,434,6.0
tmdb_122,468,6.0
tmdb_122,497,8.0
tmdb_122,527,6.0
tmdb_122,534,10.0
tmdb_122,588,6.0
tmdb_122,590,6.0
tmdb_122,592,6.0
tmdb_122,595,6.0
tmdb_122,613,6.0
tmdb_122,668,6.0
tmdb_123,233,8.0
tmdb_123,288,10.0
tmdb_123,407,10.0
tmdb_123,968,6.0
tmdb_123,1968,8.0
tmdb_123,1976,8.0
tmdb_123,2003,8.0
tmdb_123,2428,10.0
tmdb_123,2502,10.0
tmdb_123,2699,4.0
tmdb_123,2762,10.0
tmdb_123,2841,10.0
tmdb_123,2959,8.0
tmdb_123,3016,10.0
tmdb_123,4228,10.0
tmdb_124,2,6.0
tmdb_124,19,8.0
tmdb_124,110,10.0
tmdb_124,266,6.0
tmdb_124,293,9.0
tmdb_124,296,6.0
tmdb_124,318,7.0
tmdb_124,350,8.0
tmdb_124,527,10.0
tmdb_124,541,5.0
tmdb_124,593,7.0
tmdb_124,786,6.0
tmdb_124,1090,9.0
tmdb_124,1917,8.0
tmdb_124,1961,7.0
tmdb_124,2000,6.0
tmdb_124,2028,8.0
tmdb_124,2355,8.0
tmdb_124,2762,8.0
tmdb_124,2959,10.0
tmdb_124,3114,8.0
tmdb_124,4011,6.0
tmdb_124,4973,8.0
tmdb_124,4993,10.0
tmdb_124,4995,7.0
tmdb_124,7090,5.0
tmdb_124,7445,8.0
tmdb_124,8665,5.0
tmdb_124,8874,6.0
tmdb_124,8961,8.0
tmdb_124,30707,6.0
tmdb_124,33166,7.0
tmdb_125,11,8.0
tmdb_125,104,8.0
tmdb_125,111,8.0
tmdb_125,150,9.0
tmdb_125,231,10.0
tmdb_125,236,9.0
tmdb_125,260,10.0
tmdb_125,293,9.0
tmdb_125,296,10.0
tmdb_125,318,10.0
tmdb_125,344,8.0
tmdb_125,364,8.0
tmdb_125,440,8.0
tmdb_125,457,7.0
tmdb_125,480,10.0
tmdb_125,508,8.0
tmdb_125,524,8.0
tmdb_125,539,8.0
tmdb_125,546,8.0
tmdb_125,586,8.0
tmdb_125,595,8.0
tmdb_125,597,6.0
tmdb_125,608,10.0
tmdb_125,648,8.0
tmdb_125,750,10.0
tmdb_125,780,6.0
tmdb_125,858,9.0
tmdb_125,903,9.0
tmdb_125,912,10.0
tmdb_125,913,8.0
tmdb_125,919,9.0
tmdb_125,920,4.0
tmdb_125,953,10.0
tmdb_125,1073,9.0
tmdb_125,1089,9.0
tmdb_125,1213,9.0
tmdb_125,1245,8.0
tmdb_125,1265,10.0
tmdb_125,1278,9.0
tmdb_125,1387,9.0
tmdb_125,1391,8.0
tmdb_125,1485,10.0
tmdb_125,1580,8.0
tmdb_125,1608,8.0
tmdb_125,1610,10.0
tmdb_125,1653,7.0
tmdb_125,1673,9.0
tmdb_125,1682,10.0
tmdb_125,1721,8.0
tmdb_125,1729,6.0
tmdb_125,1732,10.0
tmdb_125,1884,10.0
tmdb_125,1892,8.0
tmdb_125,1917,6.0
tmdb_125,1961,9.0
tmdb_125,2000,8.0
tmdb_125,2011,1.0
tmdb_125,2012,7.0
tmdb_125,2028,9.0
tmdb_125,2355,6.0
tmdb_125,2359,10.0
tmdb_125,2502,9.0
tmdb_125,2791,10.0
tmdb_125,2959,10.0
tmdb_125,3033,5.0
tmdb_125,3160,10.0
tmdb_125,3175,10.0
tmdb_125,4025,2.0
tmdb_125,4226,8.0
tmdb_125,4886,8.0
tmdb_125,4993,9.0
tmdb_125,5481,6.0
tmdb_125,6373,8.0
tmdb_125,6947,7.0
tmdb_125,8961,8.0
tmdb_125,8981,8.0
tmdb_125,30707,8.0
tmdb_125,30793,1.0
tmdb_125,33166,10.0
tmdb_125,44191,9.0
tmdb_125,45722,5.0
tmdb_125,58559,10.0
tmdb_125,59387,10.0
tmdb_126,2,6.0
tmdb_126,58,8.0
tmdb_126,95,6.0
tmdb_126,150,10.0
tmdb_126,153,8.0
tmdb_126,160,6.0
tmdb_126,161,8.0
tmdb_126,185,6.0
tmdb_126,186,4.0
tmdb_126,207,6.0
tmdb_126,231,8.0
tmdb_126,246,8.0
tmdb_126,252,6.0
tmdb_126,256,6.0
tmdb_126,292,8.0
tmdb_126,316,6.0
tmdb_126,317,6.0
tmdb_126,318,8.0
tmdb_126,329,6.0
tmdb_126,344,8.0
tmdb_126,349,8.0
tmdb_126,350,6.0
tmdb_126,364,8.0
tmdb_126,377,8.0
tmdb_126,380,8.0
tmdb_126,410,8.0
tmdb_126,421,4.0
tmdb_126,435,6.0
tmdb_126,440,8.0
tmdb_126,454,6.0
tmdb_126,455,4.0
tmdb_126,457,8.0
tmdb_126,466,8.0
tmdb_126,468,6.0
tmdb_126,480,10.0
tmdb_126,497,8.0
tmdb_126,500,8.0
tmdb_126,531,6.0
tmdb_126,539,8.0
tmdb_126,551,8.0
tmdb_126,588,10.0
tmdb_126,590,6.0
tmdb_126,592,8.0
tmdb_126,593,8.0
tmdb_126,594,6.0
tmdb_126,595,8.0
tmdb_126,596,8.0
tmdb_126,616,6.0
tmdb_127,5,8.0
tmdb_127,135,10.0
tmdb_127,193,8.0
tmdb_127,236,8.0
tmdb_127,237,10.0
tmdb_127,339,10.0
tmdb_127,350,6.0
tmdb_127,380,8.0
tmdb_127,381,6.0
tmdb_127,454,8.0
tmdb_127,480,6.0
tmdb_127,500,10.0
tmdb_127,539,8.0
tmdb_127,586,8.0
tmdb_127,597,10.0
tmdb_127,648,8.0
tmdb_128,2,8.0
tmdb_128,3,4.0
tmdb_128,25,4.0
tmdb_128,79,10.0
tmdb_128,86,10.0
tmdb_128,89,10.0
tmdb_128,93,2.0
tmdb_128,110,10.0
tmdb_128,111,2.0
tmdb_128,140,10.0
tmdb_128,145,8.0
tmdb_128,153,6.0
tmdb_128,160,8.0
tmdb_128,168,8.0
tmdb_128,170,10.0
tmdb_128,179,8.0
tmdb_128,217,4.0
tmdb_128,225,6.0
tmdb_128,239,6.0
tmdb_128,253,2.0
tmdb_128,257,10.0
tmdb_128,258,4.0
tmdb_128,266,10.0
tmdb_128,273,4.0
tmdb_128,276,6.0
tmdb_128,280,10.0
tmdb_128,292,8.0
tmdb_128,313,8.0
tmdb_128,317,10.0
tmdb_128,340,10.0
tmdb_128,350,8.0
tmdb_128,364,10.0
tmdb_128,377,10.0
tmdb_128,380,8.0
tmdb_128,434,10.0
tmdb_128,455,8.0
tmdb_128,480,10.0
tmdb_128,509,10.0
tmdb_128,527,10.0
tmdb_128,539,10.0
tmdb_128,552,6.0
tmdb_128,558,6.0
tmdb_128,587,10.0
tmdb_128,588,10.0
tmdb_128,593,10.0
tmdb_128,595,10.0
tmdb_128,597,10.0
tmdb_128,605,8.0
tmdb_128,628,10.0
tmdb_128,662,8.0
tmdb_128,673,8.0
tmdb_128,780,10.0
tmdb_128,782,6.0
tmdb_128,783,10.0
tmdb_128,788,8.0
tmdb_128,802,8.0
tmdb_128,891,4.0
tmdb_128,1049,8.0
tmdb_128,1059,10.0
tmdb_128,1088,10.0
tmdb_128,1092,8.0
tmdb_128,1265,4.0
tmdb_128,1282,4.0
tmdb_128,1377,8.0
tmdb_128,1380,10.0
tmdb_128,1391,4.0
tmdb_128,1393,10.0
tmdb_128,1407,8.0
tmdb_128,1479,8.0
tmdb_128,1487,10.0
tmdb_128,1499,4.0
tmdb_128,1541,6.0
tmdb_128,1544,6.0
tmdb_128,1552,10.0
tmdb_128,1566,10.0
tmdb_128,1573,10.0
tmdb_128,1580,8.0
tmdb_128,1586,10.0
tmdb_128,1608,6.0
tmdb_128,1616,10.0
tmdb_128,1644,6.0
tmdb_128,1645,4.0
tmdb_128,1667,6.0
tmdb_128,1687,6.0
tmdb_128,1688,10.0
tmdb_128,1717,4.0
tmdb_128,1721,10.0
tmdb_128,1892,8.0
tmdb_128,1895,10.0
tmdb_128,1917,10.0
tmdb_128,1947,8.0
tmdb_128,2006,6.0
tmdb_128,2017,10.0
tmdb_128,2028,6.0
tmdb_128,2078,10.0
tmdb_128,2080,10.0
tmdb_128,2087,8.0
tmdb_128,2088,8.0
tmdb_128,2114,10.0
tmdb_128,2142,6.0
tmdb_128,2166,8.0
tmdb_128,2291,10.0
tmdb_128,2355,10.0
tmdb_128,2605,8.0
tmdb_128,2617,8.0
tmdb_128,2620,8.0
tmdb_128,2657,10.0
tmdb_128,2671,10.0
tmdb_128,2687,10.0
tmdb_128,2722,4.0
tmdb_128,2762,10.0
tmdb_128,2805,10.0
tmdb_128,2841,10.0
tmdb_128,2978,6.0
tmdb_128,3107,10.0
tmdb_128,3114,10.0
tmdb_128,3176,6.0
tmdb_128,3418,8.0
tmdb_128,3489,8.0
tmdb_128,3554,8.0
tmdb_128,3594,8.0
tmdb_128,3980,8.0
tmdb_128,4025,8.0
tmdb_128,4034,8.0
tmdb_128,4148,6.0
tmdb_128,4369,10.0
tmdb_128,4639,6.0
tmdb_128,4727,2.0
tmdb_128,4823,8.0
tmdb_128,4886,10.0
tmdb_128,4896,8.0
tmdb_128,4951,8.0
tmdb_128,4973,10.0
tmdb_128,4977,6.0
tmdb_128,4993,10.0
tmdb_128,5066,8.0
tmdb_128,5620,8.0
tmdb_128,5677,6.0
tmdb_128,5693,4.0
tmdb_128,5816,6.0
tmdb_128,5991,10.0
tmdb_129,527,10.0
tmdb_129,1245,6.0
tmdb_129,1611,8.0
tmdb_129,2163,6.0
tmdb_129,3593,2.0
tmdb_129,3598,8.0
tmdb_130,19,2.0
tmdb_130,21,7.0
tmdb_130,104,3.0
tmdb_130,110,6.0
tmdb_130,141,5.0
tmdb_130,150,8.0
tmdb_130,153,1.0
tmdb_130,165,4.0
tmdb_130,173,2.0
tmdb_130,193,1.0
tmdb_130,216,6.0
tmdb_130,223,6.0
tmdb_130,231,7.0
tmdb_130,235,1.0
tmdb_130,246,8.0
tmdb_130,260,9.0
tmdb_130,266,5.0
tmdb_130,272,7.0
tmdb_130,288,2.0
tmdb_130,293,8.0
tmdb_130,300,7.0
tmdb_130,303,7.0
tmdb_130,315,7.0
tmdb_130,316,4.0
tmdb_130,318,7.0
tmdb_130,337,8.0
tmdb_130,339,7.0
tmdb_130,349,6.0
tmdb_130,364,7.0
tmdb_130,377,6.0
tmdb_130,380,7.0
tmdb_130,410,5.0
tmdb_130,423,4.0
tmdb_130,442,2.0
tmdb_130,454,5.0
tmdb_130,457,8.0
tmdb_130,475,7.0
tmdb_130,480,6.0
tmdb_130,497,8.0
tmdb_130,500,7.0
tmdb_130,508,3.0
tmdb_130,527,8.0
tmdb_130,541,8.0
tmdb_130,543,4.0
tmdb_130,551,6.0
tmdb_130,588,8.0
tmdb_130,590,8.0
tmdb_130,592,7.0
tmdb_130,593,6.0
tmdb_130,594,8.0
tmdb_130,595,7.0
tmdb_130,596,8.0
tmdb_130,597,6.0
tmdb_130,608,4.0
tmdb_130,648,4.0
tmdb_130,661,7.0
tmdb_130,674,2.0
tmdb_130,745,8.0
tmdb_130,750,6.0
tmdb_130,780,3.0
tmdb_130,858,8.0
tmdb_130,899,9.0
tmdb_130,914,7.0
tmdb_130,919,7.0
tmdb_130,953,10.0
tmdb_130,1023,8.0
tmdb_130,1059,8.0
tmdb_130,1090,8.0
tmdb_130,1092,6.0
tmdb_130,1127,6.0
tmdb_130,1213,7.0
tmdb_130,1246,8.0
tmdb_130,1247,2.0
tmdb_130,1249,8.0
tmdb_130,1250,8.0
tmdb_130,1259,7.0
tmdb_130,1262,8.0
tmdb_130,1265,9.0
tmdb_130,1266,8.0
tmdb_130,1271,8.0
tmdb_130,1277,8.0
tmdb_130,1282,9.0
tmdb_130,1370,7.0
tmdb_130,1371,6.0
tmdb_130,1372,2.0
tmdb_130,1374,8.0
tmdb_130,1375,3.0
tmdb_130,1377,2.0
tmdb_130,1378,6.0
tmdb_130,1380,4.0
tmdb_130,1387,7.0
tmdb_130,1391,5.0
tmdb_130,1393,4.0
tmdb_130,1396,6.0
tmdb_130,1411,8.0
tmdb_130,1485,2.0
tmdb_130,1544,5.0
tmdb_130,1562,5.0
tmdb_130,1566,5.0
tmdb_130,1580,8.0
tmdb_130,1610,5.0
tmdb_130,1641,7.0
tmdb_130,1676,7.0
tmdb_130,1682,6.0
tmdb_130,1721,6.0
tmdb_130,1722,6.0
tmdb_130,1729,7.0
tmdb_130,1732,8.0
tmdb_130,1884,3.0
tmdb_130,1909,3.0
tmdb_130,1954,8.0
tmdb_130,1957,10.0
tmdb_130,1961,7.0
tmdb_130,1968,9.0
tmdb_130,1997,2.0
tmdb_130,2000,6.0
tmdb_130,2001,4.0
tmdb_130,2003,7.0
tmdb_130,2005,8.0
tmdb_130,2006,7.0
tmdb_130,2011,7.0
tmdb_130,2012,4.0
tmdb_130,2021,4.0
tmdb_130,2023,7.0
tmdb_130,2028,8.0
tmdb_130,2054,6.0
tmdb_130,2078,7.0
tmdb_130,2087,8.0
tmdb_130,2100,6.0
tmdb_130,2105,8.0
tmdb_130,2108,8.0
tmdb_130,2115,5.0
tmdb_130,2117,7.0
tmdb_130,2124,5.0
tmdb_130,2140,7.0
tmdb_130,2151,7.0
tmdb_130,2161,7.0
tmdb_130,2268,7.0
tmdb_130,2291,7.0
tmdb_130,2294,6.0
tmdb_130,2302,2.0
tmdb_130,2324,9.0
tmdb_130,2355,4.0
tmdb_130,2359,8.0
tmdb_130,2455,6.0
tmdb_130,2470,7.0
tmdb_130,2502,9.0
tmdb_130,2640,6.0
tmdb_130,2642,5.0
tmdb_130,2657,2.0
tmdb_130,2699,6.0
tmdb_130,2728,8.0
tmdb_130,2761,6.0
tmdb_130,2788,7.0
tmdb_130,2791,6.0
tmdb_130,2959,8.0
tmdb_130,2993,7.0
tmdb_130,3033,5.0
tmdb_130,3034,8.0
tmdb_130,3060,8.0
tmdb_130,3087,7.0
tmdb_130,3088,7.0
tmdb_130,3101,6.0
tmdb_130,3107,6.0
tmdb_130,3114,8.0
tmdb_130,3173,5.0
tmdb_130,3175,7.0
tmdb_130,3396,8.0
tmdb_130,4011,8.0
tmdb_130,4226,9.0
tmdb_130,4232,8.0
tmdb_130,4369,4.0
tmdb_130,4499,8.0
tmdb_130,4643,4.0
tmdb_130,4857,9.0
tmdb_130,4886,6.0
tmdb_130,4896,8.0
tmdb_130,4993,10.0
tmdb_130,4995,7.0
tmdb_130,5816,8.0
tmdb_130,6440,7.0
tmdb_130,6934,4.0
tmdb_130,6947,6.0
tmdb_130,8665,6.0
tmdb_130,8879,7.0
tmdb_130,8961,8.0
tmdb_130,8970,8.0
tmdb_130,41566,10.0
tmdb_131,306,10.0
tmdb_131,307,10.0
tmdb_131,593,10.0
tmdb_131,1265,8.0
tmdb_131,1927,10.0
tmdb_131,1959,8.0
tmdb_131,2028,10.0
tmdb_131,2324,10.0
tmdb_131,2357,8.0
tmdb_131,2762,10.0
tmdb_131,4025,6.0
tmdb_131,4031,4.0
tmdb_131,4034,8.0
tmdb_132,153,7.0
tmdb_132,296,9.0
tmdb_132,364,6.0
tmdb_132,377,4.0
tmdb_132,590,7.0
tmdb_132,593,7.0
tmdb_132,595,6.0
tmdb_132,1900,9.0
tmdb_132,2028,5.0
tmdb_132,2135,8.0
tmdb_132,2357,9.0
tmdb_132,2395,10.0
tmdb_132,3083,10.0
tmdb_132,3396,8.0
tmdb_132,4964,9.0
tmdb_132,4967,10.0
tmdb_132,4973,9.0
tmdb_132,5902,10.0
tmdb_132,5971,10.0
tmdb_132,6003,10.0
tmdb_132,6016,8.0
tmdb_132,8012,10.0
tmdb_132,8014,9.0
tmdb_132,27904,7.0
tmdb_132,39768,9.0
tmdb_132,44694,8.0
tmdb_133,110,5.0
tmdb_133,111,1.0
tmdb_133,215,2.0
tmdb_133,247,2.0
tmdb_133,296,8.0
tmdb_133,318,5.0
tmdb_133,551,5.0
tmdb_133,593,1.0
tmdb_133,595,5.0
tmdb_133,745,1.0
tmdb_133,912,5.0
tmdb_133,919,4.0
tmdb_133,1088,3.0
tmdb_133,1247,4.0
tmdb_133,1259,10.0
tmdb_133,1265,4.0
tmdb_133,1271,4.0
tmdb_133,1653,3.0
tmdb_133,1732,1.0
tmdb_133,1884,4.0
tmdb_133,1968,5.0
tmdb_133,2005,4.0
tmdb_133,2087,2.0
tmdb_133,2297,7.0
tmdb_133,2324,8.0
tmdb_133,2762,1.0
tmdb_133,2959,6.0
tmdb_133,4896,8.0
tmdb_133,4973,6.0
tmdb_133,4993,1.0
tmdb_133,5816,8.0
tmdb_133,8464,1.0
tmdb_133,8970,8.0
tmdb_133,27721,4.0
tmdb_133,30707,7.0
tmdb_133,33166,8.0
tmdb_133,40815,8.0
tmdb_133,41566,2.0
tmdb_133,45722,4.0
tmdb_133,59995,8.0
tmdb_133,89492,1.0
tmdb_133,104374,5.0
tmdb_134,2,9.0
tmdb_134,5,2.0
tmdb_134,16,8.0
tmdb_134,19,4.0
tmdb_134,110,6.0
tmdb_134,141,10.0
tmdb_134,145,2.0
tmdb_134,153,6.0
tmdb_134,165,8.0
tmdb_134,196,4.0
tmdb_134,223,6.0
tmdb_134,231,5.0
tmdb_134,253,8.0
tmdb_134,260,7.0
tmdb_134,292,9.0
tmdb_134,293,10.0
tmdb_134,296,9.0
tmdb_134,300,8.0
tmdb_134,316,9.0
tmdb_134,317,5.0
tmdb_134,318,8.0
tmdb_134,319,9.0
tmdb_134,329,8.0
tmdb_134,342,8.0
tmdb_134,344,5.0
tmdb_134,349,8.0
tmdb_134,364,6.0
tmdb_134,377,7.0
tmdb_134,440,8.0
tmdb_134,457,9.0
tmdb_134,480,10.0
tmdb_134,494,6.0
tmdb_134,500,8.0
tmdb_134,539,7.0
tmdb_134,541,10.0
tmdb_134,551,10.0
tmdb_134,552,4.0
tmdb_134,586,5.0
tmdb_134,587,7.0
tmdb_134,588,6.0
tmdb_134,592,8.0
tmdb_134,593,10.0
tmdb_134,595,6.0
tmdb_134,597,6.0
tmdb_134,608,9.0
tmdb_134,648,9.0
tmdb_134,708,8.0
tmdb_134,778,9.0
tmdb_134,780,9.0
tmdb_134,910,6.0
tmdb_134,924,8.0
tmdb_134,950,5.0
tmdb_134,1073,10.0
tmdb_134,1127,8.0
tmdb_134,1246,7.0
tmdb_134,1247,8.0
tmdb_134,1249,10.0
tmdb_134,1257,8.0
tmdb_134,1259,8.0
tmdb_134,1265,7.0
tmdb_134,1278,10.0
tmdb_134,1285,10.0
tmdb_134,1370,8.0
tmdb_134,1374,8.0
tmdb_134,1376,8.0
tmdb_134,1380,5.0
tmdb_134,1387,9.0
tmdb_134,1391,9.0
tmdb_134,1394,9.0
tmdb_134,1407,9.0
tmdb_134,1573,7.0
tmdb_134,1580,9.0
tmdb_134,1584,7.0
tmdb_134,1610,8.0
tmdb_134,1653,8.0
tmdb_134,1676,8.0
tmdb_134,1721,6.0
tmdb_134,1917,6.0
tmdb_134,1921,8.0
tmdb_134,1923,10.0
tmdb_134,1961,8.0
tmdb_134,1968,8.0
tmdb_134,1994,10.0
tmdb_134,1997,9.0
tmdb_134,2000,8.0
tmdb_134,2001,6.0
tmdb_134,2005,9.0
tmdb_134,2010,8.0
tmdb_134,2011,7.0
tmdb_134,2012,7.0
tmdb_134,2054,6.0
tmdb_134,2100,6.0
tmdb_134,2109,8.0
tmdb_134,2115,10.0
tmdb_134,2144,9.0
tmdb_134,2160,8.0
tmdb_134,2288,7.0
tmdb_134,2289,8.0
tmdb_134,2291,9.0
tmdb_134,2302,8.0
tmdb_134,2355,6.0
tmdb_134,2502,8.0
tmdb_134,2517,9.0
tmdb_134,2617,7.0
tmdb_134,2640,8.0
tmdb_134,2762,9.0
tmdb_134,2791,9.0
tmdb_134,2959,8.0
tmdb_134,3052,8.0
tmdb_134,3101,8.0
tmdb_134,3114,7.0
tmdb_134,3175,9.0
tmdb_134,3476,9.0
tmdb_134,4011,8.0
tmdb_134,4034,8.0
tmdb_134,4226,10.0
tmdb_134,4886,6.0
tmdb_134,4896,8.0
tmdb_134,4973,10.0
tmdb_134,4993,6.0
tmdb_134,5528,9.0
tmdb_134,8464,8.0
tmdb_134,8810,8.0
tmdb_134,8874,9.0
tmdb_134,8914,9.0
tmdb_134,8961,6.0
tmdb_134,40732,10.0
tmdb_134,58559,5.0
tmdb_134,59387,9.0
tmdb_134,74458,10.0
tmdb_135,18,8.0
tmdb_135,20,6.0
tmdb_135,21,6.0
tmdb_135,27,6.0
tmdb_135,65,2.0
tmdb_135,102,6.0
tmdb_135,104,6.0
tmdb_135,121,8.0
tmdb_135,135,2.0
tmdb_135,637,6.0
tmdb_135,662,6.0
tmdb_135,747,4.0
tmdb_135,754,6.0
tmdb_135,762,6.0
tmdb_135,778,10.0
tmdb_135,818,4.0
tmdb_135,849,2.0
tmdb_135,1103,6.0
tmdb_136,104,9.0
tmdb_136,260,9.0
tmdb_136,318,8.0
tmdb_136,364,9.0
tmdb_136,500,7.0
tmdb_136,586,7.0
tmdb_136,588,9.0
tmdb_136,595,8.0
tmdb_136,780,8.0
tmdb_136,912,6.0
tmdb_136,953,8.0
tmdb_136,1265,6.0
tmdb_136,1682,8.0
tmdb_136,1968,2.0
tmdb_136,2014,7.0
tmdb_136,2135,7.0
tmdb_136,2153,8.0
tmdb_136,2926,4.0
tmdb_136,3114,9.0
tmdb_136,4886,7.0
tmdb_136,4896,9.0
tmdb_136,4993,8.0
tmdb_136,6535,7.0
tmdb_136,8961,8.0
tmdb_136,58559,8.0
tmdb_137,260,10.0
tmdb_137,296,10.0
tmdb_137,349,8.0
tmdb_137,364,10.0
tmdb_137,380,10.0
tmdb_137,531,6.0
tmdb_137,541,8.0
tmdb_137,588,8.0
tmdb_137,590,8.0
tmdb_137,594,6.0
tmdb_137,595,10.0
tmdb_137,898,8.0
tmdb_137,899,8.0
tmdb_137,910,10.0
tmdb_137,919,6.0
tmdb_137,986,4.0
tmdb_137,1073,6.0
tmdb_137,1244,2.0
tmdb_137,1259,10.0
tmdb_137,1265,10.0
tmdb_137,1282,4.0
tmdb_137,1375,8.0
tmdb_137,1537,6.0
tmdb_137,1580,10.0
tmdb_137,1653,8.0
tmdb_137,1976,2.0
tmdb_137,2006,8.0
tmdb_137,2009,10.0
tmdb_137,2011,10.0
tmdb_137,2013,8.0
tmdb_137,2021,6.0
tmdb_137,2043,4.0
tmdb_137,2054,4.0
tmdb_137,2080,8.0
tmdb_137,2094,4.0
tmdb_137,2118,10.0
tmdb_137,2135,6.0
tmdb_137,2161,4.0
tmdb_137,2528,8.0
tmdb_137,2791,6.0
tmdb_137,5060,8.0
tmdb_138,260,8.0
tmdb_138,296,9.0
tmdb_138,318,9.0
tmdb_138,480,5.0
tmdb_138,527,8.0
tmdb_138,780,1.0
tmdb_138,858,10.0
tmdb_138,924,10.0
tmdb_138,1213,8.0
tmdb_138,1584,7.0
tmdb_138,2028,6.0
tmdb_138,2959,8.0
tmdb_138,4226,10.0
tmdb_138,4886,1.0
tmdb_138,4993,7.0
tmdb_138,4995,9.0
tmdb_138,5816,6.0
tmdb_138,5995,8.0
tmdb_138,6016,6.0
tmdb_138,8961,1.0
tmdb_138,58559,8.0
tmdb_139,110,7.0
tmdb_139,318,7.0
tmdb_139,342,9.0
tmdb_139,480,9.0
tmdb_139,541,8.0
tmdb_139,1259,8.0
tmdb_139,1580,7.0
tmdb_139,1584,10.0
tmdb_139,1653,7.0
tmdb_139,1917,1.0
tmdb_139,1958,6.0
tmdb_139,1961,9.0
tmdb_139,1968,7.0
tmdb_139,2011,8.0
tmdb_139,2100,4.0
tmdb_139,2268,10.0
tmdb_139,2302,7.0
tmdb_139,2324,10.0
tmdb_139,2395,7.0
tmdb_139,2791,4.0
tmdb_139,4226,9.0
tmdb_139,4247,1.0
tmdb_139,4290,6.0
tmdb_139,4929,2.0
tmdb_139,4995,8.0
tmdb_140,5,9.0
tmdb_140,216,2.0
tmdb_140,256,7.0
tmdb_140,267,7.0
tmdb_140,318,10.0
tmdb_140,342,1.0
tmdb_140,364,8.0
tmdb_140,552,1.0
tmdb_140,593,9.0
tmdb_140,765,9.0
tmdb_140,2059,9.0
tmdb_140,2470,8.0
tmdb_140,2565,3.0
tmdb_140,4896,8.0
tmdb_140,5816,6.0
tmdb_140,31658,8.0
tmdb_140,74458,7.0
tmdb_140,104374,8.0
tmdb_141,318,10.0
tmdb_141,349,8.0
tmdb_141,480,8.0
tmdb_141,648,6.0
tmdb_141,1544,6.0
tmdb_141,2028,10.0
tmdb_141,3513,4.0
tmdb_141,4034,8.0
tmdb_141,4638,6.0
tmdb_142,150,6.0
tmdb_142,260,4.0
tmdb_142,296,4.0
tmdb_142,344,2.0
tmdb_142,593,10.0
tmdb_142,909,6.0
tmdb_142,919,10.0
tmdb_142,1379,2.0
tmdb_142,1387,8.0
tmdb_142,1499,4.0
tmdb_142,1984,2.0
tmdb_142,2011,6.0
tmdb_142,2012,6.0
tmdb_142,2028,6.0
tmdb_142,2133,4.0
tmdb_142,2262,4.0
tmdb_142,2699,4.0
tmdb_142,2791,6.0
tmdb_142,3107,8.0
tmdb_142,3114,8.0
tmdb_142,3543,6.0
tmdb_142,4291,2.0
tmdb_142,4564,4.0
tmdb_142,4787,8.0
tmdb_143,101,10.0
tmdb_143,160,3.0
tmdb_143,173,4.0
tmdb_143,225,2.0
tmdb_143,296,8.0
tmdb_143,318,9.0
tmdb_143,480,6.0
tmdb_143,522,2.0
tmdb_143,527,7.0
tmdb_143,593,9.0
tmdb_143,778,9.0
tmdb_143,832,7.0
tmdb_143,920,10.0
tmdb_143,1089,9.0
tmdb_143,1245,3.0
tmdb_143,1247,9.0
tmdb_143,1252,7.0
tmdb_143,1358,8.0
tmdb_143,1380,6.0
tmdb_143,1653,2.0
tmdb_143,1673,9.0
tmdb_143,1729,8.0
tmdb_143,1884,8.0
tmdb_143,2011,6.0
tmdb_143,2054,2.0
tmdb_143,2502,9.0
tmdb_143,2959,9.0
tmdb_143,3019,6.0
tmdb_143,4011,10.0
tmdb_143,4034,7.0
tmdb_143,4235,9.0
tmdb_143,4886,6.0
tmdb_143,4973,9.0
tmdb_143,8645,9.0
tmdb_143,8873,8.0
tmdb_143,8970,10.0
tmdb_143,33166,9.0
tmdb_143,39414,10.0
tmdb_143,44191,10.0
tmdb_144,21,4.0
tmdb_144,150,6.0
tmdb_144,153,6.0
tmdb_144,165,8.0
tmdb_144,185,4.0
tmdb_144,225,8.0
tmdb_144,253,6.0
tmdb_144,266,8.0
tmdb_144,288,6.0
tmdb_144,292,6.0
tmdb_144,296,10.0
tmdb_144,315,6.0
tmdb_144,316,6.0
tmdb_144,329,6.0
tmdb_144,337,8.0
tmdb_144,344,6.0
tmdb_144,349,10.0
tmdb_144,364,10.0
tmdb_144,377,10.0
tmdb_144,380,6.0
tmdb_144,410,4.0
tmdb_144,434,6.0
tmdb_144,454,10.0
tmdb_144,457,10.0
tmdb_144,480,8.0
tmdb_144,500,6.0
tmdb_144,527,8.0
tmdb_144,553,6.0
tmdb_144,588,6.0
tmdb_144,590,8.0
tmdb_144,592,6.0
tmdb_144,593,10.0
tmdb_145,19,10.0
tmdb_145,110,8.0
tmdb_145,150,6.0
tmdb_145,153,10.0
tmdb_145,161,10.0
tmdb_145,165,10.0
tmdb_145,185,10.0
tmdb_145,225,10.0
tmdb_145,231,10.0
tmdb_145,253,6.0
tmdb_145,292,8.0
tmdb_145,296,6.0
tmdb_145,300,2.0
tmdb_145,316,10.0
tmdb_145,317,10.0
tmdb_145,329,6.0
tmdb_145,344,10.0
tmdb_145,364,10.0
tmdb_145,377,10.0
tmdb_145,380,10.0
tmdb_145,410,8.0
tmdb_145,434,10.0
tmdb_145,480,10.0
tmdb_145,500,10.0
tmdb_145,587,10.0
tmdb_145,588,8.0
tmdb_145,592,10.0
tmdb_145,593,10.0
tmdb_145,595,8.0
tmdb_145,597,10.0
tmdb_145,780,10.0
tmdb_146,150,8.0
tmdb_146,153,4.0
tmdb_146,165,6.0
tmdb_146,260,10.0
tmdb_146,318,9.0
tmdb_146,344,5.0
tmdb_146,364,10.0
tmdb_146,377,5.0
tmdb_146,380,5.0
tmdb_146,435,6.0
tmdb_146,457,8.0
tmdb_146,480,8.0
tmdb_146,494,7.0
tmdb_146,524,7.0
tmdb_146,543,6.0
tmdb_146,588,10.0
tmdb_146,592,8.0
tmdb_146,593,8.0
tmdb_146,780,7.0
tmdb_146,1580,7.0
tmdb_146,1721,6.0
tmdb_146,1831,2.0
tmdb_146,2006,5.0
tmdb_146,2028,9.0
tmdb_146,2302,7.0
tmdb_146,2762,7.0
tmdb_146,2959,7.0
tmdb_146,4226,9.0
tmdb_146,4886,7.0
tmdb_146,8961,9.0
tmdb_146,44191,8.0
tmdb_146,58559,10.0
tmdb_147,111,10.0
tmdb_147,207,7.0
tmdb_147,296,10.0
tmdb_147,381,7.0
tmdb_147,527,9.0
tmdb_147,608,10.0
tmdb_147,778,10.0
tmdb_147,934,8.0
tmdb_147,1556,4.0
tmdb_147,1588,8.0
tmdb_147,1665,7.0
tmdb_147,2116,8.0
tmdb_147,2123,8.0
tmdb_147,2324,9.0
tmdb_147,2565,8.0
tmdb_147,3034,8.0
tmdb_147,3396,6.0
tmdb_147,4011,10.0
tmdb_147,6016,10.0
tmdb_147,8873,8.0
tmdb_147,58559,8.0
tmdb_148,58,8.0
tmdb_148,145,4.0
tmdb_148,172,5.0
tmdb_148,185,6.0
tmdb_148,232,9.0
tmdb_148,329,8.0
tmdb_148,364,8.0
tmdb_148,480,9.0
tmdb_148,492,7.0
tmdb_148,585,5.0
tmdb_148,588,8.0
tmdb_148,590,7.0
tmdb_148,596,9.0
tmdb_148,648,8.0
tmdb_148,780,7.0
tmdb_148,903,10.0
tmdb_148,913,8.0
tmdb_148,919,9.0
tmdb_148,924,10.0
tmdb_148,934,7.0
tmdb_148,950,7.0
tmdb_148,1247,8.0
tmdb_148,1249,7.0
tmdb_148,1252,10.0
tmdb_148,1269,10.0
tmdb_148,1278,10.0
tmdb_148,1284,8.0
tmdb_148,1391,5.0
tmdb_148,1394,9.0
tmdb_148,1544,7.0
tmdb_148,1580,8.0
tmdb_148,1584,7.0
tmdb_148,1610,10.0
tmdb_148,1653,8.0
tmdb_148,1676,7.0
tmdb_148,1690,6.0
tmdb_148,1732,8.0
tmdb_148,1779,7.0
tmdb_148,1909,7.0
tmdb_148,1921,9.0
tmdb_148,1923,8.0
tmdb_148,2046,9.0
tmdb_148,2080,9.0
tmdb_148,2085,8.0
tmdb_148,2087,8.0
tmdb_148,2116,8.0
tmdb_148,2324,8.0
tmdb_148,3175,8.0
tmdb_148,3176,7.0
tmdb_148,3476,9.0
tmdb_148,4105,6.0
tmdb_148,4226,10.0
tmdb_148,4734,4.0
tmdb_148,4886,10.0
tmdb_148,4896,8.0
tmdb_148,4993,10.0
tmdb_148,5060,9.0
tmdb_148,5816,10.0
tmdb_148,5902,6.0
tmdb_148,5956,7.0
tmdb_148,5995,10.0
tmdb_148,6440,8.0
tmdb_149,104,2.0
tmdb_149,231,8.0
tmdb_149,253,7.0
tmdb_149,260,7.0
tmdb_149,293,9.0
tmdb_149,296,8.0
tmdb_149,318,9.0
tmdb_149,337,7.0
tmdb_149,480,4.0
tmdb_149,541,7.0
tmdb_149,586,6.0
tmdb_149,593,6.0
tmdb_149,780,7.0
tmdb_149,1089,8.0
tmdb_149,1090,5.0
tmdb_149,1103,7.0
tmdb_149,1259,8.0
tmdb_149,1265,8.0
tmdb_149,1393,8.0
tmdb_149,1676,7.0
tmdb_149,1682,7.0
tmdb_149,1732,5.0
tmdb_149,1968,8.0
tmdb_149,1994,7.0
tmdb_149,2011,8.0
tmdb_149,2161,8.0
tmdb_149,2288,8.0
tmdb_149,2291,6.0
tmdb_149,2360,4.0
tmdb_149,2761,8.0
tmdb_149,2791,4.0
tmdb_149,2959,8.0
tmdb_149,2978,8.0
tmdb_149,3176,8.0
tmdb_149,4011,8.0
tmdb_149,4226,9.0
tmdb_149,4641,5.0
tmdb_149,4816,8.0
tmdb_149,4886,7.0
tmdb_149,4896,7.0
tmdb_149,4973,7.0
tmdb_149,4974,7.0
tmdb_149,5481,2.0
tmdb_149,5971,7.0
tmdb_149,6593,6.0
tmdb_149,7451,9.0
tmdb_149,8874,7.0
tmdb_149,30707,6.0
tmdb_149,31658,8.0
tmdb_149,40815,8.0
tmdb_149,42418,10.0
tmdb_149,45722,6.0
tmdb_149,46976,7.0
tmdb_149,48385,8.0
tmdb_149,56152,9.0
tmdb_149,58559,8.0
tmdb_149,74458,7.0
tmdb_149,104374,10.0
tmdb_150,2,6.0
tmdb_150,5,5.0
tmdb_150,19,6.0
tmdb_150,21,7.0
tmdb_150,25,8.0
tmdb_150,69,5.0
tmdb_150,70,5.0
tmdb_150,71,6.0
tmdb_150,95,6.0
tmdb_150,104,10.0
tmdb_150,110,9.0
tmdb_150,112,8.0
tmdb_150,145,5.0
tmdb_150,153,6.0
tmdb_150,165,7.0
tmdb_150,170,5.0
tmdb_150,172,2.0
tmdb_150,174,6.0
tmdb_150,180,6.0
tmdb_150,185,7.0
tmdb_150,196,3.0
tmdb_150,216,9.0
tmdb_150,227,5.0
tmdb_150,231,6.0
tmdb_150,256,4.0
tmdb_150,260,9.0
tmdb_150,288,6.0
tmdb_150,292,6.0
tmdb_150,296,9.0
tmdb_150,316,8.0
tmdb_150,318,10.0
tmdb_150,327,4.0
tmdb_150,339,3.0
tmdb_150,342,2.0
tmdb_150,344,7.0
tmdb_150,349,8.0
tmdb_150,364,6.0
tmdb_150,377,7.0
tmdb_150,380,8.0
tmdb_150,435,5.0
tmdb_150,442,3.0
tmdb_150,457,8.0
tmdb_150,480,7.0
tmdb_150,500,3.0
tmdb_150,508,5.0
tmdb_150,539,3.0
tmdb_150,541,7.0
tmdb_150,544,5.0
tmdb_150,548,6.0
tmdb_150,586,5.0
tmdb_150,588,7.0
tmdb_150,590,6.0
tmdb_150,592,6.0
tmdb_150,648,7.0
tmdb_150,780,8.0
tmdb_150,784,6.0
tmdb_150,786,5.0
tmdb_150,788,6.0
tmdb_150,799,6.0
tmdb_150,805,8.0
tmdb_150,809,6.0
tmdb_150,829,2.0
tmdb_150,832,7.0
tmdb_150,836,6.0
tmdb_150,858,7.0
tmdb_150,1073,4.0
tmdb_150,1126,6.0
tmdb_150,1246,6.0
tmdb_150,1259,8.0
tmdb_150,1265,7.0
tmdb_150,1370,7.0
tmdb_150,1371,5.0
tmdb_150,1373,5.0
tmdb_150,1374,5.0
tmdb_150,1375,5.0
tmdb_150,1376,6.0
tmdb_150,1377,2.0
tmdb_150,1391,7.0
tmdb_150,1393,7.0
tmdb_150,1396,8.0
tmdb_150,1405,6.0
tmdb_150,1407,6.0
tmdb_150,1429,7.0
tmdb_150,1485,7.0
tmdb_150,1544,6.0
tmdb_150,1552,7.0
tmdb_150,1573,8.0
tmdb_150,1580,5.0
tmdb_150,1584,8.0
tmdb_150,1588,2.0
tmdb_150,1590,9.0
tmdb_150,1597,7.0
tmdb_150,1608,6.0
tmdb_150,1610,9.0
tmdb_150,1616,6.0
tmdb_150,1620,8.0
tmdb_150,1641,7.0
tmdb_150,1644,5.0
tmdb_150,1645,8.0
tmdb_150,1653,4.0
tmdb_150,1673,6.0
tmdb_150,1676,1.0
tmdb_150,1682,6.0
tmdb_150,1721,9.0
tmdb_150,1722,9.0
tmdb_150,1732,6.0
tmdb_150,1792,7.0
tmdb_150,1831,5.0
tmdb_150,1833,6.0
tmdb_150,1892,5.0
tmdb_150,1894,4.0
tmdb_150,1895,6.0
tmdb_150,1909,6.0
tmdb_150,1917,8.0
tmdb_150,1918,7.0
tmdb_150,1923,6.0
tmdb_150,1954,8.0
tmdb_150,1961,6.0
tmdb_150,1967,6.0
tmdb_150,2000,7.0
tmdb_150,2001,6.0
tmdb_150,2002,6.0
tmdb_150,2004,4.0
tmdb_150,2005,6.0
tmdb_150,2011,8.0
tmdb_150,2012,9.0
tmdb_150,2028,9.0
tmdb_150,2042,3.0
tmdb_150,2054,2.0
tmdb_150,2058,7.0
tmdb_150,2082,4.0
tmdb_150,2114,3.0
tmdb_150,2115,8.0
tmdb_150,2253,4.0
tmdb_150,2294,5.0
tmdb_150,2321,4.0
tmdb_150,2334,5.0
tmdb_150,2335,8.0
tmdb_150,2355,5.0
tmdb_150,2502,7.0
tmdb_150,2567,2.0
tmdb_150,2605,5.0
tmdb_150,2617,8.0
tmdb_150,2640,5.0
tmdb_150,2694,7.0
tmdb_150,2722,5.0
tmdb_150,2762,9.0
tmdb_150,2770,4.0
tmdb_150,2959,7.0
tmdb_150,2989,5.0
tmdb_150,2990,6.0
tmdb_150,2993,5.0
tmdb_150,3052,4.0
tmdb_150,3082,8.0
tmdb_150,3146,7.0
tmdb_150,3173,8.0
tmdb_150,3509,6.0
tmdb_150,3536,6.0
tmdb_150,3635,6.0
tmdb_150,3638,5.0
tmdb_150,4025,5.0
tmdb_150,4226,4.0
tmdb_150,4228,5.0
tmdb_150,4351,6.0
tmdb_150,4369,7.0
tmdb_150,4638,4.0
tmdb_150,4701,7.0
tmdb_150,4727,4.0
tmdb_150,4734,6.0
tmdb_150,4816,8.0
tmdb_150,4896,3.0
tmdb_150,4951,6.0
tmdb_150,4993,9.0
tmdb_150,5816,3.0
tmdb_150,5956,6.0
tmdb_150,6264,5.0
tmdb_150,6373,7.0
tmdb_150,6537,7.0
tmdb_150,6936,6.0
tmdb_150,7346,8.0
tmdb_150,8010,8.0
tmdb_150,8665,9.0
tmdb_150,8874,7.0
tmdb_150,8968,6.0
tmdb_150,27338,6.0
tmdb_150,49530,9.0
tmdb_150,74458,8.0
tmdb_151,2,8.0
tmdb_151,19,6.0
tmdb_151,21,10.0
tmdb_151,95,6.0
tmdb_151,110,8.0
tmdb_151,150,10.0
tmdb_151,153,2.0
tmdb_151,160,6.0
tmdb_151,161,10.0
tmdb_151,165,8.0
tmdb_151,173,2.0
tmdb_151,185,6.0
tmdb_151,225,6.0
tmdb_151,231,8.0
tmdb_151,253,6.0
tmdb_151,266,6.0
tmdb_151,288,8.0
tmdb_151,292,8.0
tmdb_151,296,10.0
tmdb_151,300,6.0
tmdb_151,315,4.0
tmdb_151,316,10.0
tmdb_151,317,6.0
tmdb_151,329,10.0
tmdb_151,339,6.0
tmdb_151,344,6.0
tmdb_151,349,8.0
tmdb_151,350,8.0
tmdb_151,364,10.0
tmdb_151,377,10.0
tmdb_151,380,8.0
tmdb_151,410,6.0
tmdb_151,434,8.0
tmdb_151,435,10.0
tmdb_151,440,6.0
tmdb_151,442,8.0
tmdb_151,454,8.0
tmdb_151,457,10.0
tmdb_151,480,10.0
tmdb_151,500,8.0
tmdb_151,509,6.0
tmdb_151,527,10.0
tmdb_151,539,6.0
tmdb_151,553,6.0
tmdb_151,587,10.0
tmdb_151,588,6.0
tmdb_151,590,6.0
tmdb_151,592,6.0
tmdb_151,595,6.0
tmdb_151,597,6.0
tmdb_152,6,8.0
tmdb_152,21,7.0
tmdb_152,25,1.0
tmdb_152,95,7.0
tmdb_152,110,1.0
tmdb_152,111,7.0
tmdb_152,135,3.0
tmdb_152,150,7.0
tmdb_152,161,8.0
tmdb_152,185,3.0
tmdb_152,231,4.0
tmdb_152,253,4.0
tmdb_152,260,8.0
tmdb_152,288,4.0
tmdb_152,293,8.0
tmdb_152,296,9.0
tmdb_152,316,8.0
tmdb_152,318,8.0
tmdb_152,349,6.0
tmdb_152,377,7.0
tmdb_152,380,7.0
tmdb_152,434,3.0
tmdb_152,454,7.0
tmdb_152,457,8.0
tmdb_152,480,6.0
tmdb_152,500,5.0
tmdb_152,541,9.0
tmdb_152,586,5.0
tmdb_152,587,5.0
tmdb_152,590,7.0
tmdb_152,593,9.0
tmdb_152,597,4.0
tmdb_152,608,9.0
tmdb_152,750,6.0
tmdb_152,778,4.0
tmdb_152,780,8.0
tmdb_152,924,8.0
tmdb_152,1089,7.0
tmdb_152,1090,7.0
tmdb_152,1265,8.0
tmdb_152,1272,5.0
tmdb_152,1580,8.0
tmdb_152,1590,9.0
tmdb_152,1635,1.0
tmdb_152,1653,10.0
tmdb_152,1680,7.0
tmdb_152,1682,7.0
tmdb_152,1721,3.0
tmdb_152,1732,8.0
tmdb_152,1923,8.0
tmdb_152,1961,7.0
tmdb_152,2028,10.0
tmdb_152,2324,6.0
tmdb_152,2762,5.0
tmdb_152,2959,9.0
tmdb_152,4011,6.0
tmdb_152,4226,8.0
tmdb_152,4886,7.0
tmdb_152,4896,8.0
tmdb_152,4973,9.0
tmdb_152,4993,8.0
tmdb_152,4995,6.0
tmdb_152,5060,3.0
tmdb_152,5816,8.0
tmdb_152,6934,9.0
tmdb_152,8665,8.0
tmdb_152,8961,7.0
tmdb_152,30707,5.0
tmdb_152,33166,6.0
tmdb_152,40815,8.0
tmdb_152,41566,7.0
tmdb_152,44191,4.0
tmdb_152,49530,9.0
tmdb_152,58559,9.0
tmdb_152,74458,7.0
tmdb_153,110,6.0
tmdb_153,147,8.0
tmdb_153,170,10.0
tmdb_153,224,6.0
tmdb_153,296,10.0
tmdb_153,306,10.0
tmdb_153,307,10.0
tmdb_153,489,6.0
tmdb_153,546,2.0
tmdb_153,760,10.0
tmdb_153,912,10.0
tmdb_153,920,10.0
tmdb_153,932,10.0
tmdb_153,1255,10.0
tmdb_153,1259,10.0
tmdb_153,1277,8.0
tmdb_153,1498,10.0
tmdb_153,1682,8.0
tmdb_153,2116,10.0
tmdb_153,2762,10.0
tmdb_153,2959,8.0
tmdb_153,4886,10.0
tmdb_153,4973,10.0
tmdb_154,3,8.0
tmdb_154,5,6.0
tmdb_154,18,10.0
tmdb_154,62,6.0
tmdb_154,85,8.0
tmdb_154,107,8.0
tmdb_154,608,10.0
tmdb_154,637,6.0
tmdb_154,648,10.0
tmdb_154,661,10.0
tmdb_154,671,8.0
tmdb_154,673,8.0
tmdb_154,708,6.0
tmdb_154,711,6.0
tmdb_154,762,8.0
tmdb_154,780,10.0
tmdb_154,783,6.0
tmdb_154,806,8.0
tmdb_154,1391,8.0
tmdb_154,1393,8.0
tmdb_154,1405,8.0
tmdb_155,110,8.0
tmdb_155,198,8.0
tmdb_155,260,10.0
tmdb_155,480,4.0
tmdb_155,527,10.0
tmdb_155,541,10.0
tmdb_155,593,10.0
tmdb_155,750,6.0
tmdb_155,780,4.0
tmdb_155,912,8.0
tmdb_155,924,8.0
tmdb_155,965,8.0
tmdb_155,1127,6.0
tmdb_155,1396,6.0
tmdb_155,1573,4.0
tmdb_155,1580,10.0
tmdb_155,1957,6.0
tmdb_155,1965,2.0
tmdb_155,2011,4.0
tmdb_155,2012,4.0
tmdb_155,2028,10.0
tmdb_155,2288,8.0
tmdb_155,2455,8.0
tmdb_155,2528,6.0
tmdb_155,2699,6.0
tmdb_155,2791,10.0
tmdb_156,508,10.0
tmdb_156,585,1.0
tmdb_156,802,9.0
tmdb_156,1271,9.0
tmdb_156,1285,9.0
tmdb_156,1572,9.0
tmdb_156,1673,10.0
tmdb_156,1722,1.0
tmdb_156,1884,10.0
tmdb_156,2395,8.0
tmdb_156,2770,3.0
tmdb_156,3101,9.0
tmdb_156,4816,9.0
tmdb_156,4975,10.0
tmdb_156,74458,9.0
tmdb_157,2,5.0
tmdb_157,12,4.0
tmdb_157,160,6.0
tmdb_157,165,6.0
tmdb_157,235,9.0
tmdb_157,260,7.0
tmdb_157,267,5.0
tmdb_157,293,9.0
tmdb_157,296,8.0
tmdb_157,316,6.0
tmdb_157,344,2.0
tmdb_157,377,6.0
tmdb_157,466,5.0
tmdb_157,480,6.0
tmdb_157,527,6.0
tmdb_157,541,7.0
tmdb_157,551,8.0
tmdb_157,586,6.0
tmdb_157,648,7.0
tmdb_157,778,8.0
tmdb_157,780,6.0
tmdb_157,924,7.0
tmdb_157,1127,7.0
tmdb_157,1265,6.0
tmdb_157,1387,6.0
tmdb_157,1391,5.0
tmdb_157,1544,6.0
tmdb_157,1573,5.0
tmdb_157,1580,6.0
tmdb_157,1590,7.0
tmdb_157,1653,8.0
tmdb_157,1676,5.0
tmdb_157,1682,8.0
tmdb_157,1690,6.0
tmdb_157,1721,6.0
tmdb_157,1732,8.0
tmdb_157,1923,4.0
tmdb_157,1961,7.0
tmdb_157,1991,6.0
tmdb_157,2003,6.0
tmdb_157,2012,7.0
tmdb_157,2028,6.0
tmdb_157,2054,6.0
tmdb_157,2115,7.0
tmdb_157,2288,9.0
tmdb_157,2291,8.0
tmdb_157,2355,6.0
tmdb_157,2363,6.0
tmdb_157,2383,4.0
tmdb_157,2455,9.0
tmdb_157,2470,5.0
tmdb_157,2502,6.0
tmdb_157,2762,8.0
tmdb_157,2959,9.0
tmdb_157,4011,8.0
tmdb_157,4226,9.0
tmdb_157,4886,7.0
tmdb_157,4973,8.0
tmdb_157,4993,7.0
tmdb_157,5146,8.0
tmdb_157,6016,8.0
tmdb_157,6283,8.0
tmdb_157,6373,5.0
tmdb_157,6537,6.0
tmdb_157,6934,5.0
tmdb_157,7090,8.0
tmdb_157,7454,3.0
tmdb_157,8012,8.0
tmdb_157,8665,7.0
tmdb_157,8874,7.0
tmdb_157,8914,8.0
tmdb_157,8961,6.0
tmdb_157,8984,4.0
tmdb_157,26547,7.0
tmdb_157,27317,8.0
tmdb_157,30793,6.0
tmdb_157,31364,8.0
tmdb_157,31658,8.0
tmdb_157,32078,6.0
tmdb_157,42632,8.0
tmdb_157,45722,6.0
tmdb_157,48385,7.0
tmdb_157,55721,7.0
tmdb_157,58559,9.0
tmdb_157,65642,9.0
tmdb_157,74458,7.0
tmdb_157,79553,8.0
tmdb_157,85510,1.0
tmdb_158,319,8.0
tmdb_158,327,4.0
tmdb_158,481,7.0
tmdb_158,1957,8.0
tmdb_158,1967,8.0
tmdb_158,2004,7.0
tmdb_158,58559,8.0
tmdb_159,25,9.0
tmdb_159,62,7.0
tmdb_159,76,6.0
tmdb_159,110,8.0
tmdb_159,111,8.0
tmdb_159,150,7.0
tmdb_159,165,7.0
tmdb_159,180,6.0
tmdb_159,231,3.0
tmdb_159,253,3.0
tmdb_159,260,10.0
tmdb_159,265,8.0
tmdb_159,296,9.0
tmdb_159,318,10.0
tmdb_159,329,5.0
tmdb_159,344,4.0
tmdb_159,349,4.0
tmdb_159,364,7.0
tmdb_159,377,6.0
tmdb_159,380,6.0
tmdb_159,434,1.0
tmdb_159,457,6.0
tmdb_159,480,8.0
tmdb_159,497,7.0
tmdb_159,500,4.0
tmdb_159,527,9.0
tmdb_159,539,4.0
tmdb_159,541,10.0
tmdb_159,587,5.0
tmdb_159,592,6.0
tmdb_159,593,10.0
tmdb_159,597,6.0
tmdb_159,608,8.0
tmdb_159,745,7.0
tmdb_159,780,7.0
tmdb_159,799,6.0
tmdb_159,800,9.0
tmdb_159,858,8.0
tmdb_159,903,8.0
tmdb_159,912,10.0
tmdb_159,913,8.0
tmdb_159,923,10.0
tmdb_159,1213,8.0
tmdb_159,1252,10.0
tmdb_159,1254,8.0
tmdb_159,1262,9.0
tmdb_159,1267,8.0
tmdb_159,1580,7.0
tmdb_159,1586,6.0
tmdb_159,1721,8.0
tmdb_159,1907,7.0
tmdb_159,1911,2.0
tmdb_159,1955,7.0
tmdb_159,1965,8.0
tmdb_159,2000,8.0
tmdb_159,2019,9.0
tmdb_159,2028,9.0
tmdb_159,2302,7.0
tmdb_159,2527,8.0
tmdb_159,2762,6.0
tmdb_159,2959,7.0
tmdb_159,3019,8.0
tmdb_159,3022,7.0
tmdb_159,3037,8.0
tmdb_159,3089,7.0
tmdb_159,3104,5.0
tmdb_159,3763,6.0
tmdb_159,4226,7.0
tmdb_159,4235,7.0
tmdb_159,4327,9.0
tmdb_159,4973,9.0
tmdb_159,4993,9.0
tmdb_159,5060,8.0
tmdb_159,5971,7.0
tmdb_159,6016,7.0
tmdb_159,7445,9.0
tmdb_159,8645,8.0
tmdb_159,8873,7.0
tmdb_159,8966,3.0
tmdb_160,111,8.0
tmdb_160,280,10.0
tmdb_160,318,10.0
tmdb_160,339,8.0
tmdb_160,350,8.0
tmdb_160,454,8.0
tmdb_160,457,10.0
tmdb_160,490,8.0
tmdb_160,527,6.0
tmdb_160,539,10.0
tmdb_160,586,6.0
tmdb_160,587,10.0
tmdb_160,593,6.0
tmdb_160,597,10.0
tmdb_160,832,10.0
tmdb_160,858,6.0
tmdb_160,1088,8.0
tmdb_160,1092,8.0
tmdb_160,1124,10.0
tmdb_160,1213,6.0
tmdb_160,1244,8.0
tmdb_160,1265,8.0
tmdb_160,1358,10.0
tmdb_160,1380,8.0
tmdb_160,1393,10.0
tmdb_160,1485,6.0
tmdb_160,1678,8.0
tmdb_160,1721,8.0
tmdb_160,1727,6.0
tmdb_160,1923,8.0
tmdb_160,1955,10.0
tmdb_160,1956,8.0
tmdb_160,1958,10.0
tmdb_160,1961,10.0
tmdb_160,1968,8.0
tmdb_160,2002,8.0
tmdb_160,2313,8.0
tmdb_160,2469,4.0
tmdb_160,2639,8.0
tmdb_160,2762,10.0
tmdb_160,2791,6.0
tmdb_160,3111,10.0
tmdb_160,3591,8.0
tmdb_161,2,8.0
tmdb_161,11,8.0
tmdb_161,17,10.0
tmdb_161,21,6.0
tmdb_161,25,6.0
tmdb_161,62,8.0
tmdb_161,95,8.0
tmdb_161,141,10.0
tmdb_161,145,6.0
tmdb_161,150,8.0
tmdb_161,153,6.0
tmdb_161,158,8.0
tmdb_161,160,6.0
tmdb_161,161,10.0
tmdb_161,163,8.0
tmdb_161,165,6.0
tmdb_161,172,8.0
tmdb_161,173,6.0
tmdb_161,185,8.0
tmdb_161,204,6.0
tmdb_161,224,6.0
tmdb_161,225,8.0
tmdb_161,227,6.0
tmdb_161,231,6.0
tmdb_161,236,6.0
tmdb_161,237,6.0
tmdb_161,252,8.0
tmdb_161,256,6.0
tmdb_161,261,6.0
tmdb_161,266,8.0
tmdb_161,277,6.0
tmdb_161,292,8.0
tmdb_161,293,6.0
tmdb_161,296,6.0
tmdb_161,300,8.0
tmdb_161,315,6.0
tmdb_161,316,6.0
tmdb_161,317,6.0
tmdb_161,318,10.0
tmdb_161,329,6.0
tmdb_161,337,6.0
tmdb_161,339,6.0
tmdb_161,344,8.0
tmdb_161,349,6.0
tmdb_161,350,10.0
tmdb_161,364,6.0
tmdb_161,377,10.0
tmdb_161,380,8.0
tmdb_161,410,10.0
tmdb_161,434,6.0
tmdb_161,440,8.0
tmdb_161,442,6.0
tmdb_161,454,8.0
tmdb_161,457,10.0
tmdb_161,480,8.0
tmdb_161,500,8.0
tmdb_161,508,8.0
tmdb_161,509,8.0
tmdb_161,539,6.0
tmdb_161,553,8.0
tmdb_161,585,6.0
tmdb_161,586,6.0
tmdb_161,587,8.0
tmdb_161,588,6.0
tmdb_161,590,6.0
tmdb_161,592,6.0
tmdb_161,593,10.0
tmdb_161,595,6.0
tmdb_161,597,6.0
tmdb_161,608,6.0
tmdb_161,648,6.0
tmdb_162,3,4.0
tmdb_162,5,8.0
tmdb_162,6,6.0
tmdb_162,17,8.0
tmdb_162,62,10.0
tmdb_162,64,6.0
tmdb_162,100,6.0
tmdb_162,118,6.0
tmdb_162,140,8.0
tmdb_162,141,10.0
tmdb_162,494,6.0
tmdb_162,605,6.0
tmdb_162,608,10.0
tmdb_162,637,6.0
tmdb_162,648,6.0
tmdb_162,650,6.0
tmdb_162,707,6.0
tmdb_162,708,6.0
tmdb_162,780,6.0
tmdb_162,788,6.0
tmdb_162,805,6.0
tmdb_162,1393,10.0
tmdb_163,19,1.0
tmdb_163,110,8.0
tmdb_163,150,9.0
tmdb_163,153,1.0
tmdb_163,260,8.0
tmdb_163,296,6.0
tmdb_163,318,10.0
tmdb_163,344,3.0
tmdb_163,457,8.0
tmdb_163,480,7.0
tmdb_163,527,10.0
tmdb_163,586,7.0
tmdb_163,588,5.0
tmdb_163,592,5.0
tmdb_163,593,9.0
tmdb_163,648,6.0
tmdb_163,780,6.0
tmdb_163,858,10.0
tmdb_163,1092,7.0
tmdb_163,1370,3.0
tmdb_163,1721,7.0
tmdb_163,1835,7.0
tmdb_163,1882,3.0
tmdb_163,1994,7.0
tmdb_163,2028,8.0
tmdb_163,2324,6.0
tmdb_163,4993,7.0
tmdb_163,92751,8.0
tmdb_164,104,8.0
tmdb_164,110,6.0
tmdb_164,111,9.0
tmdb_164,223,9.0
tmdb_164,231,4.0
tmdb_164,260,6.0
tmdb_164,293,8.0
tmdb_164,296,9.0
tmdb_164,317,2.0
tmdb_164,318,9.0
tmdb_164,364,8.0
tmdb_164,441,8.0
tmdb_164,480,6.0
tmdb_164,608,9.0
tmdb_164,609,4.0
tmdb_164,788,5.0
tmdb_164,913,8.0
tmdb_164,922,8.0
tmdb_164,954,10.0
tmdb_164,1073,8.0
tmdb_164,1089,10.0
tmdb_164,1265,8.0
tmdb_164,1285,8.0
tmdb_164,1580,7.0
tmdb_164,1688,6.0
tmdb_164,1722,7.0
tmdb_164,1732,7.0
tmdb_164,1907,6.0
tmdb_164,1923,7.0
tmdb_164,1968,8.0
tmdb_164,2109,8.0
tmdb_164,2321,8.0
tmdb_164,2791,8.0
tmdb_164,3114,7.0
tmdb_164,4641,9.0
tmdb_164,4973,8.0
tmdb_164,4993,6.0
tmdb_164,6373,7.0
tmdb_164,8464,8.0
tmdb_164,8665,7.0
tmdb_164,8961,7.0
tmdb_164,26974,8.0
tmdb_164,33166,8.0
tmdb_165,2,6.0
tmdb_165,3,5.0
tmdb_165,19,2.0
tmdb_165,21,5.0
tmdb_165,22,7.0
tmdb_165,62,7.0
tmdb_165,70,10.0
tmdb_165,81,6.0
tmdb_165,104,8.0
tmdb_165,110,9.0
tmdb_165,111,8.0
tmdb_165,112,4.0
tmdb_165,145,7.0
tmdb_165,158,4.0
tmdb_165,163,8.0
tmdb_165,165,10.0
tmdb_165,173,3.0
tmdb_165,185,5.0
tmdb_165,196,4.0
tmdb_165,198,6.0
tmdb_165,216,7.0
tmdb_165,225,4.0
tmdb_165,231,8.0
tmdb_165,246,6.0
tmdb_165,276,4.0
tmdb_165,280,7.0
tmdb_165,292,6.0
tmdb_165,293,10.0
tmdb_165,296,7.0
tmdb_165,317,5.0
tmdb_165,318,8.0
tmdb_165,322,9.0
tmdb_165,338,4.0
tmdb_165,339,5.0
tmdb_165,344,8.0
tmdb_165,350,6.0
tmdb_165,364,7.0
tmdb_165,377,6.0
tmdb_165,380,8.0
tmdb_165,393,2.0
tmdb_165,424,7.0
tmdb_165,434,4.0
tmdb_165,442,5.0
tmdb_165,457,6.0
tmdb_165,466,8.0
tmdb_165,470,6.0
tmdb_165,480,6.0
tmdb_165,500,6.0
tmdb_165,502,3.0
tmdb_165,508,9.0
tmdb_165,524,6.0
tmdb_165,527,8.0
tmdb_165,539,4.0
tmdb_165,543,9.0
tmdb_165,546,2.0
tmdb_165,586,9.0
tmdb_165,587,6.0
tmdb_165,588,8.0
tmdb_165,592,8.0
tmdb_165,593,6.0
tmdb_165,595,6.0
tmdb_165,596,6.0
tmdb_165,608,6.0
tmdb_165,648,7.0
tmdb_165,653,2.0
tmdb_165,671,7.0
tmdb_165,673,3.0
tmdb_165,780,8.0
tmdb_165,784,4.0
tmdb_165,802,5.0
tmdb_165,805,9.0
tmdb_165,810,5.0
tmdb_165,832,5.0
tmdb_165,834,6.0
tmdb_165,866,6.0
tmdb_165,919,7.0
tmdb_165,968,10.0
tmdb_165,1059,8.0
tmdb_165,1073,10.0
tmdb_165,1092,5.0
tmdb_165,1257,3.0
tmdb_165,1259,7.0
tmdb_165,1265,8.0
tmdb_165,1370,5.0
tmdb_165,1377,8.0
tmdb_165,1380,4.0
tmdb_165,1391,6.0
tmdb_165,1393,10.0
tmdb_165,1405,8.0
tmdb_165,1430,5.0
tmdb_165,1485,8.0
tmdb_165,1544,6.0
tmdb_165,1552,5.0
tmdb_165,1562,1.0
tmdb_165,1573,7.0
tmdb_165,1580,5.0
tmdb_165,1597,5.0
tmdb_165,1599,6.0
tmdb_165,1632,5.0
tmdb_165,1639,8.0
tmdb_165,1645,5.0
tmdb_165,1661,3.0
tmdb_165,1682,6.0
tmdb_165,1721,6.0
tmdb_165,1729,4.0
tmdb_165,1840,6.0
tmdb_165,1863,7.0
tmdb_165,1882,2.0
tmdb_165,1917,10.0
tmdb_165,1921,7.0
tmdb_165,1923,7.0
tmdb_165,1970,6.0
tmdb_165,1997,5.0
tmdb_165,2003,7.0
tmdb_165,2005,7.0
tmdb_165,2012,5.0
tmdb_165,2018,6.0
tmdb_165,2028,8.0
tmdb_165,2054,6.0
tmdb_165,2078,6.0
tmdb_165,2087,6.0
tmdb_165,2115,6.0
tmdb_165,2134,6.0
tmdb_165,2232,10.0
tmdb_165,2253,7.0
tmdb_165,2302,6.0
tmdb_165,2321,6.0
tmdb_165,2395,7.0
tmdb_165,2455,6.0
tmdb_165,2462,6.0
tmdb_165,2502,6.0
tmdb_165,2617,7.0
tmdb_165,2662,4.0
tmdb_165,2699,6.0
tmdb_165,2762,10.0
tmdb_165,2791,6.0
tmdb_165,2841,6.0
tmdb_165,2959,10.0
tmdb_165,2979,4.0
tmdb_165,3033,8.0
tmdb_165,3052,4.0
tmdb_165,3101,5.0
tmdb_165,3160,7.0
tmdb_165,3554,8.0
tmdb_165,3593,1.0
tmdb_165,4011,2.0
tmdb_165,4025,3.0
tmdb_165,4034,7.0
tmdb_165,4105,6.0
tmdb_165,4226,7.0
tmdb_165,4235,8.0
tmdb_165,4255,6.0
tmdb_165,4369,4.0
tmdb_165,4734,5.0
tmdb_165,4886,6.0
tmdb_165,4995,7.0
tmdb_165,5165,7.0
tmdb_165,5562,4.0
tmdb_165,5765,10.0
tmdb_165,5902,1.0
tmdb_165,5955,10.0
tmdb_165,6016,6.0
tmdb_165,6620,3.0
tmdb_165,6936,5.0
tmdb_165,6947,2.0
tmdb_165,7090,7.0
tmdb_165,7343,3.0
tmdb_165,7445,8.0
tmdb_165,8130,6.0
tmdb_165,8363,2.0
tmdb_165,8366,4.0
tmdb_165,8367,4.0
tmdb_165,8645,10.0
tmdb_165,8665,7.0
tmdb_165,8810,2.0
tmdb_165,8832,3.0
tmdb_165,8835,3.0
tmdb_165,8836,1.0
tmdb_165,8839,5.0
tmdb_165,8860,2.0
tmdb_165,8870,8.0
tmdb_165,8874,8.0
tmdb_165,8908,2.0
tmdb_165,8961,6.0
tmdb_165,8974,5.0
tmdb_165,8984,2.0
tmdb_165,9010,10.0
tmdb_165,27317,6.0
tmdb_165,31221,7.0
tmdb_165,31696,5.0
tmdb_166,147,9.0
tmdb_166,163,7.0
tmdb_166,293,9.0
tmdb_166,342,8.0
tmdb_166,435,1.0
tmdb_166,480,7.0
tmdb_166,524,8.0
tmdb_166,590,10.0
tmdb_166,608,6.0
tmdb_166,653,6.0
tmdb_166,912,4.0
tmdb_166,1246,9.0
tmdb_166,1393,8.0
tmdb_166,1584,8.0
tmdb_166,1676,6.0
tmdb_166,1682,8.0
tmdb_166,1732,2.0
tmdb_166,1917,6.0
tmdb_166,1968,8.0
tmdb_166,2302,8.0
tmdb_166,2355,8.0
tmdb_166,3114,8.0
tmdb_166,3489,8.0
tmdb_166,4886,9.0
tmdb_166,6535,8.0
tmdb_167,480,10.0
tmdb_167,575,10.0
tmdb_167,2002,8.0
tmdb_167,2078,10.0
tmdb_167,2355,8.0
tmdb_167,2454,10.0
tmdb_167,2455,10.0
tmdb_167,2640,6.0
tmdb_167,2699,6.0
tmdb_167,3101,10.0
tmdb_168,20,4.0
tmdb_168,21,8.0
tmdb_168,93,4.0
tmdb_168,110,6.0
tmdb_168,111,10.0
tmdb_168,122,6.0
tmdb_168,145,6.0
tmdb_168,150,8.0
tmdb_168,153,6.0
tmdb_168,163,6.0
tmdb_168,164,6.0
tmdb_168,165,6.0
tmdb_168,173,2.0
tmdb_168,175,6.0
tmdb_168,196,4.0
tmdb_168,198,4.0
tmdb_168,204,6.0
tmdb_168,217,6.0
tmdb_168,225,6.0
tmdb_168,227,4.0
tmdb_168,234,4.0
tmdb_168,235,8.0
tmdb_168,237,6.0
tmdb_168,252,6.0
tmdb_168,255,2.0
tmdb_168,259,6.0
tmdb_168,260,10.0
tmdb_168,269,8.0
tmdb_168,287,6.0
tmdb_168,288,6.0
tmdb_168,292,6.0
tmdb_168,296,8.0
tmdb_168,300,8.0
tmdb_168,318,10.0
tmdb_168,322,8.0
tmdb_168,329,6.0
tmdb_168,364,8.0
tmdb_168,377,8.0
tmdb_168,378,6.0
tmdb_168,380,6.0
tmdb_168,391,6.0
tmdb_168,410,6.0
tmdb_168,426,6.0
tmdb_168,427,6.0
tmdb_168,434,6.0
tmdb_168,440,8.0
tmdb_168,442,6.0
tmdb_168,445,6.0
tmdb_168,454,6.0
tmdb_168,457,8.0
tmdb_168,489,4.0
tmdb_168,493,8.0
tmdb_168,500,6.0
tmdb_168,505,4.0
tmdb_168,508,6.0
tmdb_168,509,6.0
tmdb_168,510,4.0
tmdb_168,524,6.0
tmdb_168,535,6.0
tmdb_168,540,4.0
tmdb_168,541,8.0
tmdb_168,553,6.0
tmdb_168,587,6.0
tmdb_168,590,8.0
tmdb_168,592,6.0
tmdb_168,593,10.0
tmdb_168,597,6.0
tmdb_168,608,10.0
tmdb_168,639,6.0
tmdb_168,648,6.0
tmdb_168,750,10.0
tmdb_168,780,8.0
tmdb_168,912,10.0
tmdb_168,924,10.0
tmdb_168,1073,10.0
tmdb_168,1089,8.0
tmdb_168,1092,6.0
tmdb_169,262,7.0
tmdb_169,274,4.0
tmdb_169,502,7.0
tmdb_169,527,10.0
tmdb_169,780,10.0
tmdb_169,838,7.0
tmdb_169,914,7.0
tmdb_169,2059,8.0
tmdb_169,2762,9.0
tmdb_169,3114,7.0
tmdb_169,3594,7.0
tmdb_169,4886,10.0
tmdb_169,4896,7.0
tmdb_169,4993,10.0
tmdb_169,4995,7.0
tmdb_169,5816,7.0
tmdb_169,6593,9.0
tmdb_169,8373,5.0
tmdb_169,8643,6.0
tmdb_169,8665,10.0
tmdb_169,8961,9.0
tmdb_169,8970,10.0
tmdb_169,8982,7.0
tmdb_169,26198,7.0
tmdb_169,31225,10.0
tmdb_169,33166,10.0
tmdb_169,40815,6.0
tmdb_169,42732,4.0
tmdb_169,43936,8.0
tmdb_169,44191,10.0
tmdb_169,49530,10.0
tmdb_169,51935,10.0
tmdb_169,56152,10.0
tmdb_169,58559,10.0
tmdb_169,63859,10.0
tmdb_170,524,5.0
tmdb_170,616,4.0
tmdb_170,849,2.0
tmdb_170,1093,4.0
tmdb_170,1272,6.0
tmdb_170,1373,8.0
tmdb_170,1682,6.0
tmdb_170,2020,6.0
tmdb_170,2078,4.0
tmdb_170,2144,6.0
tmdb_170,2355,5.0
tmdb_170,3107,3.0
tmdb_171,16,10.0
tmdb_171,110,10.0
tmdb_171,111,10.0
tmdb_171,223,10.0
tmdb_171,296,10.0
tmdb_171,608,10.0
tmdb_171,1089,10.0
tmdb_171,1093,6.0
tmdb_171,1213,10.0
tmdb_171,1729,10.0
tmdb_171,1732,8.0
tmdb_171,2268,8.0
tmdb_171,2355,8.0
tmdb_171,2395,10.0
tmdb_171,2694,8.0
tmdb_171,2699,8.0
tmdb_171,2734,8.0
tmdb_171,2770,8.0
tmdb_172,17,8.0
tmdb_172,107,10.0
tmdb_172,141,6.0
tmdb_172,150,8.0
tmdb_172,296,10.0
tmdb_172,300,8.0
tmdb_172,318,8.0
tmdb_172,364,6.0
tmdb_172,377,6.0
tmdb_172,457,8.0
tmdb_172,480,6.0
tmdb_172,509,8.0
tmdb_172,527,8.0
tmdb_172,539,6.0
tmdb_172,586,8.0
tmdb_172,588,6.0
tmdb_172,590,6.0
tmdb_172,592,6.0
tmdb_172,663,10.0
tmdb_172,806,10.0
tmdb_173,6,10.0
tmdb_173,62,8.0
tmdb_173,100,8.0
tmdb_173,107,6.0
tmdb_173,112,8.0
tmdb_173,260,10.0
tmdb_173,494,8.0
tmdb_173,605,10.0
tmdb_173,647,8.0
tmdb_173,653,6.0
tmdb_173,673,8.0
tmdb_173,708,6.0
tmdb_173,745,10.0
tmdb_173,762,6.0
tmdb_173,778,10.0
tmdb_173,780,8.0
tmdb_173,799,8.0
tmdb_173,804,8.0
tmdb_173,805,8.0
tmdb_173,832,8.0
tmdb_173,1073,8.0
tmdb_173,1367,8.0
tmdb_173,1485,6.0
tmdb_173,1542,10.0
tmdb_173,1552,8.0
tmdb_173,1562,6.0
tmdb_173,1580,8.0
tmdb_173,1591,6.0
tmdb_174,163,3.0
tmdb_174,168,8.0
tmdb_174,172,4.0
tmdb_174,186,7.0
tmdb_174,246,2.0
tmdb_174,342,5.0
tmdb_174,543,6.0
tmdb_174,552,8.0
tmdb_174,1252,1.0
tmdb_174,1376,9.0
tmdb_174,1380,9.0
tmdb_174,1639,8.0
tmdb_174,2302,5.0
tmdb_174,2699,7.0
tmdb_174,5060,7.0
tmdb_175,73,8.0
tmdb_175,95,8.0
tmdb_175,107,8.0
tmdb_175,199,8.0
tmdb_175,260,10.0
tmdb_175,261,8.0
tmdb_175,262,10.0
tmdb_175,276,4.0
tmdb_175,296,10.0
tmdb_175,308,6.0
tmdb_175,364,8.0
tmdb_175,480,8.0
tmdb_175,588,6.0
tmdb_175,595,8.0
tmdb_175,647,6.0
tmdb_175,783,6.0
tmdb_175,919,8.0
tmdb_175,1265,6.0
tmdb_175,1416,8.0
tmdb_175,1479,6.0
tmdb_175,1487,6.0
tmdb_175,1537,8.0
tmdb_175,1562,4.0
tmdb_175,1580,8.0
tmdb_175,1584,8.0
tmdb_175,1653,8.0
tmdb_175,1688,8.0
tmdb_175,1721,6.0
tmdb_175,1961,8.0
tmdb_175,1968,8.0
tmdb_175,2010,8.0
tmdb_175,2028,2.0
tmdb_175,2059,8.0
tmdb_175,2077,8.0
tmdb_175,2084,8.0
tmdb_175,2089,8.0
tmdb_175,2115,8.0
tmdb_175,2125,8.0
tmdb_175,2291,6.0
tmdb_175,2324,8.0
tmdb_175,2791,8.0
tmdb_175,2907,6.0
tmdb_175,2959,10.0
tmdb_175,3114,8.0
tmdb_175,3160,8.0
tmdb_175,4025,6.0
tmdb_175,4226,8.0
tmdb_175,4519,8.0
tmdb_175,4823,8.0
tmdb_175,4896,8.0
tmdb_175,4993,10.0
tmdb_175,5460,8.0
tmdb_175,5816,8.0
tmdb_175,5991,6.0
tmdb_176,2,6.0
tmdb_176,19,4.0
tmdb_176,253,4.0
tmdb_176,260,8.0
tmdb_176,296,8.0
tmdb_176,337,5.0
tmdb_176,344,4.0
tmdb_176,364,6.0
tmdb_176,480,5.0
tmdb_176,541,6.0
tmdb_176,551,5.0
tmdb_176,588,7.0
tmdb_176,593,8.0
tmdb_176,595,8.0
tmdb_176,596,1.0
tmdb_176,648,5.0
tmdb_176,709,5.0
tmdb_176,783,7.0
tmdb_176,1246,7.0
tmdb_176,1259,4.0
tmdb_176,1380,6.0
tmdb_176,1381,3.0
tmdb_176,1391,4.0
tmdb_176,1485,6.0
tmdb_176,1566,7.0
tmdb_176,1580,5.0
tmdb_176,1682,6.0
tmdb_176,1721,4.0
tmdb_176,1907,7.0
tmdb_176,1921,6.0
tmdb_176,1923,2.0
tmdb_176,1947,5.0
tmdb_176,2018,4.0
tmdb_176,2054,3.0
tmdb_176,2078,4.0
tmdb_176,2080,6.0
tmdb_176,2087,4.0
tmdb_176,2115,6.0
tmdb_176,2617,3.0
tmdb_176,2671,5.0
tmdb_176,3034,4.0
tmdb_176,3054,2.0
tmdb_176,4816,1.0
tmdb_176,4896,6.0
tmdb_176,4973,7.0
tmdb_176,4993,9.0
tmdb_176,5064,5.0
tmdb_176,5072,1.0
tmdb_176,5816,6.0
tmdb_176,5971,8.0
tmdb_176,6016,8.0
tmdb_176,6283,6.0
tmdb_176,6934,5.0
tmdb_176,7090,9.0
tmdb_176,8970,7.0
tmdb_176,8981,3.0
tmdb_176,8983,8.0
tmdb_176,27815,8.0
tmdb_176,27850,6.0
tmdb_176,30793,5.0
tmdb_176,31658,10.0
tmdb_176,40815,6.0
tmdb_176,41566,5.0
tmdb_176,41571,6.0
tmdb_176,44191,7.0
tmdb_176,45722,6.0
tmdb_176,46976,8.0
tmdb_176,55721,5.0
tmdb_176,56152,6.0
tmdb_176,56171,6.0
tmdb_176,58559,6.0
tmdb_176,71282,8.0
tmdb_176,74458,8.0
tmdb_176,86835,4.0
tmdb_177,2,10.0
tmdb_177,6,10.0
tmdb_177,18,8.0
tmdb_177,22,8.0
tmdb_177,66,2.0
tmdb_177,70,8.0
tmdb_177,76,4.0
tmdb_177,89,8.0
tmdb_177,95,8.0
tmdb_177,107,6.0
tmdb_177,111,8.0
tmdb_177,150,10.0
tmdb_177,160,4.0
tmdb_177,161,8.0
tmdb_177,163,8.0
tmdb_177,164,8.0
tmdb_177,165,10.0
tmdb_177,170,8.0
tmdb_177,172,8.0
tmdb_177,173,6.0
tmdb_177,185,8.0
tmdb_177,196,6.0
tmdb_177,198,10.0
tmdb_177,200,8.0
tmdb_177,223,10.0
tmdb_177,225,6.0
tmdb_177,240,6.0
tmdb_177,256,6.0
tmdb_177,258,4.0
tmdb_177,288,6.0
tmdb_177,292,8.0
tmdb_177,293,10.0
tmdb_177,316,8.0
tmdb_177,319,8.0
tmdb_177,327,6.0
tmdb_177,329,8.0
tmdb_177,332,8.0
tmdb_177,338,8.0
tmdb_177,349,8.0
tmdb_177,350,8.0
tmdb_177,377,8.0
tmdb_177,379,6.0
tmdb_177,405,4.0
tmdb_177,407,4.0
tmdb_177,422,10.0
tmdb_177,423,10.0
tmdb_177,426,6.0
tmdb_177,435,8.0
tmdb_177,442,6.0
tmdb_177,454,8.0
tmdb_177,457,10.0
tmdb_177,480,10.0
tmdb_177,481,8.0
tmdb_177,482,8.0
tmdb_177,494,6.0
tmdb_177,497,10.0
tmdb_177,504,6.0
tmdb_177,512,8.0
tmdb_177,540,6.0
tmdb_177,541,10.0
tmdb_177,546,6.0
tmdb_177,547,2.0
tmdb_177,587,8.0
tmdb_177,588,8.0
tmdb_177,593,10.0
tmdb_177,600,8.0
tmdb_177,608,10.0
tmdb_177,628,10.0
tmdb_177,662,10.0
tmdb_177,691,8.0
tmdb_177,780,10.0
tmdb_177,786,8.0
tmdb_177,788,8.0
tmdb_177,832,8.0
tmdb_177,839,6.0
tmdb_177,849,6.0
tmdb_177,861,8.0
tmdb_177,880,4.0
tmdb_177,891,6.0
tmdb_177,1089,10.0
tmdb_177,1092,10.0
tmdb_177,1127,10.0
tmdb_177,1259,10.0
tmdb_177,1370,10.0
tmdb_177,1372,10.0
tmdb_177,1373,6.0
tmdb_177,1374,10.0
tmdb_177,1375,8.0
tmdb_177,1376,10.0
tmdb_177,1391,8.0
tmdb_177,1396,8.0
tmdb_177,1407,10.0
tmdb_177,1422,6.0
tmdb_177,1427,6.0
tmdb_177,1479,10.0
tmdb_177,1499,2.0
tmdb_177,1544,8.0
tmdb_177,1552,10.0
tmdb_177,1573,8.0
tmdb_177,1580,8.0
tmdb_177,1584,10.0
tmdb_177,1590,2.0
tmdb_177,1591,6.0
tmdb_177,1597,8.0
tmdb_177,1598,10.0
tmdb_177,1608,8.0
tmdb_177,1610,10.0
tmdb_177,1616,8.0
tmdb_177,1620,8.0
tmdb_177,1644,10.0
tmdb_177,1645,10.0
tmdb_177,1647,6.0
tmdb_177,1653,10.0
tmdb_177,1661,10.0
tmdb_177,1676,10.0
tmdb_177,1687,4.0
tmdb_177,1690,6.0
tmdb_177,1717,10.0
tmdb_177,1722,10.0
tmdb_177,1732,8.0
tmdb_177,1779,4.0
tmdb_177,1792,10.0
tmdb_177,1831,10.0
tmdb_177,1882,6.0
tmdb_177,1909,10.0
tmdb_177,1917,6.0
tmdb_177,1920,8.0
tmdb_177,1923,8.0
tmdb_177,1968,10.0
tmdb_177,2000,10.0
tmdb_177,2006,8.0
tmdb_177,2011,8.0
tmdb_177,2012,8.0
tmdb_177,2015,6.0
tmdb_177,2021,10.0
tmdb_177,2026,10.0
tmdb_177,2028,8.0
tmdb_177,2046,8.0
tmdb_177,2054,6.0
tmdb_177,2093,6.0
tmdb_177,2094,8.0
tmdb_177,2107,6.0
tmdb_177,2109,10.0
tmdb_177,2125,8.0
tmdb_177,2133,10.0
tmdb_177,2141,8.0
tmdb_177,2144,10.0
tmdb_177,2148,10.0
tmdb_177,2288,8.0
tmdb_178,110,7.0
tmdb_178,111,9.0
tmdb_178,260,10.0
tmdb_178,293,7.0
tmdb_178,296,10.0
tmdb_178,318,10.0
tmdb_178,364,8.0
tmdb_178,551,7.0
tmdb_178,593,8.0
tmdb_178,595,7.0
tmdb_178,608,8.0
tmdb_178,750,6.0
tmdb_178,778,9.0
tmdb_178,858,8.0
tmdb_178,899,6.0
tmdb_178,919,6.0
tmdb_178,920,9.0
tmdb_178,951,5.0
tmdb_178,1073,8.0
tmdb_178,1213,6.0
tmdb_178,1246,7.0
tmdb_178,1247,7.0
tmdb_178,1259,10.0
tmdb_178,1262,10.0
tmdb_178,1265,8.0
tmdb_178,1266,7.0
tmdb_178,1269,4.0
tmdb_178,1278,8.0
tmdb_178,1282,8.0
tmdb_178,1387,7.0
tmdb_178,1580,8.0
tmdb_178,1682,8.0
tmdb_178,1873,5.0
tmdb_178,1954,8.0
tmdb_178,1968,10.0
tmdb_178,2000,7.0
tmdb_178,2028,8.0
tmdb_178,2078,8.0
tmdb_178,2268,6.0
tmdb_178,2959,9.0
tmdb_178,3034,8.0
tmdb_178,3052,8.0
tmdb_178,3061,7.0
tmdb_178,3089,5.0
tmdb_178,4034,5.0
tmdb_178,7451,6.0
tmdb_178,8874,6.0
tmdb_178,8966,7.0
tmdb_178,30707,6.0
tmdb_178,74458,5.0
tmdb_178,74948,8.0
tmdb_179,1682,6.0
tmdb_179,4226,8.0
tmdb_179,4896,10.0
tmdb_179,5816,10.0
tmdb_179,7451,9.0
tmdb_179,8665,5.0
tmdb_179,45722,10.0
tmdb_179,46976,7.0
tmdb_180,24,8.0
tmdb_180,223,6.0
tmdb_180,527,8.0
tmdb_180,700,6.0
tmdb_180,1073,10.0
tmdb_180,1127,8.0
tmdb_180,1265,10.0
tmdb_180,2013,6.0
tmdb_180,2502,4.0
tmdb_180,2699,4.0
tmdb_181,296,10.0
tmdb_181,380,10.0
tmdb_181,435,7.0
tmdb_181,1089,10.0
tmdb_181,1213,10.0
tmdb_181,1396,9.0
tmdb_181,1552,6.0
tmdb_181,1597,8.0
tmdb_181,1729,8.0
tmdb_181,2003,7.0
tmdb_181,2302,10.0
tmdb_181,2640,8.0
tmdb_181,3052,8.0
tmdb_181,4011,10.0
tmdb_182,2,10.0
tmdb_182,3,8.0
tmdb_182,5,8.0
tmdb_182,11,10.0
tmdb_182,13,6.0
tmdb_182,17,6.0
tmdb_182,21,6.0
tmdb_182,25,2.0
tmdb_182,62,10.0
tmdb_182,79,6.0
tmdb_182,95,6.0
tmdb_182,105,8.0
tmdb_182,110,10.0
tmdb_182,141,8.0
tmdb_182,144,6.0
tmdb_182,146,10.0
tmdb_182,150,10.0
tmdb_182,165,6.0
tmdb_182,168,10.0
tmdb_182,169,6.0
tmdb_182,174,6.0
tmdb_182,185,8.0
tmdb_182,186,6.0
tmdb_182,195,8.0
tmdb_182,201,8.0
tmdb_182,207,10.0
tmdb_182,224,6.0
tmdb_182,225,8.0
tmdb_182,231,2.0
tmdb_182,236,6.0
tmdb_182,237,6.0
tmdb_182,238,8.0
tmdb_182,243,8.0
tmdb_182,261,8.0
tmdb_182,262,6.0
tmdb_182,265,6.0
tmdb_182,266,6.0
tmdb_182,271,6.0
tmdb_182,276,10.0
tmdb_182,277,10.0
tmdb_182,292,8.0
tmdb_182,300,6.0
tmdb_182,313,8.0
tmdb_182,316,6.0
tmdb_182,317,8.0
tmdb_182,337,4.0
tmdb_182,339,10.0
tmdb_182,342,6.0
tmdb_182,343,6.0
tmdb_182,344,2.0
tmdb_182,349,8.0
tmdb_182,350,8.0
tmdb_182,364,8.0
tmdb_182,377,8.0
tmdb_182,380,8.0
tmdb_182,381,6.0
tmdb_182,383,8.0
tmdb_182,410,6.0
tmdb_182,440,8.0
tmdb_182,454,8.0
tmdb_182,455,6.0
tmdb_182,457,8.0
tmdb_182,480,10.0
tmdb_182,489,6.0
tmdb_182,494,10.0
tmdb_182,500,10.0
tmdb_182,502,6.0
tmdb_182,508,6.0
tmdb_182,524,10.0
tmdb_182,531,8.0
tmdb_182,539,10.0
tmdb_182,546,6.0
tmdb_182,553,6.0
tmdb_182,587,10.0
tmdb_182,590,10.0
tmdb_182,593,6.0
tmdb_182,594,10.0
tmdb_182,595,10.0
tmdb_182,597,10.0
tmdb_182,609,6.0
tmdb_182,616,10.0
tmdb_182,637,8.0
tmdb_182,647,10.0
tmdb_182,687,6.0
tmdb_182,688,8.0
tmdb_182,707,6.0
tmdb_182,708,8.0
tmdb_182,765,10.0
tmdb_182,780,10.0
tmdb_182,801,6.0
tmdb_182,802,10.0
tmdb_182,818,4.0
tmdb_182,830,10.0
tmdb_182,838,8.0
tmdb_182,986,10.0
tmdb_182,1049,10.0
tmdb_182,1073,4.0
tmdb_183,260,6.0
tmdb_183,296,10.0
tmdb_183,318,10.0
tmdb_183,345,8.0
tmdb_183,527,8.0
tmdb_183,593,8.0
tmdb_183,608,10.0
tmdb_183,924,8.0
tmdb_183,1089,10.0
tmdb_183,1247,6.0
tmdb_183,1673,10.0
tmdb_183,1721,8.0
tmdb_183,1961,10.0
tmdb_183,2360,10.0
tmdb_183,2762,8.0
tmdb_183,2959,10.0
tmdb_183,4011,8.0
tmdb_184,161,6.0
tmdb_184,175,8.0
tmdb_184,180,6.0
tmdb_184,223,10.0
tmdb_184,231,6.0
tmdb_184,246,6.0
tmdb_184,256,4.0
tmdb_184,280,8.0
tmdb_184,288,8.0
tmdb_184,293,10.0
tmdb_184,296,10.0
tmdb_184,300,8.0
tmdb_184,318,10.0
tmdb_184,334,4.0
tmdb_184,337,8.0
tmdb_184,349,8.0
tmdb_184,364,10.0
tmdb_184,377,8.0
tmdb_184,380,6.0
tmdb_184,415,4.0
tmdb_184,431,8.0
tmdb_184,434,6.0
tmdb_184,440,8.0
tmdb_184,454,6.0
tmdb_184,457,8.0
tmdb_184,480,6.0
tmdb_184,500,8.0
tmdb_184,508,6.0
tmdb_184,527,8.0
tmdb_184,586,6.0
tmdb_184,588,8.0
tmdb_184,593,8.0
tmdb_184,595,8.0
tmdb_184,597,6.0
tmdb_185,2,8.0
tmdb_185,24,8.0
tmdb_185,110,8.0
tmdb_185,150,6.0
tmdb_185,172,4.0
tmdb_185,223,8.0
tmdb_185,239,4.0
tmdb_185,256,4.0
tmdb_185,260,6.0
tmdb_185,296,6.0
tmdb_185,316,8.0
tmdb_185,317,8.0
tmdb_185,318,10.0
tmdb_185,329,8.0
tmdb_185,364,6.0
tmdb_185,440,6.0
tmdb_185,527,10.0
tmdb_185,543,8.0
tmdb_185,551,8.0
tmdb_185,588,8.0
tmdb_185,593,8.0
tmdb_185,594,6.0
tmdb_185,595,10.0
tmdb_185,596,6.0
tmdb_185,653,8.0
tmdb_185,661,8.0
tmdb_185,709,6.0
tmdb_185,745,10.0
tmdb_185,750,8.0
tmdb_185,778,8.0
tmdb_185,780,8.0
tmdb_185,783,6.0
tmdb_185,788,4.0
tmdb_185,910,6.0
tmdb_185,914,8.0
tmdb_185,919,6.0
tmdb_185,924,6.0
tmdb_185,1073,8.0
tmdb_185,1253,8.0
tmdb_185,1265,6.0
tmdb_185,1278,10.0
tmdb_185,1282,6.0
tmdb_185,1376,8.0
tmdb_185,1411,10.0
tmdb_185,1441,10.0
tmdb_185,1544,4.0
tmdb_185,1566,6.0
tmdb_185,1580,8.0
tmdb_185,1584,6.0
tmdb_185,1590,4.0
tmdb_185,1641,8.0
tmdb_185,1688,6.0
tmdb_185,1690,6.0
tmdb_185,1702,6.0
tmdb_185,1734,8.0
tmdb_185,1883,8.0
tmdb_185,1907,8.0
tmdb_185,1917,10.0
tmdb_185,1921,6.0
tmdb_185,1947,8.0
tmdb_185,1967,6.0
tmdb_185,2011,8.0
tmdb_185,2012,8.0
tmdb_185,2018,6.0
tmdb_185,2021,6.0
tmdb_185,2028,6.0
tmdb_185,2054,6.0
tmdb_185,2078,6.0
tmdb_185,2080,6.0
tmdb_185,2085,4.0
tmdb_185,2087,6.0
tmdb_185,2089,8.0
tmdb_185,2091,6.0
tmdb_185,2094,6.0
tmdb_185,2105,6.0
tmdb_185,2141,6.0
tmdb_185,2142,6.0
tmdb_185,2161,8.0
tmdb_185,2193,6.0
tmdb_185,2253,10.0
tmdb_185,2294,6.0
tmdb_185,2324,10.0
tmdb_185,2355,10.0
tmdb_185,2359,6.0
tmdb_185,2565,6.0
tmdb_185,2657,10.0
tmdb_185,2761,8.0
tmdb_185,2959,10.0
tmdb_185,3034,8.0
tmdb_185,3052,8.0
tmdb_185,3054,6.0
tmdb_185,3114,8.0
tmdb_185,3175,6.0
tmdb_185,3479,6.0
tmdb_185,3489,6.0
tmdb_185,3549,6.0
tmdb_185,4734,10.0
tmdb_185,4886,10.0
tmdb_185,4896,10.0
tmdb_185,4993,10.0
tmdb_186,836,3.0
tmdb_186,924,10.0
tmdb_186,1921,10.0
tmdb_186,2021,10.0
tmdb_186,2605,4.0
tmdb_186,2959,9.0
tmdb_186,4226,10.0
tmdb_186,4639,3.0
tmdb_186,4993,10.0
tmdb_186,6934,9.0
tmdb_186,31658,9.0
tmdb_186,46976,4.0
tmdb_186,58559,6.0
tmdb_187,2,6.0
tmdb_187,16,8.0
tmdb_187,104,8.0
tmdb_187,141,8.0
tmdb_187,147,8.0
tmdb_187,162,8.0
tmdb_187,175,8.0
tmdb_187,180,9.0
tmdb_187,223,9.0
tmdb_187,231,7.0
tmdb_187,239,6.0
tmdb_187,272,4.0
tmdb_187,290,6.0
tmdb_187,296,9.0
tmdb_187,317,8.0
tmdb_187,318,10.0
tmdb_187,329,2.0
tmdb_187,337,10.0
tmdb_187,344,6.0
tmdb_187,364,9.0
tmdb_187,410,8.0
tmdb_187,427,4.0
tmdb_187,441,7.0
tmdb_187,454,8.0
tmdb_187,480,7.0
tmdb_187,500,7.0
tmdb_187,524,8.0
tmdb_187,551,8.0
tmdb_187,562,9.0
tmdb_187,575,5.0
tmdb_187,586,7.0
tmdb_187,588,9.0
tmdb_187,593,8.0
tmdb_187,594,8.0
tmdb_187,595,9.0
tmdb_187,596,7.0
tmdb_187,597,8.0
tmdb_187,609,7.0
tmdb_187,628,8.0
tmdb_187,661,5.0
tmdb_187,705,5.0
tmdb_187,780,8.0
tmdb_187,783,7.0
tmdb_187,805,9.0
tmdb_187,837,5.0
tmdb_187,919,9.0
tmdb_187,926,8.0
tmdb_187,953,6.0
tmdb_187,1059,7.0
tmdb_187,1073,8.0
tmdb_187,1088,8.0
tmdb_187,1089,8.0
tmdb_187,1246,10.0
tmdb_187,1285,9.0
tmdb_187,1366,8.0
tmdb_187,1372,1.0
tmdb_187,1380,7.0
tmdb_187,1407,7.0
tmdb_187,1485,7.0
tmdb_187,1580,8.0
tmdb_187,1639,8.0
tmdb_187,1653,6.0
tmdb_187,1672,7.0
tmdb_187,1673,10.0
tmdb_187,1682,9.0
tmdb_187,1717,7.0
tmdb_187,1721,8.0
tmdb_187,1729,8.0
tmdb_187,1732,10.0
tmdb_187,1734,8.0
tmdb_187,1884,8.0
tmdb_187,1885,5.0
tmdb_187,1895,9.0
tmdb_187,1917,7.0
tmdb_187,1923,7.0
tmdb_187,1954,1.0
tmdb_187,1968,10.0
tmdb_187,1997,8.0
tmdb_187,2000,5.0
tmdb_187,2005,8.0
tmdb_187,2018,7.0
tmdb_187,2042,10.0
tmdb_187,2078,7.0
tmdb_187,2080,5.0
tmdb_187,2082,10.0
tmdb_187,2084,7.0
tmdb_187,2085,10.0
tmdb_187,2124,8.0
tmdb_187,2269,6.0
tmdb_187,2321,8.0
tmdb_187,2502,8.0
tmdb_187,2759,8.0
tmdb_187,2762,10.0
tmdb_187,3101,7.0
tmdb_187,3114,8.0
tmdb_187,3176,10.0
tmdb_187,3476,8.0
tmdb_187,3489,8.0
tmdb_187,4734,9.0
tmdb_187,4993,2.0
tmdb_187,4995,9.0
tmdb_187,5060,2.0
tmdb_187,5065,8.0
tmdb_187,5481,5.0
tmdb_187,5991,7.0
tmdb_187,6187,10.0
tmdb_187,6934,1.0
tmdb_187,7451,10.0
tmdb_187,8129,4.0
tmdb_187,8366,10.0
tmdb_187,8874,8.0
tmdb_187,8961,7.0
tmdb_187,8970,7.0
tmdb_187,8981,10.0
tmdb_187,27706,6.0
tmdb_187,27904,6.0
tmdb_187,30707,8.0
tmdb_187,39446,3.0
tmdb_187,40815,7.0
tmdb_187,41566,7.0
tmdb_187,43919,4.0
tmdb_187,44191,10.0
tmdb_187,47518,8.0
tmdb_187,48385,8.0
tmdb_187,51540,9.0
tmdb_187,54272,6.0
tmdb_187,56339,10.0
tmdb_187,58559,8.0
tmdb_187,67087,8.0
tmdb_188,2,8.0
tmdb_188,22,6.0
tmdb_188,24,8.0
tmdb_188,62,6.0
tmdb_188,93,6.0
tmdb_188,110,10.0
tmdb_188,112,8.0
tmdb_188,150,10.0
tmdb_188,153,6.0
tmdb_188,158,6.0
tmdb_188,160,6.0
tmdb_188,165,4.0
tmdb_188,173,6.0
tmdb_188,196,6.0
tmdb_188,217,8.0
tmdb_188,231,6.0
tmdb_188,253,6.0
tmdb_188,262,6.0
tmdb_188,277,6.0
tmdb_188,288,8.0
tmdb_188,292,6.0
tmdb_188,296,10.0
tmdb_188,312,8.0
tmdb_188,316,4.0
tmdb_188,317,6.0
tmdb_188,318,10.0
tmdb_188,329,6.0
tmdb_188,339,6.0
tmdb_188,344,8.0
tmdb_188,349,8.0
tmdb_188,350,6.0
tmdb_188,364,8.0
tmdb_188,377,6.0
tmdb_188,380,10.0
tmdb_188,410,6.0
tmdb_188,435,6.0
tmdb_188,454,6.0
tmdb_188,457,6.0
tmdb_188,475,8.0
tmdb_188,480,8.0
tmdb_188,500,10.0
tmdb_188,508,10.0
tmdb_188,509,6.0
tmdb_188,527,10.0
tmdb_188,539,6.0
tmdb_188,543,8.0
tmdb_188,551,6.0
tmdb_188,575,6.0
tmdb_188,586,8.0
tmdb_188,587,10.0
tmdb_188,588,8.0
tmdb_188,590,8.0
tmdb_188,592,6.0
tmdb_188,593,8.0
tmdb_188,594,10.0
tmdb_188,595,8.0
tmdb_188,596,10.0
tmdb_188,597,8.0
tmdb_188,648,6.0
tmdb_188,653,6.0
tmdb_188,661,8.0
tmdb_188,671,6.0
tmdb_188,780,6.0
tmdb_188,801,6.0
tmdb_188,802,8.0
tmdb_188,867,6.0
tmdb_188,1023,6.0
tmdb_188,1024,6.0
tmdb_189,145,4.0
tmdb_189,239,2.0
tmdb_189,253,4.0
tmdb_189,288,10.0
tmdb_189,299,8.0
tmdb_189,434,6.0
tmdb_189,481,8.0
tmdb_189,541,10.0
tmdb_189,608,10.0
tmdb_189,673,2.0
tmdb_189,780,6.0
tmdb_189,913,6.0
tmdb_189,968,6.0
tmdb_189,1090,10.0
tmdb_189,1127,8.0
tmdb_189,1244,10.0
tmdb_189,1358,4.0
tmdb_189,1374,2.0
tmdb_189,1387,8.0
tmdb_189,1623,6.0
tmdb_189,1639,8.0
tmdb_189,1732,6.0
tmdb_189,1911,4.0
tmdb_189,1959,2.0
tmdb_189,2000,6.0
tmdb_189,2001,8.0
tmdb_189,2269,6.0
tmdb_189,2290,4.0
tmdb_189,2302,4.0
tmdb_189,2355,2.0
tmdb_189,2428,6.0
tmdb_189,2433,4.0
tmdb_189,2502,10.0
tmdb_189,2574,2.0
tmdb_189,2587,2.0
tmdb_189,2605,4.0
tmdb_189,2668,2.0
tmdb_189,2699,8.0
tmdb_189,2722,6.0
tmdb_189,2734,8.0
tmdb_189,2759,2.0
tmdb_189,2762,10.0
tmdb_189,2770,4.0
tmdb_189,2771,2.0
tmdb_189,2805,6.0
tmdb_189,2841,8.0
tmdb_189,2882,2.0
tmdb_189,2959,6.0
tmdb_189,2976,10.0
tmdb_189,3001,4.0
tmdb_189,3016,6.0
tmdb_189,3146,2.0
tmdb_189,3175,4.0
tmdb_189,3176,8.0
tmdb_189,3177,2.0
tmdb_189,3179,2.0
tmdb_189,3476,10.0
tmdb_189,3763,6.0
tmdb_189,3764,4.0
tmdb_189,3766,6.0
tmdb_189,3865,4.0
tmdb_190,223,8.0
tmdb_190,314,10.0
tmdb_190,342,8.0
tmdb_190,2067,8.0
tmdb_190,2294,6.0
tmdb_190,2310,8.0
tmdb_190,2395,8.0
tmdb_190,2433,6.0
tmdb_190,2502,8.0
tmdb_190,2575,10.0
tmdb_190,2690,8.0
tmdb_190,2734,6.0
tmdb_190,2759,8.0
tmdb_190,2762,10.0
tmdb_190,2770,6.0
tmdb_190,2976,10.0
tmdb_190,3051,4.0
tmdb_190,3114,10.0
tmdb_190,3117,6.0
tmdb_190,3160,10.0
tmdb_190,3176,10.0
tmdb_190,3512,8.0
tmdb_191,110,6.0
tmdb_191,150,8.0
tmdb_191,153,4.0
tmdb_191,161,8.0
tmdb_191,165,6.0
tmdb_191,185,6.0
tmdb_191,231,4.0
tmdb_191,292,4.0
tmdb_191,296,10.0
tmdb_191,300,8.0
tmdb_191,318,10.0
tmdb_191,339,8.0
tmdb_191,344,2.0
tmdb_191,349,6.0
tmdb_191,380,6.0
tmdb_191,434,4.0
tmdb_191,454,6.0
tmdb_191,457,8.0
tmdb_191,480,6.0
tmdb_191,588,4.0
tmdb_191,590,8.0
tmdb_191,592,4.0
tmdb_191,593,8.0
tmdb_191,595,4.0
tmdb_192,2,8.0
tmdb_192,19,6.0
tmdb_192,62,10.0
tmdb_192,158,6.0
tmdb_192,160,6.0
tmdb_192,185,6.0
tmdb_192,231,8.0
tmdb_192,237,10.0
tmdb_192,261,6.0
tmdb_192,266,10.0
tmdb_192,277,8.0
tmdb_192,316,6.0
tmdb_192,318,10.0
tmdb_192,344,8.0
tmdb_192,349,8.0
tmdb_192,350,6.0
tmdb_192,364,10.0
tmdb_192,377,6.0
tmdb_192,380,6.0
tmdb_192,434,6.0
tmdb_192,442,4.0
tmdb_192,454,6.0
tmdb_192,455,6.0
tmdb_192,457,8.0
tmdb_192,480,8.0
tmdb_192,500,8.0
tmdb_192,508,8.0
tmdb_192,527,10.0
tmdb_192,539,6.0
tmdb_192,551,2.0
tmdb_192,586,10.0
tmdb_192,587,8.0
tmdb_192,588,8.0
tmdb_192,590,10.0
tmdb_192,592,6.0
tmdb_192,593,6.0
tmdb_192,594,10.0
tmdb_192,595,10.0
tmdb_192,597,4.0
tmdb_193,16,8.0
tmdb_193,105,8.0
tmdb_193,111,10.0
tmdb_193,277,8.0
tmdb_193,296,6.0
tmdb_193,318,8.0
tmdb_193,337,10.0
tmdb_193,527,10.0
tmdb_193,543,10.0
tmdb_193,593,8.0
tmdb_193,608,10.0
tmdb_193,858,10.0
tmdb_193,957,8.0
tmdb_193,1247,10.0
tmdb_193,1250,8.0
tmdb_193,1252,6.0
tmdb_193,1265,8.0
tmdb_193,1394,6.0
tmdb_193,1641,10.0
tmdb_193,1680,10.0
tmdb_193,2109,8.0
tmdb_193,2155,8.0
tmdb_193,2289,6.0
tmdb_193,2291,8.0
tmdb_193,2294,8.0
tmdb_193,2302,8.0
tmdb_193,2359,10.0
tmdb_193,2436,8.0
tmdb_193,2539,10.0
tmdb_193,2690,8.0
tmdb_193,2791,8.0
tmdb_193,3063,10.0
tmdb_193,3114,6.0
tmdb_193,3179,8.0
tmdb_193,3418,10.0
tmdb_193,3543,6.0
tmdb_194,19,6.0
tmdb_194,95,6.0
tmdb_194,110,8.0
tmdb_194,150,8.0
tmdb_194,158,6.0
tmdb_194,160,6.0
tmdb_194,165,8.0
tmdb_194,172,6.0
tmdb_194,173,6.0
tmdb_194,196,6.0
tmdb_194,204,8.0
tmdb_194,225,8.0
tmdb_194,231,6.0
tmdb_194,253,6.0
tmdb_194,292,6.0
tmdb_194,296,6.0
tmdb_194,316,8.0
tmdb_194,317,6.0
tmdb_194,329,8.0
tmdb_194,339,8.0
tmdb_194,344,6.0
tmdb_194,349,8.0
tmdb_194,364,10.0
tmdb_194,377,6.0
tmdb_194,380,8.0
tmdb_194,434,8.0
tmdb_194,442,6.0
tmdb_194,454,6.0
tmdb_194,457,6.0
tmdb_194,480,6.0
tmdb_194,500,6.0
tmdb_194,527,10.0
tmdb_194,551,6.0
tmdb_194,587,6.0
tmdb_194,590,8.0
tmdb_194,592,8.0
tmdb_194,597,6.0
tmdb_194,780,8.0
tmdb_195,6,8.0
tmdb_195,25,6.0
tmdb_195,95,6.0
tmdb_195,104,2.0
tmdb_195,110,6.0
tmdb_195,111,4.0
tmdb_195,112,2.0
tmdb_195,150,6.0
tmdb_195,164,8.0
tmdb_195,165,2.0
tmdb_195,196,4.0
tmdb_195,235,8.0
tmdb_195,246,4.0
tmdb_195,258,4.0
tmdb_195,260,10.0
tmdb_195,281,6.0
tmdb_195,288,6.0
tmdb_195,296,6.0
tmdb_195,303,4.0
tmdb_195,318,6.0
tmdb_195,330,2.0
tmdb_195,349,6.0
tmdb_195,377,6.0
tmdb_195,379,4.0
tmdb_195,380,6.0
tmdb_195,405,2.0
tmdb_195,426,6.0
tmdb_195,457,8.0
tmdb_195,480,8.0
tmdb_195,527,8.0
tmdb_195,531,6.0
tmdb_195,541,6.0
tmdb_195,587,4.0
tmdb_195,590,8.0
tmdb_195,593,8.0
tmdb_195,595,6.0
tmdb_195,597,6.0
tmdb_195,608,8.0
tmdb_195,661,8.0
tmdb_195,788,2.0
tmdb_195,858,10.0
tmdb_195,898,6.0
tmdb_195,899,6.0
tmdb_195,900,6.0
tmdb_195,905,10.0
tmdb_195,909,4.0
tmdb_195,910,10.0
tmdb_195,912,10.0
tmdb_195,913,10.0
tmdb_195,916,4.0
tmdb_195,919,8.0
tmdb_195,920,8.0
tmdb_195,921,4.0
tmdb_195,922,10.0
tmdb_195,923,10.0
tmdb_195,924,10.0
tmdb_195,942,10.0
tmdb_195,943,6.0
tmdb_195,944,6.0
tmdb_195,951,6.0
tmdb_195,953,8.0
tmdb_195,954,8.0
tmdb_195,1073,6.0
tmdb_195,1090,6.0
tmdb_195,1093,8.0
tmdb_195,1103,6.0
tmdb_195,1125,2.0
tmdb_195,1213,6.0
tmdb_195,1244,8.0
tmdb_195,1247,8.0
tmdb_195,1250,8.0
tmdb_195,1252,10.0
tmdb_195,1253,8.0
tmdb_195,1254,8.0
tmdb_195,1259,4.0
tmdb_195,1262,8.0
tmdb_195,1265,4.0
tmdb_195,1267,6.0
tmdb_195,1269,8.0
tmdb_195,1272,8.0
tmdb_195,1278,10.0
tmdb_195,1281,8.0
tmdb_195,1282,10.0
tmdb_195,1284,10.0
tmdb_195,1370,2.0
tmdb_195,1372,4.0
tmdb_195,1374,6.0
tmdb_195,1375,6.0
tmdb_195,1376,8.0
tmdb_195,1380,6.0
tmdb_195,1387,8.0
tmdb_195,1391,6.0
tmdb_195,1393,6.0
tmdb_195,1394,8.0
tmdb_195,1552,4.0
tmdb_195,1583,4.0
tmdb_195,1586,2.0
tmdb_195,1608,6.0
tmdb_195,1610,8.0
tmdb_195,1641,4.0
tmdb_195,1690,6.0
tmdb_195,1702,4.0
tmdb_195,1831,2.0
tmdb_195,1884,6.0
tmdb_195,1918,2.0
tmdb_195,1923,8.0
tmdb_195,1938,8.0
tmdb_195,1944,6.0
tmdb_195,1946,6.0
tmdb_195,1947,6.0
tmdb_195,1950,4.0
tmdb_195,1951,8.0
tmdb_195,1954,2.0
tmdb_195,1955,6.0
tmdb_195,1957,2.0
tmdb_195,1958,8.0
tmdb_195,1961,10.0
tmdb_195,1964,4.0
tmdb_195,1965,4.0
tmdb_195,2000,2.0
tmdb_195,2001,2.0
tmdb_195,2002,2.0
tmdb_195,2004,2.0
tmdb_195,2013,6.0
tmdb_195,2015,8.0
tmdb_195,2019,10.0
tmdb_195,2021,4.0
tmdb_195,2023,6.0
tmdb_195,2028,10.0
tmdb_195,2043,10.0
tmdb_195,2054,4.0
tmdb_195,2064,8.0
tmdb_195,2067,6.0
tmdb_195,2075,6.0
tmdb_195,2077,4.0
tmdb_195,2084,4.0
tmdb_195,2088,4.0
tmdb_195,2094,4.0
tmdb_195,2100,2.0
tmdb_195,2102,10.0
tmdb_195,2105,6.0
tmdb_195,2109,6.0
tmdb_195,2110,4.0
tmdb_195,2111,4.0
tmdb_195,2112,6.0
tmdb_195,2115,6.0
tmdb_195,2124,6.0
tmdb_195,2134,4.0
tmdb_195,2135,6.0
tmdb_195,2144,6.0
tmdb_195,2182,8.0
tmdb_195,2186,10.0
tmdb_195,2193,6.0
tmdb_195,2202,6.0
tmdb_195,2268,6.0
tmdb_195,2288,6.0
tmdb_195,2291,4.0
tmdb_195,2294,8.0
tmdb_195,2302,6.0
tmdb_195,2312,6.0
tmdb_195,2313,6.0
tmdb_195,2355,8.0
tmdb_195,2359,6.0
tmdb_195,2453,6.0
tmdb_195,2502,6.0
tmdb_195,2527,4.0
tmdb_195,2528,6.0
tmdb_195,2616,6.0
tmdb_195,2617,6.0
tmdb_195,2640,4.0
tmdb_195,2657,6.0
tmdb_195,2662,8.0
tmdb_195,2722,2.0
tmdb_195,2728,6.0
tmdb_195,2750,6.0
tmdb_195,2779,6.0
tmdb_195,2788,6.0
tmdb_195,2791,8.0
tmdb_195,2929,6.0
tmdb_195,2989,6.0
tmdb_195,3011,6.0
tmdb_195,3019,8.0
tmdb_195,3022,8.0
tmdb_195,3035,10.0
tmdb_195,3037,8.0
tmdb_195,3052,4.0
tmdb_195,3061,6.0
tmdb_195,3062,8.0
tmdb_195,3072,4.0
tmdb_195,3076,6.0
tmdb_195,3077,8.0
tmdb_195,3088,10.0
tmdb_195,3104,8.0
tmdb_195,3107,6.0
tmdb_195,3122,6.0
tmdb_195,3175,8.0
tmdb_195,3427,2.0
tmdb_195,3526,2.0
tmdb_195,3529,6.0
tmdb_195,3543,6.0
tmdb_195,3549,6.0
tmdb_195,3591,2.0
tmdb_195,3638,6.0
tmdb_195,3699,4.0
tmdb_195,3763,6.0
tmdb_195,3981,8.0
tmdb_195,4025,4.0
tmdb_195,5060,6.0
tmdb_196,5,8.0
tmdb_196,261,8.0
tmdb_196,265,10.0
tmdb_196,454,8.0
tmdb_196,809,4.0
tmdb_196,916,6.0
tmdb_196,1127,8.0
tmdb_196,1375,8.0
tmdb_196,1863,4.0
tmdb_196,1959,8.0
tmdb_196,2082,6.0
tmdb_196,2161,4.0
tmdb_196,2762,10.0
tmdb_196,2882,6.0
tmdb_196,2912,6.0
tmdb_196,2977,8.0
tmdb_196,3052,4.0
tmdb_196,3072,4.0
tmdb_196,3082,10.0
tmdb_196,3115,8.0
tmdb_196,3175,8.0
tmdb_196,3484,6.0
tmdb_196,3489,10.0
tmdb_196,3512,8.0
tmdb_196,3536,10.0
tmdb_196,3537,6.0
tmdb_196,3591,8.0
tmdb_196,3593,4.0
tmdb_196,3594,8.0
tmdb_196,3635,10.0
tmdb_196,3638,10.0
tmdb_196,3681,6.0
tmdb_196,3682,8.0
tmdb_196,3686,10.0
tmdb_196,3699,10.0
tmdb_197,260,10.0
tmdb_197,316,6.0
tmdb_197,329,10.0
tmdb_197,379,8.0
tmdb_197,442,10.0
tmdb_197,541,8.0
tmdb_197,653,10.0
tmdb_197,674,6.0
tmdb_197,750,8.0
tmdb_197,780,10.0
tmdb_197,924,8.0
tmdb_197,1372,10.0
tmdb_197,1374,8.0
tmdb_197,1376,10.0
tmdb_197,1391,8.0
tmdb_197,1580,10.0
tmdb_197,1676,10.0
tmdb_197,1690,8.0
tmdb_197,1702,10.0
tmdb_197,1909,10.0
tmdb_197,2011,8.0
tmdb_197,2015,8.0
tmdb_197,2021,10.0
tmdb_197,2087,10.0
tmdb_197,2094,10.0
tmdb_197,2100,8.0
tmdb_197,2105,10.0
tmdb_197,2117,8.0
tmdb_197,2528,6.0
tmdb_197,2640,8.0
tmdb_197,2642,2.0
tmdb_197,3479,8.0
tmdb_197,3638,10.0
tmdb_197,3877,8.0
tmdb_198,608,7.0
tmdb_198,858,10.0
tmdb_198,912,10.0
tmdb_198,1089,4.0
tmdb_198,1244,10.0
tmdb_198,1250,10.0
tmdb_198,1252,10.0
tmdb_198,1254,8.0
tmdb_198,1259,10.0
tmdb_198,1266,7.0
tmdb_198,1273,4.0
tmdb_198,1405,6.0
tmdb_198,1732,9.0
tmdb_198,1900,5.0
tmdb_198,2064,10.0
tmdb_198,2108,10.0
tmdb_198,2770,5.0
tmdb_198,2973,1.0
tmdb_198,3160,10.0
tmdb_198,3176,3.0
tmdb_198,3543,9.0
tmdb_198,4034,9.0
tmdb_198,4226,8.0
tmdb_198,4641,3.0
tmdb_198,4772,5.0
tmdb_198,4886,9.0
tmdb_198,4967,3.0
tmdb_198,4973,9.0
tmdb_198,5876,10.0
tmdb_198,5902,10.0
tmdb_198,5995,4.0
tmdb_199,6,9.0
tmdb_199,12,8.0
tmdb_199,16,8.0
tmdb_199,25,8.0
tmdb_199,110,9.0
tmdb_199,111,8.0
tmdb_199,173,8.0
tmdb_199,180,7.0
tmdb_199,260,10.0
tmdb_199,292,8.0
tmdb_199,293,9.0
tmdb_199,296,10.0
tmdb_199,316,8.0
tmdb_199,318,9.0
tmdb_199,319,7.0
tmdb_199,380,7.0
tmdb_199,405,7.0
tmdb_199,457,8.0
tmdb_199,480,7.0
tmdb_199,527,9.0
tmdb_199,541,8.0
tmdb_199,546,1.0
tmdb_199,592,8.0
tmdb_199,593,9.0
tmdb_199,608,7.0
tmdb_199,673,7.0
tmdb_199,778,8.0
tmdb_199,780,7.0
tmdb_199,858,6.0
tmdb_199,924,7.0
tmdb_199,1127,8.0
tmdb_199,1165,3.0
tmdb_199,1213,7.0
tmdb_199,1246,8.0
tmdb_199,1252,8.0
tmdb_199,1265,8.0
tmdb_199,1416,2.0
tmdb_199,1544,6.0
tmdb_199,1580,8.0
tmdb_199,1584,7.0
tmdb_199,1587,8.0
tmdb_199,1590,9.0
tmdb_199,1616,5.0
tmdb_199,1676,8.0
tmdb_199,1682,8.0
tmdb_199,1690,5.0
tmdb_199,1722,6.0
tmdb_199,1732,7.0
tmdb_199,1882,6.0
tmdb_199,1917,6.0
tmdb_199,2011,8.0
tmdb_199,2012,8.0
tmdb_199,2019,8.0
tmdb_199,2021,8.0
tmdb_199,2028,8.0
tmdb_199,2232,7.0
tmdb_199,2288,10.0
tmdb_199,2455,8.0
tmdb_199,2788,9.0
tmdb_199,2959,10.0
tmdb_199,3581,6.0
tmdb_199,4011,8.0
tmdb_199,4105,7.0
tmdb_199,4226,10.0
tmdb_199,4553,7.0
tmdb_199,4887,6.0
tmdb_199,4993,8.0
tmdb_199,4995,8.0
tmdb_199,5146,8.0
tmdb_199,5995,7.0
tmdb_199,6283,8.0
tmdb_199,6537,7.0
tmdb_199,6934,8.0
tmdb_199,8665,8.0
tmdb_199,8810,5.0
tmdb_199,8874,8.0
tmdb_199,26603,8.0
tmdb_199,32825,8.0
tmdb_199,33558,6.0
tmdb_199,33660,8.0
tmdb_199,39446,8.0
tmdb_199,40732,6.0
tmdb_199,43936,7.0
tmdb_199,44191,9.0
tmdb_199,45722,8.0
tmdb_199,46976,7.0
tmdb_199,51357,8.0
tmdb_199,58432,6.0
tmdb_199,58559,9.0
tmdb_199,63481,4.0
tmdb_199,69278,7.0
tmdb_199,69526,7.0
tmdb_199,74458,8.0
tmdb_199,74545,6.0
tmdb_199,74948,6.0
tmdb_199,84954,7.0
tmdb_199,86332,8.0
tmdb_199,89492,8.0
tmdb_200,2,7.0
tmdb_200,110,7.0
tmdb_200,145,9.0
tmdb_200,170,8.0
tmdb_200,185,4.0
tmdb_200,293,9.0
tmdb_200,296,8.0
tmdb_200,364,6.0
tmdb_200,377,7.0
tmdb_200,454,9.0
tmdb_200,455,6.0
tmdb_200,480,7.0
tmdb_200,500,8.0
tmdb_200,527,9.0
tmdb_200,586,7.0
tmdb_200,588,3.0
tmdb_200,593,8.0
tmdb_200,595,2.0
tmdb_200,597,8.0
tmdb_200,648,7.0
tmdb_200,780,5.0
tmdb_200,1088,2.0
tmdb_200,1092,8.0
tmdb_200,1265,9.0
tmdb_200,1367,3.0
tmdb_200,1380,5.0
tmdb_200,1544,6.0
tmdb_200,1580,8.0
tmdb_200,1584,4.0
tmdb_200,1610,7.0
tmdb_200,1619,5.0
tmdb_200,1645,9.0
tmdb_200,1682,10.0
tmdb_200,1702,6.0
tmdb_200,1721,4.0
tmdb_200,1917,6.0
tmdb_200,1954,8.0
tmdb_200,2011,9.0
tmdb_200,2012,8.0
tmdb_200,2028,9.0
tmdb_200,2321,8.0
tmdb_200,2470,9.0
tmdb_200,2605,8.0
tmdb_200,2671,6.0
tmdb_200,2687,3.0
tmdb_200,2762,3.0
tmdb_200,2959,8.0
tmdb_200,4025,6.0
tmdb_200,4226,9.0
tmdb_200,4369,7.0
tmdb_200,4519,6.0
tmdb_200,4638,5.0
tmdb_200,4886,8.0
tmdb_200,4995,9.0
tmdb_200,5620,8.0
tmdb_200,5956,5.0
tmdb_200,6373,8.0
tmdb_200,6934,2.0
tmdb_200,8665,9.0
tmdb_200,8874,9.0
tmdb_200,8961,6.0
tmdb_200,8984,6.0
tmdb_200,26686,7.0
tmdb_200,31685,5.0
tmdb_200,45186,6.0
tmdb_200,45431,9.0
tmdb_200,46976,8.0
tmdb_200,49530,9.0
tmdb_200,54272,1.0
tmdb_200,57353,8.0
tmdb_200,104374,7.0
tmdb_201,6,10.0
tmdb_201,58,8.0
tmdb_201,104,6.0
tmdb_201,110,10.0
tmdb_201,150,10.0
tmdb_201,153,8.0
tmdb_201,165,8.0
tmdb_201,186,6.0
tmdb_201,235,2.0
tmdb_201,260,10.0
tmdb_201,293,10.0
tmdb_201,296,10.0
tmdb_201,316,8.0
tmdb_201,318,10.0
tmdb_201,349,8.0
tmdb_201,377,8.0
tmdb_201,380,8.0
tmdb_201,457,8.0
tmdb_201,480,10.0
tmdb_201,494,6.0
tmdb_201,527,8.0
tmdb_201,592,8.0
tmdb_201,593,8.0
tmdb_201,608,8.0
tmdb_201,648,8.0
tmdb_201,780,8.0
tmdb_201,832,8.0
tmdb_201,1396,8.0
tmdb_201,1653,8.0
tmdb_201,1917,8.0
tmdb_201,1957,10.0
tmdb_201,2115,10.0
tmdb_201,2302,8.0
tmdb_201,2355,10.0
tmdb_201,2687,8.0
tmdb_201,2690,6.0
tmdb_201,2699,6.0
tmdb_201,2762,4.0
tmdb_201,3114,8.0
tmdb_201,3526,8.0
tmdb_201,4886,10.0
tmdb_201,4993,10.0
tmdb_201,8665,8.0
tmdb_201,8810,8.0
tmdb_201,8827,8.0
tmdb_201,8836,6.0
tmdb_201,8860,8.0
tmdb_201,8870,8.0
tmdb_201,8873,1.0
tmdb_201,8874,8.0
tmdb_201,8961,10.0
tmdb_201,8970,8.0
tmdb_202,296,8.0
tmdb_202,318,10.0
tmdb_202,329,8.0
tmdb_202,442,4.0
tmdb_202,1127,10.0
tmdb_202,1250,8.0
tmdb_202,1371,8.0
tmdb_202,1587,8.0
tmdb_202,1690,4.0
tmdb_202,1968,8.0
tmdb_202,1997,10.0
tmdb_202,1998,6.0
tmdb_202,2002,8.0
tmdb_202,2011,8.0
tmdb_202,2012,8.0
tmdb_202,2015,4.0
tmdb_202,2122,4.0
tmdb_202,2124,6.0
tmdb_202,2734,10.0
tmdb_202,2748,4.0
tmdb_202,3101,8.0
tmdb_202,3766,8.0
tmdb_202,4327,8.0
tmdb_202,4566,4.0
tmdb_202,5055,10.0
tmdb_202,5139,8.0
tmdb_202,5910,2.0
tmdb_202,5927,8.0
tmdb_203,318,10.0
tmdb_203,541,9.0
tmdb_203,750,9.0
tmdb_203,858,10.0
tmdb_203,913,8.0
tmdb_203,922,9.0
tmdb_203,934,5.0
tmdb_203,1049,7.0
tmdb_203,1245,8.0
tmdb_203,1248,7.0
tmdb_203,1252,8.0
tmdb_203,1284,7.0
tmdb_203,1556,5.0
tmdb_203,2085,4.0
tmdb_203,2116,10.0
tmdb_203,4226,9.0
tmdb_203,4235,8.0
tmdb_203,6016,8.0
tmdb_203,58559,10.0
tmdb_204,16,8.0
tmdb_204,58,5.0
tmdb_204,112,5.0
tmdb_204,923,9.0
tmdb_204,1213,6.0
tmdb_204,1246,4.0
tmdb_204,1247,9.0
tmdb_204,1370,5.0
tmdb_204,1374,7.0
tmdb_204,1407,6.0
tmdb_204,1682,8.0
tmdb_204,2011,8.0
tmdb_204,2291,6.0
tmdb_204,8838,6.0
tmdb_204,8899,8.0
tmdb_205,110,6.0
tmdb_205,260,6.0
tmdb_205,480,9.0
tmdb_205,593,7.0
tmdb_205,745,2.0
tmdb_205,858,8.0
tmdb_205,919,6.0
tmdb_205,2762,8.0
tmdb_205,2959,6.0
tmdb_205,4993,8.0
tmdb_205,5971,9.0
tmdb_205,7090,8.0
tmdb_205,8961,8.0
tmdb_205,30793,7.0
tmdb_205,31221,5.0
tmdb_205,31658,9.0
tmdb_205,31685,7.0
tmdb_205,31696,9.0
tmdb_205,39446,1.0
tmdb_205,40815,9.0
tmdb_205,41566,10.0
tmdb_205,41571,9.0
tmdb_205,44191,10.0
tmdb_205,45186,7.0
tmdb_205,45722,10.0
tmdb_205,48385,5.0
tmdb_205,49530,9.0
tmdb_205,54272,9.0
tmdb_205,56152,8.0
tmdb_205,56171,8.0
tmdb_205,58293,6.0
tmdb_205,58559,6.0
tmdb_205,63859,8.0
tmdb_205,98491,10.0
tmdb_206,592,6.0
tmdb_206,1124,8.0
tmdb_206,1246,6.0
tmdb_206,1375,6.0
tmdb_206,1376,6.0
tmdb_206,1587,6.0
tmdb_206,1892,6.0
tmdb_206,1957,8.0
tmdb_206,1961,8.0
tmdb_206,1968,10.0
tmdb_206,1994,6.0
tmdb_206,2003,6.0
tmdb_206,2005,6.0
tmdb_206,2011,6.0
tmdb_206,2021,6.0
tmdb_206,2054,6.0
tmdb_207,24,1.0
tmdb_207,69,10.0
tmdb_207,256,6.0
tmdb_207,296,10.0
tmdb_207,431,1.0
tmdb_207,608,10.0
tmdb_207,673,1.0
tmdb_207,779,1.0
tmdb_207,899,1.0
tmdb_207,902,1.0
tmdb_207,910,1.0
tmdb_207,914,1.0
tmdb_207,1367,1.0
tmdb_207,1371,1.0
tmdb_207,1405,5.0
tmdb_207,1597,7.0
tmdb_207,2058,1.0
tmdb_207,2085,1.0
tmdb_207,26564,1.0
tmdb_207,58293,1.0
tmdb_208,16,8.0
tmdb_208,231,10.0
tmdb_208,296,9.0
tmdb_208,924,7.0
tmdb_208,1089,8.0
tmdb_208,1213,10.0
tmdb_208,1247,9.0
tmdb_208,1259,9.0
tmdb_208,1387,4.0
tmdb_208,1732,8.0
tmdb_208,2114,8.0
tmdb_208,2959,8.0
tmdb_208,3484,6.0
tmdb_208,7348,8.0
tmdb_208,104374,6.0
tmdb_209,163,8.0
tmdb_209,172,4.0
tmdb_209,196,6.0
tmdb_209,435,4.0
tmdb_209,466,6.0
tmdb_209,494,8.0
tmdb_209,543,6.0
tmdb_209,552,6.0
tmdb_209,802,6.0
tmdb_209,1278,4.0
tmdb_209,1376,2.0
tmdb_209,2001,6.0
tmdb_209,2395,4.0
tmdb_209,2657,4.0
tmdb_209,2699,6.0
tmdb_210,16,5.0
tmdb_210,317,5.0
tmdb_210,350,7.0
tmdb_210,364,7.0
tmdb_210,435,6.0
tmdb_210,442,5.0
tmdb_210,524,8.0
tmdb_210,539,6.0
tmdb_210,608,5.0
tmdb_210,628,8.0
tmdb_210,1259,6.0
tmdb_210,1370,5.0
tmdb_210,1394,5.0
tmdb_210,1407,5.0
tmdb_210,1968,7.0
tmdb_210,1993,4.0
tmdb_210,2115,5.0
tmdb_210,2291,5.0
tmdb_210,2355,7.0
tmdb_210,2459,5.0
tmdb_210,2462,5.0
tmdb_211,17,8.0
tmdb_211,62,10.0
tmdb_211,82,10.0
tmdb_211,110,10.0
tmdb_211,141,10.0
tmdb_211,314,10.0
tmdb_211,527,10.0
tmdb_211,562,8.0
tmdb_211,588,8.0
tmdb_211,595,8.0
tmdb_211,605,8.0
tmdb_211,608,8.0
tmdb_211,627,8.0
tmdb_211,630,8.0
tmdb_211,647,8.0
tmdb_211,648,8.0
tmdb_211,650,8.0
tmdb_211,661,8.0
tmdb_211,685,8.0
tmdb_211,708,8.0
tmdb_211,778,8.0
tmdb_211,780,8.0
tmdb_211,781,10.0
tmdb_211,805,8.0
tmdb_211,832,8.0
tmdb_211,848,10.0
tmdb_211,1073,10.0
tmdb_211,1267,10.0
tmdb_211,1391,4.0
tmdb_211,1393,8.0
tmdb_211,1407,6.0
tmdb_211,1479,8.0
tmdb_211,1580,6.0
tmdb_211,1584,10.0
tmdb_212,2,6.0
tmdb_212,5,5.0
tmdb_212,16,8.0
tmdb_212,17,7.0
tmdb_212,19,3.0
tmdb_212,28,8.0
tmdb_212,95,7.0
tmdb_212,104,6.0
tmdb_212,110,10.0
tmdb_212,145,5.0
tmdb_212,147,4.0
tmdb_212,150,8.0
tmdb_212,153,5.0
tmdb_212,158,6.0
tmdb_212,163,5.0
tmdb_212,165,6.0
tmdb_212,168,6.0
tmdb_212,172,4.0
tmdb_212,173,3.0
tmdb_212,180,7.0
tmdb_212,185,6.0
tmdb_212,186,5.0
tmdb_212,216,6.0
tmdb_212,223,8.0
tmdb_212,224,6.0
tmdb_212,231,2.0
tmdb_212,235,8.0
tmdb_212,253,8.0
tmdb_212,260,8.0
tmdb_212,261,5.0
tmdb_212,266,8.0
tmdb_212,292,7.0
tmdb_212,296,8.0
tmdb_212,300,5.0
tmdb_212,315,6.0
tmdb_212,317,6.0
tmdb_212,318,9.0
tmdb_212,337,7.0
tmdb_212,339,7.0
tmdb_212,342,7.0
tmdb_212,344,2.0
tmdb_212,345,5.0
tmdb_212,350,6.0
tmdb_212,364,9.0
tmdb_212,377,8.0
tmdb_212,435,3.0
tmdb_212,440,5.0
tmdb_212,441,7.0
tmdb_212,442,3.0
tmdb_212,455,5.0
tmdb_212,457,6.0
tmdb_212,480,6.0
tmdb_212,497,6.0
tmdb_212,500,5.0
tmdb_212,508,8.0
tmdb_212,509,8.0
tmdb_212,527,10.0
tmdb_212,539,5.0
tmdb_212,546,2.0
tmdb_212,551,8.0
tmdb_212,552,5.0
tmdb_212,586,5.0
tmdb_212,587,5.0
tmdb_212,588,6.0
tmdb_212,590,4.0
tmdb_212,592,6.0
tmdb_212,593,8.0
tmdb_212,594,6.0
tmdb_212,595,7.0
tmdb_212,596,6.0
tmdb_212,597,7.0
tmdb_212,613,6.0
tmdb_212,648,6.0
tmdb_212,650,4.0
tmdb_212,653,5.0
tmdb_212,661,6.0
tmdb_212,673,5.0
tmdb_212,750,7.0
tmdb_212,762,5.0
tmdb_212,778,10.0
tmdb_212,780,6.0
tmdb_212,783,7.0
tmdb_212,784,3.0
tmdb_212,805,7.0
tmdb_212,830,4.0
tmdb_212,837,7.0
tmdb_212,838,8.0
tmdb_212,858,10.0
tmdb_212,899,6.0
tmdb_212,902,7.0
tmdb_212,903,6.0
tmdb_212,912,9.0
tmdb_212,914,6.0
tmdb_212,916,7.0
tmdb_212,919,7.0
tmdb_212,920,7.0
tmdb_212,923,7.0
tmdb_212,934,6.0
tmdb_212,940,6.0
tmdb_212,953,9.0
tmdb_212,986,6.0
tmdb_212,991,6.0
tmdb_212,1059,7.0
tmdb_212,1073,8.0
tmdb_212,1088,7.0
tmdb_212,1089,8.0
tmdb_212,1090,6.0
tmdb_212,1092,6.0
tmdb_212,1103,8.0
tmdb_212,1244,8.0
tmdb_212,1246,8.0
tmdb_212,1247,6.0
tmdb_212,1250,5.0
tmdb_212,1259,6.0
tmdb_212,1262,6.0
tmdb_212,1265,4.0
tmdb_212,1266,6.0
tmdb_212,1271,8.0
tmdb_212,1278,8.0
tmdb_212,1282,8.0
tmdb_212,1370,5.0
tmdb_212,1377,5.0
tmdb_212,1380,8.0
tmdb_212,1387,6.0
tmdb_212,1391,6.0
tmdb_212,1393,8.0
tmdb_212,1407,4.0
tmdb_212,1408,7.0
tmdb_212,1411,8.0
tmdb_212,1416,8.0
tmdb_212,1441,8.0
tmdb_212,1485,4.0
tmdb_212,1544,6.0
tmdb_212,1562,5.0
tmdb_212,1566,6.0
tmdb_212,1573,6.0
tmdb_212,1580,3.0
tmdb_212,1584,5.0
tmdb_212,1586,6.0
tmdb_212,1597,5.0
tmdb_212,1608,6.0
tmdb_212,1610,7.0
tmdb_212,1619,7.0
tmdb_212,1639,8.0
tmdb_212,1644,5.0
tmdb_212,1653,9.0
tmdb_212,1673,6.0
tmdb_212,1682,8.0
tmdb_212,1717,3.0
tmdb_212,1721,5.0
tmdb_212,1722,5.0
tmdb_212,1732,7.0
tmdb_212,1873,8.0
tmdb_212,1884,8.0
tmdb_212,1907,7.0
tmdb_212,1917,6.0
tmdb_212,1918,5.0
tmdb_212,1923,4.0
tmdb_212,1927,4.0
tmdb_212,1931,5.0
tmdb_212,1947,8.0
tmdb_212,1949,5.0
tmdb_212,1951,6.0
tmdb_212,1954,6.0
tmdb_212,1955,5.0
tmdb_212,1959,5.0
tmdb_212,1961,8.0
tmdb_212,1968,8.0
tmdb_212,2000,7.0
tmdb_212,2001,5.0
tmdb_212,2002,6.0
tmdb_212,2003,5.0
tmdb_212,2005,6.0
tmdb_212,2006,8.0
tmdb_212,2011,5.0
tmdb_212,2012,5.0
tmdb_212,2020,7.0
tmdb_212,2023,5.0
tmdb_212,2028,8.0
tmdb_212,2054,5.0
tmdb_212,2080,5.0
tmdb_212,2085,5.0
tmdb_212,2087,8.0
tmdb_212,2100,4.0
tmdb_212,2105,6.0
tmdb_212,2114,5.0
tmdb_212,2115,6.0
tmdb_212,2117,6.0
tmdb_212,2118,7.0
tmdb_212,2125,8.0
tmdb_212,2133,5.0
tmdb_212,2134,6.0
tmdb_212,2144,7.0
tmdb_212,2161,6.0
tmdb_212,2193,5.0
tmdb_212,2268,8.0
tmdb_212,2291,7.0
tmdb_212,2294,5.0
tmdb_212,2302,6.0
tmdb_212,2310,4.0
tmdb_212,2321,9.0
tmdb_212,2324,8.0
tmdb_212,2355,5.0
tmdb_212,2359,7.0
tmdb_212,2383,1.0
tmdb_212,2428,5.0
tmdb_212,2455,4.0
tmdb_212,2470,2.0
tmdb_212,2501,7.0
tmdb_212,2502,3.0
tmdb_212,2539,6.0
tmdb_212,2565,8.0
tmdb_212,2605,6.0
tmdb_212,2617,6.0
tmdb_212,2640,6.0
tmdb_212,2642,4.0
tmdb_212,2657,6.0
tmdb_212,2671,6.0
tmdb_212,2687,8.0
tmdb_212,2694,7.0
tmdb_212,2699,4.0
tmdb_212,2728,6.0
tmdb_212,2761,7.0
tmdb_212,2762,7.0
tmdb_212,2791,4.0
tmdb_212,2959,10.0
tmdb_212,3033,6.0
tmdb_212,3034,6.0
tmdb_212,3052,9.0
tmdb_212,3053,4.0
tmdb_212,3072,5.0
tmdb_212,3079,8.0
tmdb_212,3082,6.0
tmdb_212,3087,4.0
tmdb_212,3101,5.0
tmdb_212,3104,5.0
tmdb_212,3114,5.0
tmdb_212,3175,4.0
tmdb_212,3176,7.0
tmdb_212,3179,9.0
tmdb_212,3418,5.0
tmdb_212,3489,8.0
tmdb_212,3526,5.0
tmdb_212,3549,7.0
tmdb_212,4011,10.0
tmdb_212,4025,6.0
tmdb_212,4034,8.0
tmdb_212,4148,8.0
tmdb_212,4226,10.0
tmdb_212,4369,8.0
tmdb_212,4558,2.0
tmdb_212,4638,5.0
tmdb_212,4641,6.0
tmdb_212,4643,7.0
tmdb_212,4701,7.0
tmdb_212,4734,7.0
tmdb_212,4816,4.0
tmdb_212,4823,6.0
tmdb_212,4857,8.0
tmdb_212,4886,8.0
tmdb_212,4887,6.0
tmdb_212,4896,5.0
tmdb_212,4973,7.0
tmdb_212,4993,10.0
tmdb_212,4995,9.0
tmdb_212,5055,5.0
tmdb_212,5064,8.0
tmdb_212,5421,7.0
tmdb_212,5481,5.0
tmdb_212,5747,5.0
tmdb_212,5816,5.0
tmdb_212,5876,5.0
tmdb_212,5956,6.0
tmdb_212,5994,7.0
tmdb_212,5995,8.0
tmdb_212,6537,6.0
tmdb_212,6591,9.0
tmdb_212,6934,7.0
tmdb_212,6936,5.0
tmdb_212,6947,6.0
tmdb_212,7303,6.0
tmdb_212,7451,6.0
tmdb_212,7454,6.0
tmdb_212,8665,8.0
tmdb_212,8833,7.0
tmdb_212,8860,6.0
tmdb_212,8873,8.0
tmdb_212,8874,7.0
tmdb_212,8935,3.0
tmdb_212,8961,7.0
tmdb_212,8966,6.0
tmdb_212,8970,8.0
tmdb_212,8984,6.0
tmdb_212,8998,7.0
tmdb_212,26680,7.0
tmdb_212,27706,6.0
tmdb_212,27904,6.0
tmdb_212,30707,6.0
tmdb_212,30793,7.0
tmdb_212,31694,2.0
tmdb_212,33166,9.0
tmdb_212,33660,7.0
tmdb_212,38499,8.0
tmdb_212,39231,7.0
tmdb_212,39435,7.0
tmdb_212,39446,7.0
tmdb_212,40815,5.0
tmdb_212,41566,8.0
tmdb_212,42738,6.0
tmdb_212,43930,5.0
tmdb_212,43936,2.0
tmdb_212,44191,6.0
tmdb_212,45186,7.0
tmdb_212,45431,5.0
tmdb_212,45722,7.0
tmdb_212,46948,5.0
tmdb_212,46972,5.0
tmdb_212,46976,8.0
tmdb_212,48385,3.0
tmdb_212,49530,8.0
tmdb_212,54272,7.0
tmdb_212,55872,5.0
tmdb_212,56152,6.0
tmdb_212,56339,8.0
tmdb_212,56715,8.0
tmdb_212,58559,9.0
tmdb_212,69526,5.0
tmdb_213,2,6.0
tmdb_213,13,5.0
tmdb_213,15,6.0
tmdb_213,19,4.0
tmdb_213,24,5.0
tmdb_213,89,7.0
tmdb_213,95,4.0
tmdb_213,104,4.0
tmdb_213,110,5.0
tmdb_213,141,4.0
tmdb_213,150,3.0
tmdb_213,153,8.0
tmdb_213,158,6.0
tmdb_213,160,6.0
tmdb_213,165,7.0
tmdb_213,168,7.0
tmdb_213,170,6.0
tmdb_213,172,5.0
tmdb_213,173,4.0
tmdb_213,185,6.0
tmdb_213,196,5.0
tmdb_213,204,5.0
tmdb_213,216,2.0
tmdb_213,239,3.0
tmdb_213,253,5.0
tmdb_213,256,1.0
tmdb_213,260,10.0
tmdb_213,292,8.0
tmdb_213,293,6.0
tmdb_213,313,6.0
tmdb_213,316,9.0
tmdb_213,317,4.0
tmdb_213,339,5.0
tmdb_213,344,2.0
tmdb_213,349,5.0
tmdb_213,364,5.0
tmdb_213,377,8.0
tmdb_213,379,6.0
tmdb_213,380,4.0
tmdb_213,435,2.0
tmdb_213,440,5.0
tmdb_213,442,6.0
tmdb_213,455,3.0
tmdb_213,457,8.0
tmdb_213,480,10.0
tmdb_213,494,8.0
tmdb_213,500,4.0
tmdb_213,539,4.0
tmdb_213,541,4.0
tmdb_213,552,8.0
tmdb_213,586,4.0
tmdb_213,587,5.0
tmdb_213,588,6.0
tmdb_213,590,2.0
tmdb_213,592,7.0
tmdb_213,593,5.0
tmdb_213,594,4.0
tmdb_213,595,6.0
tmdb_213,596,4.0
tmdb_213,597,6.0
tmdb_213,608,4.0
tmdb_213,616,3.0
tmdb_213,648,6.0
tmdb_213,653,8.0
tmdb_213,661,3.0
tmdb_213,673,4.0
tmdb_213,709,4.0
tmdb_213,780,10.0
tmdb_213,783,5.0
tmdb_213,786,8.0
tmdb_213,788,3.0
tmdb_213,799,6.0
tmdb_213,802,3.0
tmdb_213,805,5.0
tmdb_213,810,4.0
tmdb_213,832,8.0
tmdb_213,837,6.0
tmdb_213,919,5.0
tmdb_213,953,5.0
tmdb_213,986,4.0
tmdb_213,1073,3.0
tmdb_213,1088,6.0
tmdb_213,1127,5.0
tmdb_213,1253,6.0
tmdb_213,1265,5.0
tmdb_213,1271,3.0
tmdb_213,1282,2.0
tmdb_213,1359,2.0
tmdb_213,1367,3.0
tmdb_213,1370,6.0
tmdb_213,1377,6.0
tmdb_213,1387,5.0
tmdb_213,1391,2.0
tmdb_213,1393,2.0
tmdb_213,1396,5.0
tmdb_213,1407,4.0
tmdb_213,1422,9.0
tmdb_213,1479,6.0
tmdb_213,1485,2.0
tmdb_213,1499,6.0
tmdb_213,1544,8.0
tmdb_213,1552,9.0
tmdb_213,1556,3.0
tmdb_213,1562,2.0
tmdb_213,1566,8.0
tmdb_213,1573,2.0
tmdb_213,1580,8.0
tmdb_213,1584,4.0
tmdb_213,1586,4.0
tmdb_213,1588,3.0
tmdb_213,1590,5.0
tmdb_213,1597,6.0
tmdb_213,1608,8.0
tmdb_213,1610,7.0
tmdb_213,1620,6.0
tmdb_213,1644,4.0
tmdb_213,1682,5.0
tmdb_213,1687,8.0
tmdb_213,1688,6.0
tmdb_213,1690,7.0
tmdb_213,1702,6.0
tmdb_213,1721,5.0
tmdb_213,1726,7.0
tmdb_213,1779,5.0
tmdb_213,1792,8.0
tmdb_213,1831,4.0
tmdb_213,1833,6.0
tmdb_213,1835,4.0
tmdb_213,1882,9.0
tmdb_213,1892,5.0
tmdb_213,1894,6.0
tmdb_213,1907,8.0
tmdb_213,1911,4.0
tmdb_213,1917,3.0
tmdb_213,1920,6.0
tmdb_213,1923,2.0
tmdb_213,1961,5.0
tmdb_213,1967,2.0
tmdb_213,2000,5.0
tmdb_213,2006,3.0
tmdb_213,2009,5.0
tmdb_213,2018,2.0
tmdb_213,2046,5.0
tmdb_213,2054,6.0
tmdb_213,2058,7.0
tmdb_213,2059,5.0
tmdb_213,2078,4.0
tmdb_213,2085,5.0
tmdb_213,2087,4.0
tmdb_213,2089,4.0
tmdb_213,2094,5.0
tmdb_213,2100,5.0
tmdb_213,2115,7.0
tmdb_213,2125,7.0
tmdb_213,2140,5.0
tmdb_213,2141,5.0
tmdb_213,2143,3.0
tmdb_213,2161,4.0
tmdb_213,2193,5.0
tmdb_213,2291,5.0
tmdb_213,2294,4.0
tmdb_213,2321,6.0
tmdb_213,2322,6.0
tmdb_213,2334,7.0
tmdb_213,2355,3.0
tmdb_213,2428,6.0
tmdb_213,2470,5.0
tmdb_213,2528,4.0
tmdb_213,2539,5.0
tmdb_213,2605,6.0
tmdb_213,2617,8.0
tmdb_213,2671,4.0
tmdb_213,2687,4.0
tmdb_213,2699,6.0
tmdb_213,2722,4.0
tmdb_213,2762,5.0
tmdb_213,2791,2.0
tmdb_213,3034,5.0
tmdb_213,3052,2.0
tmdb_213,3054,5.0
tmdb_213,3114,5.0
tmdb_213,3175,7.0
tmdb_213,3489,3.0
tmdb_213,3593,2.0
tmdb_213,3981,3.0
tmdb_213,4025,5.0
tmdb_213,4232,2.0
tmdb_213,4519,4.0
tmdb_213,4638,8.0
tmdb_213,4643,6.0
tmdb_213,4676,5.0
tmdb_213,4823,5.0
tmdb_213,4886,7.0
tmdb_213,4896,8.0
tmdb_213,4993,9.0
tmdb_213,4995,2.0
tmdb_213,5064,8.0
tmdb_213,5066,3.0
tmdb_213,5146,9.0
tmdb_213,5247,5.0
tmdb_213,5506,6.0
tmdb_213,5528,3.0
tmdb_213,5620,5.0
tmdb_213,5816,8.0
tmdb_213,6264,3.0
tmdb_213,6283,7.0
tmdb_213,6373,2.0
tmdb_213,6537,5.0
tmdb_213,6593,3.0
tmdb_213,6934,4.0
tmdb_213,6936,2.0
tmdb_213,7445,4.0
tmdb_213,7451,4.0
tmdb_213,7454,7.0
tmdb_213,8373,3.0
tmdb_213,8643,6.0
tmdb_213,8665,5.0
tmdb_213,8810,8.0
tmdb_213,8814,2.0
tmdb_213,8860,8.0
tmdb_213,8870,5.0
tmdb_213,8961,8.0
tmdb_213,8965,6.0
tmdb_213,27706,4.0
tmdb_213,30793,5.0
tmdb_213,31221,2.0
tmdb_213,31685,5.0
tmdb_213,31696,7.0
tmdb_213,32029,6.0
tmdb_213,37380,5.0
tmdb_213,37727,7.0
tmdb_213,40815,7.0
tmdb_213,41566,6.0
tmdb_213,42721,2.0
tmdb_213,42738,7.0
tmdb_213,43936,4.0
tmdb_213,44004,5.0
tmdb_213,44191,7.0
tmdb_213,45431,3.0
tmdb_213,45722,5.0
tmdb_213,46972,5.0
tmdb_213,46976,5.0
tmdb_213,50162,6.0
tmdb_213,50601,3.0
tmdb_213,51540,4.0
tmdb_213,51935,8.0
tmdb_213,54276,6.0
tmdb_213,56152,5.0
tmdb_213,56171,6.0
tmdb_213,58293,4.0
tmdb_213,58559,7.0
tmdb_213,59421,4.0
tmdb_213,63859,5.0
tmdb_213,69526,6.0
tmdb_213,71520,4.0
tmdb_213,74545,5.0
tmdb_213,79224,5.0
tmdb_213,83613,7.0
tmdb_213,84954,7.0
tmdb_213,86059,2.0
tmdb_213,86332,8.0
tmdb_213,86835,6.0
tmdb_214,25,6.0
tmdb_214,110,10.0
tmdb_214,111,10.0
tmdb_214,260,10.0
tmdb_214,265,6.0
tmdb_214,288,6.0
tmdb_214,292,6.0
tmdb_214,293,6.0
tmdb_214,296,8.0
tmdb_214,318,10.0
tmdb_214,319,10.0
tmdb_214,364,10.0
tmdb_214,377,4.0
tmdb_214,380,8.0
tmdb_214,455,4.0
tmdb_214,457,6.0
tmdb_214,480,8.0
tmdb_214,509,8.0
tmdb_214,527,10.0
tmdb_214,541,10.0
tmdb_214,588,8.0
tmdb_214,590,10.0
tmdb_214,592,6.0
tmdb_214,593,10.0
tmdb_214,595,8.0
tmdb_214,608,10.0
tmdb_214,628,8.0
tmdb_214,648,6.0
tmdb_214,745,10.0
tmdb_214,750,10.0
tmdb_214,780,10.0
tmdb_214,800,8.0
tmdb_214,804,2.0
tmdb_214,832,8.0
tmdb_214,858,10.0
tmdb_214,912,6.0
tmdb_214,919,10.0
tmdb_214,924,10.0
tmdb_214,1089,10.0
tmdb_214,1090,10.0
tmdb_214,1092,8.0
tmdb_214,1127,8.0
tmdb_214,1213,10.0
tmdb_214,1246,8.0
tmdb_214,1249,8.0
tmdb_214,1252,10.0
tmdb_214,1259,10.0
tmdb_214,1262,10.0
tmdb_214,1267,10.0
tmdb_214,1272,10.0
tmdb_214,1380,10.0
tmdb_214,1387,6.0
tmdb_214,1394,4.0
tmdb_214,1580,10.0
tmdb_214,1584,10.0
tmdb_214,1610,10.0
tmdb_214,1722,6.0
tmdb_214,1947,8.0
tmdb_214,1951,8.0
tmdb_214,1954,10.0
tmdb_214,1956,10.0
tmdb_214,1957,6.0
tmdb_214,1961,8.0
tmdb_214,1965,8.0
tmdb_214,1997,10.0
tmdb_214,2000,6.0
tmdb_214,2001,4.0
tmdb_214,2020,10.0
tmdb_214,2023,10.0
tmdb_214,2028,10.0
tmdb_214,2064,8.0
tmdb_214,2078,8.0
tmdb_214,2094,8.0
tmdb_214,2105,8.0
tmdb_214,2115,10.0
tmdb_214,2348,6.0
tmdb_214,2455,8.0
tmdb_214,2501,10.0
tmdb_214,2565,8.0
tmdb_214,2640,6.0
tmdb_214,2762,10.0
tmdb_214,2976,6.0
tmdb_214,2984,10.0
tmdb_214,2989,6.0
tmdb_214,2990,6.0
tmdb_214,3072,6.0
tmdb_214,3101,10.0
tmdb_214,3176,10.0
tmdb_214,3418,10.0
tmdb_214,3686,6.0
tmdb_214,3699,6.0
tmdb_215,6,6.0
tmdb_215,86,6.0
tmdb_215,111,8.0
tmdb_215,260,6.0
tmdb_215,265,10.0
tmdb_215,480,6.0
tmdb_215,509,6.0
tmdb_215,527,8.0
tmdb_215,541,6.0
tmdb_215,608,8.0
tmdb_215,648,6.0
tmdb_215,653,6.0
tmdb_215,750,10.0
tmdb_215,858,10.0
tmdb_215,899,6.0
tmdb_215,903,8.0
tmdb_215,912,10.0
tmdb_215,913,10.0
tmdb_215,919,8.0
tmdb_215,920,6.0
tmdb_215,924,10.0
tmdb_215,953,8.0
tmdb_215,1073,6.0
tmdb_215,1103,10.0
tmdb_215,1246,8.0
tmdb_215,1247,8.0
tmdb_215,1391,6.0
tmdb_215,1393,8.0
tmdb_215,1429,6.0
tmdb_215,1479,8.0
tmdb_216,260,7.0
tmdb_216,293,8.0
tmdb_216,318,10.0
tmdb_216,345,8.0
tmdb_216,551,10.0
tmdb_216,593,8.0
tmdb_216,596,7.0
tmdb_216,628,8.0
tmdb_216,783,8.0
tmdb_216,899,8.0
tmdb_216,910,8.0
tmdb_216,919,9.0
tmdb_216,1262,9.0
tmdb_216,1282,8.0
tmdb_216,1485,8.0
tmdb_216,1639,9.0
tmdb_216,1682,10.0
tmdb_216,1961,8.0
tmdb_216,1968,10.0
tmdb_216,2006,8.0
tmdb_216,2100,9.0
tmdb_216,2321,9.0
tmdb_216,2501,9.0
tmdb_216,2502,10.0
tmdb_216,2617,7.0
tmdb_216,2791,10.0
tmdb_216,2959,10.0
tmdb_216,4034,10.0
tmdb_216,4226,10.0
tmdb_216,4326,8.0
tmdb_216,4886,9.0
tmdb_216,4993,10.0
tmdb_216,6620,8.0
tmdb_217,3,9.0
tmdb_217,16,8.0
tmdb_217,104,9.0
tmdb_217,110,8.0
tmdb_217,112,6.0
tmdb_217,135,7.0
tmdb_217,236,5.0
tmdb_217,260,10.0
tmdb_217,315,2.0
tmdb_217,329,8.0
tmdb_217,457,9.0
tmdb_217,466,7.0
tmdb_217,784,7.0
tmdb_217,858,10.0
tmdb_217,1278,5.0
tmdb_217,1371,9.0
tmdb_217,1373,7.0
tmdb_217,1374,9.0
tmdb_217,1375,6.0
tmdb_217,1376,8.0
tmdb_217,1407,5.0
tmdb_217,1610,10.0
tmdb_217,1653,3.0
tmdb_217,1917,6.0
tmdb_217,1923,10.0
tmdb_217,2000,8.0
tmdb_217,2028,8.0
tmdb_217,2115,10.0
tmdb_217,2268,10.0
tmdb_217,2371,9.0
tmdb_217,2502,10.0
tmdb_217,2791,10.0
tmdb_217,2989,9.0
tmdb_217,2993,8.0
tmdb_217,3635,9.0
tmdb_217,5816,6.0
tmdb_217,8008,6.0
tmdb_218,2,5.0
tmdb_218,223,8.0
tmdb_218,260,8.0
tmdb_218,318,8.0
tmdb_218,410,7.0
tmdb_218,442,7.0
tmdb_218,508,6.0
tmdb_218,541,9.0
tmdb_218,593,8.0
tmdb_218,750,10.0
tmdb_218,919,7.0
tmdb_218,1213,8.0
tmdb_218,1259,8.0
tmdb_218,1584,7.0
tmdb_218,1610,8.0
tmdb_218,1690,6.0
tmdb_218,2186,8.0
tmdb_218,2762,7.0
tmdb_218,3114,7.0
tmdb_218,4226,9.0
tmdb_218,4973,8.0
tmdb_219,11,8.0
tmdb_219,16,4.0
tmdb_219,19,6.0
tmdb_219,104,10.0
tmdb_219,122,8.0
tmdb_219,180,6.0
tmdb_219,216,10.0
tmdb_219,223,4.0
tmdb_219,231,10.0
tmdb_219,235,6.0
tmdb_219,260,6.0
tmdb_219,296,8.0
tmdb_219,317,6.0
tmdb_219,318,10.0
tmdb_219,344,8.0
tmdb_219,377,8.0
tmdb_219,414,6.0
tmdb_219,441,6.0
tmdb_219,457,6.0
tmdb_219,500,8.0
tmdb_219,527,8.0
tmdb_219,539,8.0
tmdb_219,588,10.0
tmdb_219,597,6.0
tmdb_219,608,4.0
tmdb_219,788,8.0
tmdb_219,1073,8.0
tmdb_219,1089,10.0
tmdb_219,1093,6.0
tmdb_219,1246,10.0
tmdb_219,1265,10.0
tmdb_219,1367,6.0
tmdb_219,1394,10.0
tmdb_219,1573,10.0
tmdb_219,1580,8.0
tmdb_219,1610,8.0
tmdb_219,1641,6.0
tmdb_219,1682,10.0
tmdb_219,1721,10.0
tmdb_219,1732,10.0
tmdb_219,1907,6.0
tmdb_219,1923,8.0
tmdb_219,2011,8.0
tmdb_219,2012,6.0
tmdb_219,2018,4.0
tmdb_219,2268,6.0
tmdb_219,2335,6.0
tmdb_219,2355,8.0
tmdb_219,2447,8.0
tmdb_219,2502,10.0
tmdb_219,2671,8.0
tmdb_219,2694,10.0
tmdb_219,2791,7.0
tmdb_219,2993,8.0
tmdb_219,3536,8.0
tmdb_219,4351,6.0
tmdb_219,4886,9.0
tmdb_219,4993,1.0
tmdb_219,8961,7.0
tmdb_220,16,10.0
tmdb_220,17,10.0
tmdb_220,62,8.0
tmdb_220,110,8.0
tmdb_220,231,4.0
tmdb_220,260,10.0
tmdb_220,272,10.0
tmdb_220,293,10.0
tmdb_220,296,10.0
tmdb_220,306,8.0
tmdb_220,307,8.0
tmdb_220,308,8.0
tmdb_220,319,10.0
tmdb_220,337,8.0
tmdb_220,344,2.0
tmdb_220,345,8.0
tmdb_220,350,6.0
tmdb_220,377,6.0
tmdb_220,427,2.0
tmdb_220,434,6.0
tmdb_220,441,4.0
tmdb_220,454,6.0
tmdb_220,468,8.0
tmdb_220,480,4.0
tmdb_220,481,8.0
tmdb_220,500,6.0
tmdb_220,527,10.0
tmdb_220,537,2.0
tmdb_220,539,4.0
tmdb_220,586,2.0
tmdb_220,588,6.0
tmdb_220,590,8.0
tmdb_220,593,8.0
tmdb_220,595,8.0
tmdb_220,597,6.0
tmdb_220,608,10.0
tmdb_220,637,4.0
tmdb_220,648,8.0
tmdb_220,665,4.0
tmdb_220,745,10.0
tmdb_220,750,8.0
tmdb_220,778,10.0
tmdb_220,780,6.0
tmdb_220,804,6.0
tmdb_220,824,6.0
tmdb_220,832,6.0
tmdb_220,858,10.0
tmdb_220,898,10.0
tmdb_220,903,8.0
tmdb_220,910,10.0
tmdb_220,912,8.0
tmdb_220,923,6.0
tmdb_220,924,8.0
tmdb_220,991,8.0
tmdb_220,1059,8.0
tmdb_220,1089,8.0
tmdb_220,1090,10.0
tmdb_220,1092,4.0
tmdb_220,1213,10.0
tmdb_220,1245,8.0
tmdb_220,1247,10.0
tmdb_220,1249,8.0
tmdb_220,1265,8.0
tmdb_220,1271,6.0
tmdb_220,1379,4.0
tmdb_220,1380,4.0
tmdb_220,1391,4.0
tmdb_220,1393,6.0
tmdb_220,1407,4.0
tmdb_220,1411,8.0
tmdb_220,1542,8.0
tmdb_220,1554,2.0
tmdb_220,1580,8.0
tmdb_220,1610,8.0
tmdb_220,1641,10.0
tmdb_220,1643,8.0
tmdb_220,1645,8.0
tmdb_220,1680,8.0
tmdb_220,1682,6.0
tmdb_220,1690,6.0
tmdb_220,1694,8.0
tmdb_220,1702,2.0
tmdb_220,1721,6.0
tmdb_220,1729,8.0
tmdb_220,1732,8.0
tmdb_220,1844,8.0
tmdb_220,1923,4.0
tmdb_220,1961,8.0
tmdb_220,2003,4.0
tmdb_220,2012,2.0
tmdb_220,2023,8.0
tmdb_220,2054,2.0
tmdb_220,2110,6.0
tmdb_220,2111,8.0
tmdb_220,2186,6.0
tmdb_220,2232,8.0
tmdb_220,2268,8.0
tmdb_220,2269,2.0
tmdb_220,2294,10.0
tmdb_220,2324,10.0
tmdb_220,2436,10.0
tmdb_220,2487,6.0
tmdb_220,2617,2.0
tmdb_220,2657,4.0
tmdb_220,2671,8.0
tmdb_220,2690,10.0
tmdb_220,2762,10.0
tmdb_220,2791,6.0
tmdb_220,2805,8.0
tmdb_220,2912,8.0
tmdb_220,2959,8.0
tmdb_220,3053,8.0
tmdb_220,3060,10.0
tmdb_220,3082,6.0
tmdb_220,3083,6.0
tmdb_220,3127,6.0
tmdb_220,3160,8.0
tmdb_220,3175,6.0
tmdb_220,3176,8.0
tmdb_220,3179,6.0
tmdb_220,3418,8.0
tmdb_220,3536,6.0
tmdb_220,3581,10.0
tmdb_220,3683,8.0
tmdb_220,3686,4.0
tmdb_220,4011,8.0
tmdb_220,4025,6.0
tmdb_220,4034,10.0
tmdb_220,4148,4.0
tmdb_220,4973,10.0
tmdb_221,16,6.0
tmdb_221,112,6.0
tmdb_221,163,5.0
tmdb_221,172,5.0
tmdb_221,173,5.0
tmdb_221,315,2.0
tmdb_221,466,4.0
tmdb_221,832,6.0
tmdb_221,1380,5.0
tmdb_221,1485,8.0
tmdb_221,1917,6.0
tmdb_221,2012,7.0
tmdb_221,2640,7.0
tmdb_222,229,8.0
tmdb_222,899,10.0
tmdb_222,900,10.0
tmdb_222,901,10.0
tmdb_222,912,10.0
tmdb_222,923,8.0
tmdb_222,935,8.0
tmdb_222,938,10.0
tmdb_222,940,10.0
tmdb_222,943,10.0
tmdb_222,946,8.0
tmdb_222,953,6.0
tmdb_222,956,8.0
tmdb_222,1936,10.0
tmdb_222,1938,6.0
tmdb_222,1939,10.0
tmdb_222,1940,10.0
tmdb_222,1941,10.0
tmdb_222,1942,8.0
tmdb_222,2080,6.0
tmdb_222,2087,2.0
tmdb_222,2202,10.0
tmdb_222,2565,10.0
tmdb_222,2612,6.0
tmdb_222,2927,8.0
tmdb_222,3515,8.0
tmdb_222,3536,10.0
tmdb_222,3549,4.0
tmdb_222,3580,10.0
tmdb_222,3594,8.0
tmdb_222,3598,10.0
tmdb_222,3683,10.0
tmdb_222,3686,8.0
tmdb_222,3699,8.0
tmdb_222,3716,6.0
tmdb_223,5,8.0
tmdb_223,6,8.0
tmdb_223,62,8.0
tmdb_223,81,6.0
tmdb_223,86,10.0
tmdb_223,102,6.0
tmdb_223,113,4.0
tmdb_223,141,6.0
tmdb_223,260,10.0
tmdb_223,494,10.0
tmdb_223,608,10.0
tmdb_223,613,10.0
tmdb_223,628,8.0
tmdb_223,640,6.0
tmdb_223,648,6.0
tmdb_223,653,4.0
tmdb_223,662,6.0
tmdb_223,780,6.0
tmdb_223,786,10.0
tmdb_223,788,6.0
tmdb_223,802,8.0
tmdb_223,805,8.0
tmdb_223,832,10.0
tmdb_223,1073,8.0
tmdb_223,1359,4.0
tmdb_223,1393,10.0
tmdb_224,2,8.0
tmdb_224,6,10.0
tmdb_224,16,10.0
tmdb_224,17,10.0
tmdb_224,21,8.0
tmdb_224,25,8.0
tmdb_224,28,10.0
tmdb_224,30,8.0
tmdb_224,35,8.0
tmdb_224,55,8.0
tmdb_224,58,6.0
tmdb_224,82,8.0
tmdb_224,85,8.0
tmdb_224,95,6.0
tmdb_224,100,8.0
tmdb_224,103,8.0
tmdb_224,110,10.0
tmdb_224,149,10.0
tmdb_224,150,10.0
tmdb_224,153,8.0
tmdb_224,154,8.0
tmdb_224,158,10.0
tmdb_224,162,10.0
tmdb_224,165,8.0
tmdb_224,173,8.0
tmdb_224,175,10.0
tmdb_224,193,8.0
tmdb_224,213,10.0
tmdb_224,223,10.0
tmdb_224,232,8.0
tmdb_224,233,10.0
tmdb_224,235,10.0
tmdb_224,242,8.0
tmdb_224,247,8.0
tmdb_224,249,8.0
tmdb_224,253,8.0
tmdb_224,260,8.0
tmdb_224,265,8.0
tmdb_224,272,8.0
tmdb_224,288,10.0
tmdb_224,296,10.0
tmdb_224,299,8.0
tmdb_224,302,8.0
tmdb_224,306,8.0
tmdb_224,307,8.0
tmdb_224,308,8.0
tmdb_224,314,8.0
tmdb_224,329,8.0
tmdb_224,334,6.0
tmdb_224,335,8.0
tmdb_224,337,8.0
tmdb_224,339,8.0
tmdb_224,344,8.0
tmdb_224,347,10.0
tmdb_224,348,10.0
tmdb_224,380,8.0
tmdb_224,410,8.0
tmdb_224,427,6.0
tmdb_224,435,6.0
tmdb_224,452,8.0
tmdb_224,468,8.0
tmdb_224,494,8.0
tmdb_224,553,10.0
tmdb_224,588,10.0
tmdb_224,608,10.0
tmdb_224,627,8.0
tmdb_224,628,8.0
tmdb_224,640,6.0
tmdb_224,671,8.0
tmdb_224,698,6.0
tmdb_224,1405,8.0
tmdb_225,110,8.0
tmdb_225,150,8.0
tmdb_225,153,8.0
tmdb_225,185,6.0
tmdb_225,231,6.0
tmdb_225,253,10.0
tmdb_225,296,6.0
tmdb_225,316,8.0
tmdb_225,329,8.0
tmdb_225,344,8.0
tmdb_225,364,8.0
tmdb_225,380,8.0
tmdb_225,410,6.0
tmdb_225,454,6.0
tmdb_225,457,10.0
tmdb_225,480,10.0
tmdb_225,588,10.0
tmdb_225,590,10.0
tmdb_225,592,6.0
tmdb_225,593,8.0
tmdb_225,595,10.0
tmdb_225,661,6.0
tmdb_226,318,8.0
tmdb_226,531,3.0
tmdb_226,673,3.0
tmdb_226,2294,4.0
tmdb_226,2359,7.0
tmdb_226,4973,1.0
tmdb_226,4995,8.0
tmdb_226,5064,8.0
tmdb_226,5066,8.0
tmdb_226,7346,6.0
tmdb_226,37853,7.0
tmdb_226,56156,3.0
tmdb_226,58559,8.0
tmdb_227,2321,2.0
tmdb_227,2334,10.0
tmdb_227,2335,10.0
tmdb_227,2355,6.0
tmdb_228,260,10.0
tmdb_228,380,5.0
tmdb_228,480,10.0
tmdb_228,1580,10.0
tmdb_228,1682,7.0
tmdb_228,2005,9.0
tmdb_228,2011,10.0
tmdb_228,2115,10.0
tmdb_228,2134,8.0
tmdb_228,2193,10.0
tmdb_228,2791,10.0
tmdb_228,2959,8.0
tmdb_228,3033,10.0
tmdb_228,4993,8.0
tmdb_228,8961,8.0
tmdb_228,58559,8.0
tmdb_229,468,7.0
tmdb_229,858,8.0
tmdb_229,920,9.0
tmdb_229,953,9.0
tmdb_229,1250,9.0
tmdb_229,1262,9.0
tmdb_229,1283,8.0
tmdb_229,1680,7.0
tmdb_229,3107,7.0
tmdb_229,3396,9.0
tmdb_230,223,7.0
tmdb_230,293,10.0
tmdb_230,318,9.0
tmdb_230,593,8.0
tmdb_230,608,9.0
tmdb_230,778,8.0
tmdb_230,1089,10.0
tmdb_230,1259,10.0
tmdb_230,1265,8.0
tmdb_230,1285,8.0
tmdb_230,1673,10.0
tmdb_230,1682,10.0
tmdb_230,1732,10.0
tmdb_230,1884,10.0
tmdb_230,1961,10.0
tmdb_230,2291,9.0
tmdb_230,2395,10.0
tmdb_230,2502,10.0
tmdb_230,2762,7.0
tmdb_230,2959,9.0
tmdb_230,3160,10.0
tmdb_230,4011,10.0
tmdb_230,4034,10.0
tmdb_230,4226,10.0
tmdb_230,4641,8.0
tmdb_230,5902,9.0
tmdb_230,6016,10.0
tmdb_230,8873,7.0
tmdb_230,8874,10.0
tmdb_230,33166,8.0
tmdb_230,46976,10.0
tmdb_230,56715,10.0
tmdb_231,111,8.0
tmdb_231,296,10.0
tmdb_231,593,6.0
tmdb_231,608,10.0
tmdb_231,903,8.0
tmdb_231,912,6.0
tmdb_231,1089,8.0
tmdb_231,1213,10.0
tmdb_231,1252,6.0
tmdb_231,1267,10.0
tmdb_231,1834,8.0
tmdb_231,2762,10.0
tmdb_231,3515,8.0
tmdb_232,11,8.0
tmdb_232,17,10.0
tmdb_232,25,2.0
tmdb_232,62,10.0
tmdb_232,95,8.0
tmdb_232,100,10.0
tmdb_232,102,4.0
tmdb_232,105,8.0
tmdb_232,110,10.0
tmdb_232,111,10.0
tmdb_232,141,6.0
tmdb_232,150,8.0
tmdb_232,153,8.0
tmdb_232,164,10.0
tmdb_232,216,8.0
tmdb_232,224,10.0
tmdb_232,235,10.0
tmdb_232,252,8.0
tmdb_232,253,10.0
tmdb_232,260,10.0
tmdb_232,261,10.0
tmdb_232,265,10.0
tmdb_232,275,2.0
tmdb_232,296,10.0
tmdb_232,314,10.0
tmdb_232,316,8.0
tmdb_232,317,2.0
tmdb_232,329,8.0
tmdb_232,345,10.0
tmdb_232,350,10.0
tmdb_232,377,8.0
tmdb_232,379,8.0
tmdb_232,381,6.0
tmdb_232,383,8.0
tmdb_232,405,6.0
tmdb_232,421,4.0
tmdb_232,440,8.0
tmdb_232,441,4.0
tmdb_232,454,10.0
tmdb_232,458,8.0
tmdb_232,466,6.0
tmdb_232,468,8.0
tmdb_232,473,2.0
tmdb_232,475,10.0
tmdb_232,480,10.0
tmdb_232,500,8.0
tmdb_232,502,2.0
tmdb_232,505,6.0
tmdb_232,509,8.0
tmdb_232,521,10.0
tmdb_232,527,8.0
tmdb_232,531,10.0
tmdb_232,534,10.0
tmdb_232,537,10.0
tmdb_232,539,10.0
tmdb_232,551,8.0
tmdb_232,552,6.0
tmdb_232,580,8.0
tmdb_232,587,8.0
tmdb_232,588,10.0
tmdb_232,590,10.0
tmdb_232,592,10.0
tmdb_232,593,10.0
tmdb_232,594,10.0
tmdb_232,595,8.0
tmdb_232,596,10.0
tmdb_232,597,4.0
tmdb_232,599,4.0
tmdb_232,608,10.0
tmdb_232,647,6.0
tmdb_232,653,8.0
tmdb_232,674,6.0
tmdb_232,707,10.0
tmdb_232,750,8.0
tmdb_232,761,8.0
tmdb_232,778,10.0
tmdb_232,780,6.0
tmdb_232,788,6.0
tmdb_232,801,8.0
tmdb_232,838,10.0
tmdb_232,848,4.0
tmdb_232,858,10.0
tmdb_232,888,8.0
tmdb_232,898,10.0
tmdb_232,902,8.0
tmdb_232,903,6.0
tmdb_232,905,10.0
tmdb_232,909,2.0
tmdb_232,910,4.0
tmdb_232,911,8.0
tmdb_232,912,8.0
tmdb_232,913,8.0
tmdb_232,919,8.0
tmdb_232,920,8.0
tmdb_232,921,8.0
tmdb_232,923,10.0
tmdb_232,924,2.0
tmdb_232,926,8.0
tmdb_232,936,8.0
tmdb_232,940,10.0
tmdb_232,943,10.0
tmdb_232,944,8.0
tmdb_232,946,6.0
tmdb_232,948,4.0
tmdb_232,949,4.0
tmdb_232,951,8.0
tmdb_232,953,8.0
tmdb_232,954,10.0
tmdb_232,955,8.0
tmdb_232,961,10.0
tmdb_232,984,10.0
tmdb_232,1059,8.0
tmdb_232,1073,6.0
tmdb_232,1089,10.0
tmdb_232,1090,10.0
tmdb_232,1091,8.0
tmdb_232,1092,8.0
tmdb_232,1103,8.0
tmdb_232,1124,2.0
tmdb_232,1125,10.0
tmdb_232,1127,8.0
tmdb_232,1162,8.0
tmdb_232,1213,8.0
tmdb_232,1244,6.0
tmdb_232,1245,10.0
tmdb_232,1246,10.0
tmdb_232,1250,8.0
tmdb_232,1251,2.0
tmdb_232,1252,10.0
tmdb_232,1253,10.0
tmdb_232,1254,10.0
tmdb_232,1259,8.0
tmdb_232,1262,8.0
tmdb_232,1265,8.0
tmdb_232,1266,10.0
tmdb_232,1271,10.0
tmdb_232,1272,10.0
tmdb_232,1273,10.0
tmdb_232,1278,10.0
tmdb_232,1282,10.0
tmdb_232,1284,8.0
tmdb_232,1285,8.0
tmdb_232,1358,10.0
tmdb_232,1370,8.0
tmdb_232,1371,8.0
tmdb_232,1372,8.0
tmdb_232,1373,8.0
tmdb_232,1374,6.0
tmdb_232,1375,10.0
tmdb_232,1376,8.0
tmdb_232,1377,8.0
tmdb_232,1380,6.0
tmdb_232,1381,6.0
tmdb_232,1387,10.0
tmdb_232,1391,6.0
tmdb_232,1393,8.0
tmdb_232,1394,8.0
tmdb_232,1396,8.0
tmdb_232,1408,10.0
tmdb_232,1411,10.0
tmdb_232,1419,10.0
tmdb_232,1441,8.0
tmdb_232,1485,8.0
tmdb_232,1541,8.0
tmdb_232,1544,8.0
tmdb_232,1552,6.0
tmdb_232,1562,10.0
tmdb_232,1580,10.0
tmdb_232,1587,10.0
tmdb_232,1590,8.0
tmdb_232,1597,10.0
tmdb_232,1608,8.0
tmdb_232,1610,8.0
tmdb_232,1646,8.0
tmdb_232,1676,6.0
tmdb_232,1682,6.0
tmdb_232,1690,8.0
tmdb_232,1721,8.0
tmdb_232,1810,8.0
tmdb_232,1885,8.0
tmdb_232,1894,8.0
tmdb_232,1918,6.0
tmdb_232,1923,10.0
tmdb_232,1931,10.0
tmdb_232,1939,10.0
tmdb_232,1940,10.0
tmdb_232,1941,8.0
tmdb_232,1942,8.0
tmdb_232,1944,8.0
tmdb_232,1948,10.0
tmdb_232,1949,10.0
tmdb_232,1950,4.0
tmdb_232,1955,6.0
tmdb_232,1956,6.0
tmdb_232,1957,10.0
tmdb_232,1958,8.0
tmdb_232,1959,8.0
tmdb_232,1961,6.0
tmdb_232,1964,6.0
tmdb_232,1965,10.0
tmdb_232,1967,10.0
tmdb_232,1968,10.0
tmdb_232,2000,8.0
tmdb_232,2001,8.0
tmdb_232,2002,8.0
tmdb_232,2006,8.0
tmdb_232,2012,6.0
tmdb_232,2013,6.0
tmdb_232,2019,10.0
tmdb_232,2020,10.0
tmdb_232,2022,6.0
tmdb_232,2023,8.0
tmdb_232,2028,8.0
tmdb_232,2046,10.0
tmdb_232,2054,8.0
tmdb_232,2059,8.0
tmdb_232,2064,10.0
tmdb_232,2067,2.0
tmdb_232,2087,8.0
tmdb_232,2088,8.0
tmdb_232,2094,8.0
tmdb_232,2099,10.0
tmdb_232,2100,8.0
tmdb_232,2102,10.0
tmdb_232,2105,10.0
tmdb_232,2108,8.0
tmdb_232,2109,10.0
tmdb_232,2110,10.0
tmdb_232,2111,10.0
tmdb_232,2112,10.0
tmdb_232,2115,8.0
tmdb_232,2116,8.0
tmdb_232,2117,8.0
tmdb_232,2133,8.0
tmdb_232,2140,10.0
tmdb_232,2143,10.0
tmdb_232,2144,10.0
tmdb_232,2161,8.0
tmdb_232,2193,10.0
tmdb_232,2202,8.0
tmdb_232,2241,8.0
tmdb_232,2252,10.0
tmdb_232,2253,6.0
tmdb_232,2259,8.0
tmdb_232,2262,6.0
tmdb_232,2287,6.0
tmdb_232,2288,10.0
tmdb_232,2289,10.0
tmdb_232,2291,8.0
tmdb_232,2300,8.0
tmdb_232,2312,8.0
tmdb_232,2313,10.0
tmdb_232,2321,10.0
tmdb_232,2324,10.0
tmdb_232,2335,2.0
tmdb_232,2348,4.0
tmdb_232,2362,2.0
tmdb_232,2363,8.0
tmdb_232,2370,8.0
tmdb_232,2371,4.0
tmdb_232,2395,8.0
tmdb_232,2453,10.0
tmdb_232,2463,6.0
tmdb_232,2469,10.0
tmdb_232,2470,10.0
tmdb_232,2527,8.0
tmdb_232,2528,8.0
tmdb_232,2539,6.0
tmdb_232,2605,8.0
tmdb_232,2616,6.0
tmdb_232,2617,8.0
tmdb_232,2640,10.0
tmdb_232,2642,6.0
tmdb_232,2657,2.0
tmdb_232,2662,8.0
tmdb_232,2669,8.0
tmdb_232,2671,8.0
tmdb_232,2728,10.0
tmdb_232,2731,4.0
tmdb_232,2734,8.0
tmdb_232,2748,6.0
tmdb_232,2750,10.0
tmdb_232,2762,6.0
tmdb_232,2779,8.0
tmdb_232,2791,10.0
tmdb_232,2860,6.0
tmdb_232,2899,8.0
tmdb_232,2926,8.0
tmdb_232,2929,6.0
tmdb_232,2973,8.0
tmdb_232,3011,6.0
tmdb_232,3019,8.0
tmdb_232,3028,2.0
tmdb_232,3035,8.0
tmdb_232,3037,10.0
tmdb_232,3040,6.0
tmdb_232,3062,8.0
tmdb_232,3072,6.0
tmdb_232,3074,8.0
tmdb_232,3086,10.0
tmdb_232,3087,8.0
tmdb_232,3088,10.0
tmdb_232,3090,10.0
tmdb_232,3093,8.0
tmdb_232,3111,8.0
tmdb_232,3134,10.0
tmdb_232,3145,8.0
tmdb_232,3396,8.0
tmdb_232,3418,4.0
tmdb_232,3469,10.0
tmdb_232,3478,8.0
tmdb_232,3479,10.0
tmdb_232,3480,8.0
tmdb_232,3489,8.0
tmdb_232,3520,2.0
tmdb_232,3543,8.0
tmdb_232,5060,6.0
tmdb_233,3,6.0
tmdb_233,14,6.0
tmdb_233,17,10.0
tmdb_233,58,6.0
tmdb_233,79,6.0
tmdb_233,86,6.0
tmdb_233,95,6.0
tmdb_233,100,6.0
tmdb_233,140,6.0
tmdb_233,141,8.0
tmdb_233,494,6.0
tmdb_233,608,10.0
tmdb_233,612,6.0
tmdb_233,648,6.0
tmdb_233,707,6.0
tmdb_233,762,6.0
tmdb_233,780,8.0
tmdb_233,802,6.0
tmdb_233,805,6.0
tmdb_233,832,6.0
tmdb_233,836,6.0
tmdb_233,839,6.0
tmdb_233,991,6.0
tmdb_233,1049,6.0
tmdb_233,1073,6.0
tmdb_233,1427,6.0
tmdb_234,260,9.0
tmdb_234,344,5.0
tmdb_234,480,7.0
tmdb_234,500,8.0
tmdb_234,541,8.0
tmdb_234,595,7.0
tmdb_234,661,7.0
tmdb_234,745,8.0
tmdb_234,953,8.0
tmdb_234,1073,9.0
tmdb_234,1247,10.0
tmdb_234,1253,10.0
tmdb_234,1265,5.0
tmdb_234,1278,8.0
tmdb_234,1580,8.0
tmdb_234,1653,8.0
tmdb_234,1961,10.0
tmdb_234,1994,7.0
tmdb_234,2009,7.0
tmdb_234,2116,5.0
tmdb_234,2135,5.0
tmdb_234,2355,7.0
tmdb_234,2501,8.0
tmdb_234,2616,9.0
tmdb_234,2788,8.0
tmdb_234,2959,10.0
tmdb_234,3088,9.0
tmdb_234,4247,4.0
tmdb_234,4886,7.0
tmdb_234,4993,9.0
tmdb_234,4995,10.0
tmdb_234,6934,7.0
tmdb_234,8464,7.0
tmdb_234,8961,6.0
tmdb_234,45722,6.0
tmdb_234,45928,8.0
tmdb_234,46976,6.0
tmdb_234,48385,7.0
tmdb_234,54272,6.0
tmdb_235,5,9.0
tmdb_235,6,8.0
tmdb_235,11,7.0
tmdb_235,62,9.0
tmdb_235,110,5.0
tmdb_235,141,7.0
tmdb_235,161,9.0
tmdb_235,222,9.0
tmdb_235,225,9.0
tmdb_235,236,8.0
tmdb_235,237,10.0
tmdb_235,261,6.0
tmdb_235,292,10.0
tmdb_235,296,9.0
tmdb_235,318,10.0
tmdb_235,339,6.0
tmdb_235,342,6.0
tmdb_235,345,7.0
tmdb_235,377,9.0
tmdb_235,380,8.0
tmdb_235,457,10.0
tmdb_235,500,9.0
tmdb_235,527,5.0
tmdb_235,539,7.0
tmdb_235,552,7.0
tmdb_235,587,9.0
tmdb_235,588,9.0
tmdb_235,590,9.0
tmdb_235,592,9.0
tmdb_235,593,7.0
tmdb_235,597,7.0
tmdb_235,608,8.0
tmdb_235,628,10.0
tmdb_235,648,10.0
tmdb_235,708,8.0
tmdb_235,780,3.0
tmdb_235,802,9.0
tmdb_235,805,8.0
tmdb_235,832,9.0
tmdb_235,919,10.0
tmdb_235,920,10.0
tmdb_235,1059,7.0
tmdb_235,1073,9.0
tmdb_235,1246,9.0
tmdb_235,1271,10.0
tmdb_235,1380,8.0
tmdb_235,1479,8.0
tmdb_235,1610,9.0
tmdb_235,1682,10.0
tmdb_235,1721,10.0
tmdb_235,1923,10.0
tmdb_235,1968,8.0
tmdb_235,2001,7.0
tmdb_235,2011,9.0
tmdb_235,2012,8.0
tmdb_235,2028,2.0
tmdb_235,2058,9.0
tmdb_235,2093,8.0
tmdb_235,2268,10.0
tmdb_235,2470,8.0
tmdb_235,2605,7.0
tmdb_235,2640,6.0
tmdb_235,2671,9.0
tmdb_235,2762,10.0
tmdb_235,2770,8.0
tmdb_235,3176,9.0
tmdb_235,3418,8.0
tmdb_235,3594,7.0
tmdb_235,4034,8.0
tmdb_235,4226,9.0
tmdb_235,4326,7.0
tmdb_235,4464,8.0
tmdb_235,4973,9.0
tmdb_235,4975,7.0
tmdb_235,4995,10.0
tmdb_235,6187,10.0
tmdb_235,8970,9.0
tmdb_235,8981,9.0
tmdb_236,6,6.0
tmdb_236,30,9.0
tmdb_236,111,9.0
tmdb_236,260,6.0
tmdb_236,273,4.0
tmdb_236,296,6.0
tmdb_236,364,6.0
tmdb_236,431,8.0
tmdb_236,480,6.0
tmdb_236,500,5.0
tmdb_236,527,7.0
tmdb_236,541,9.0
tmdb_236,588,7.0
tmdb_236,590,6.0
tmdb_236,593,8.0
tmdb_236,599,9.0
tmdb_236,750,10.0
tmdb_236,780,4.0
tmdb_236,841,8.0
tmdb_236,898,6.0
tmdb_236,899,9.0
tmdb_236,903,10.0
tmdb_236,909,9.0
tmdb_236,910,10.0
tmdb_236,912,8.0
tmdb_236,913,8.0
tmdb_236,922,9.0
tmdb_236,923,9.0
tmdb_236,924,10.0
tmdb_236,926,9.0
tmdb_236,928,8.0
tmdb_236,931,7.0
tmdb_236,936,10.0
tmdb_236,942,9.0
tmdb_236,943,9.0
tmdb_236,946,10.0
tmdb_236,951,9.0
tmdb_236,954,8.0
tmdb_236,955,10.0
tmdb_236,1244,10.0
tmdb_236,1248,9.0
tmdb_236,1250,7.0
tmdb_236,1251,10.0
tmdb_236,1252,9.0
tmdb_236,1281,10.0
tmdb_236,1387,9.0
tmdb_236,1676,9.0
tmdb_236,1721,5.0
tmdb_236,1809,9.0
tmdb_236,1945,9.0
tmdb_236,2000,1.0
tmdb_236,2010,9.0
tmdb_236,2019,10.0
tmdb_236,2021,4.0
tmdb_236,2028,6.0
tmdb_236,2115,7.0
tmdb_236,2176,7.0
tmdb_236,2186,8.0
tmdb_236,2200,8.0
tmdb_236,2294,7.0
tmdb_236,2539,4.0
tmdb_236,2575,5.0
tmdb_236,2731,8.0
tmdb_236,3022,10.0
tmdb_236,3089,8.0
tmdb_236,3134,10.0
tmdb_236,3489,7.0
tmdb_236,3632,10.0
tmdb_236,4034,6.0
tmdb_236,4993,5.0
tmdb_236,5060,8.0
tmdb_236,5147,9.0
tmdb_236,5177,8.0
tmdb_236,5333,8.0
tmdb_236,5995,9.0
tmdb_236,6609,8.0
tmdb_236,6643,10.0
tmdb_236,7090,7.0
tmdb_236,7211,9.0
tmdb_236,7234,8.0
tmdb_236,8012,9.0
tmdb_236,8199,10.0
tmdb_236,8584,9.0
tmdb_236,25952,9.0
tmdb_236,27721,7.0
tmdb_237,110,3.0
tmdb_237,153,5.0
tmdb_237,198,8.0
tmdb_237,260,8.0
tmdb_237,272,9.0
tmdb_237,292,7.0
tmdb_237,296,9.0
tmdb_237,316,4.0
tmdb_237,318,9.0
tmdb_237,329,5.0
tmdb_237,344,5.0
tmdb_237,345,8.0
tmdb_237,364,7.0
tmdb_237,380,5.0
tmdb_237,588,7.0
tmdb_237,590,2.0
tmdb_237,592,6.0
tmdb_237,593,8.0
tmdb_237,595,7.0
tmdb_237,608,10.0
tmdb_237,780,4.0
tmdb_237,1285,8.0
tmdb_237,1372,7.0
tmdb_237,1408,2.0
tmdb_237,1673,8.0
tmdb_237,2001,6.0
tmdb_237,2502,9.0
tmdb_237,2657,6.0
tmdb_237,3052,7.0
tmdb_237,4034,5.0
tmdb_238,231,6.0
tmdb_238,318,7.0
tmdb_238,480,7.0
tmdb_238,527,6.0
tmdb_238,593,7.0
tmdb_238,1246,8.0
tmdb_238,1265,7.0
tmdb_238,1682,10.0
tmdb_238,1721,9.0
tmdb_238,2028,8.0
tmdb_238,4025,8.0
tmdb_238,4973,8.0
tmdb_238,5995,6.0
tmdb_238,8464,4.0
tmdb_238,27815,6.0
tmdb_238,31685,9.0
tmdb_238,44191,7.0
tmdb_238,74458,10.0
tmdb_238,84954,8.0
tmdb_238,104374,10.0
tmdb_239,3,8.0
tmdb_239,5,6.0
tmdb_239,11,8.0
tmdb_239,65,4.0
tmdb_239,69,10.0
tmdb_239,88,4.0
tmdb_239,104,8.0
tmdb_239,135,8.0
tmdb_239,141,8.0
tmdb_239,153,6.0
tmdb_239,180,8.0
tmdb_239,203,8.0
tmdb_239,216,8.0
tmdb_239,223,8.0
tmdb_239,232,8.0
tmdb_239,248,8.0
tmdb_239,252,8.0
tmdb_239,276,6.0
tmdb_239,289,10.0
tmdb_239,317,6.0
tmdb_239,327,8.0
tmdb_239,339,8.0
tmdb_239,378,8.0
tmdb_239,380,8.0
tmdb_239,387,8.0
tmdb_239,410,6.0
tmdb_239,429,10.0
tmdb_239,433,8.0
tmdb_239,435,6.0
tmdb_239,440,8.0
tmdb_239,457,6.0
tmdb_239,476,8.0
tmdb_239,489,4.0
tmdb_239,497,10.0
tmdb_239,500,8.0
tmdb_239,532,6.0
tmdb_239,539,6.0
tmdb_239,542,2.0
tmdb_239,543,10.0
tmdb_239,551,8.0
tmdb_239,587,8.0
tmdb_239,588,10.0
tmdb_239,673,8.0
tmdb_239,688,4.0
tmdb_239,708,10.0
tmdb_239,762,6.0
tmdb_239,830,6.0
tmdb_239,837,10.0
tmdb_239,892,8.0
tmdb_239,910,8.0
tmdb_239,934,8.0
tmdb_239,1073,6.0
tmdb_239,1091,6.0
tmdb_239,1259,8.0
tmdb_239,1265,8.0
tmdb_239,1278,10.0
tmdb_239,1380,10.0
tmdb_239,1391,8.0
tmdb_239,1394,8.0
tmdb_239,1440,6.0
tmdb_239,1485,6.0
tmdb_239,1495,2.0
tmdb_239,1566,8.0
tmdb_239,1580,8.0
tmdb_239,1593,4.0
tmdb_239,1641,8.0
tmdb_239,1680,10.0
tmdb_239,1689,8.0
tmdb_239,1713,6.0
tmdb_239,1894,8.0
tmdb_239,1918,8.0
tmdb_239,1923,8.0
tmdb_239,1968,10.0
tmdb_239,2000,8.0
tmdb_239,2002,6.0
tmdb_239,2003,6.0
tmdb_239,2004,4.0
tmdb_239,2011,8.0
tmdb_239,2016,6.0
tmdb_239,2082,6.0
tmdb_239,2088,6.0
tmdb_239,2100,6.0
tmdb_239,2108,8.0
tmdb_239,2109,8.0
tmdb_239,2111,6.0
tmdb_239,2133,6.0
tmdb_239,2134,8.0
tmdb_239,2144,8.0
tmdb_239,2195,6.0
tmdb_239,2252,6.0
tmdb_239,2266,6.0
tmdb_239,2331,8.0
tmdb_239,2335,8.0
tmdb_239,2355,10.0
tmdb_239,2463,8.0
tmdb_239,2469,8.0
tmdb_239,2470,6.0
tmdb_239,2502,6.0
tmdb_239,2539,8.0
tmdb_239,2567,8.0
tmdb_239,2587,6.0
tmdb_239,2617,8.0
tmdb_239,2640,8.0
tmdb_239,2671,10.0
tmdb_239,2690,8.0
tmdb_239,2770,6.0
tmdb_239,2791,6.0
tmdb_239,2805,4.0
tmdb_239,3033,10.0
tmdb_239,3086,8.0
tmdb_239,3104,8.0
tmdb_239,3114,10.0
tmdb_239,3146,6.0
tmdb_239,3175,8.0
tmdb_239,3591,8.0
tmdb_239,3865,10.0
tmdb_239,4180,8.0
tmdb_239,4351,6.0
tmdb_239,5060,8.0
tmdb_240,16,7.0
tmdb_240,17,8.0
tmdb_240,21,6.0
tmdb_240,58,8.0
tmdb_240,111,10.0
tmdb_240,141,7.0
tmdb_240,150,8.0
tmdb_240,165,7.0
tmdb_240,236,9.0
tmdb_240,261,8.0
tmdb_240,296,7.0
tmdb_240,318,8.0
tmdb_240,348,8.0
tmdb_240,377,6.0
tmdb_240,380,3.0
tmdb_240,410,8.0
tmdb_240,440,7.0
tmdb_240,457,7.0
tmdb_240,480,6.0
tmdb_240,500,8.0
tmdb_240,508,8.0
tmdb_240,527,9.0
tmdb_240,588,8.0
tmdb_240,592,6.0
tmdb_240,593,8.0
tmdb_240,595,7.0
tmdb_240,597,6.0
tmdb_240,608,10.0
tmdb_240,648,7.0
tmdb_240,708,8.0
tmdb_240,898,9.0
tmdb_240,905,9.0
tmdb_240,913,9.0
tmdb_240,919,10.0
tmdb_240,923,8.0
tmdb_240,924,9.0
tmdb_240,927,7.0
tmdb_240,936,8.0
tmdb_240,947,8.0
tmdb_240,950,8.0
tmdb_240,951,9.0
tmdb_240,954,6.0
tmdb_240,955,8.0
tmdb_240,965,8.0
tmdb_240,1265,9.0
tmdb_240,1269,7.0
tmdb_240,1278,8.0
tmdb_240,1358,7.0
tmdb_240,1374,6.0
tmdb_240,1391,8.0
tmdb_240,1393,8.0
tmdb_240,1580,8.0
tmdb_240,1643,9.0
tmdb_240,1680,9.0
tmdb_240,1719,8.0
tmdb_240,1721,8.0
tmdb_240,1885,9.0
tmdb_240,1923,8.0
tmdb_240,2100,8.0
tmdb_240,2186,8.0
tmdb_240,2321,8.0
tmdb_240,2355,8.0
tmdb_240,2762,10.0
tmdb_240,3114,8.0
tmdb_240,3176,7.0
tmdb_240,4011,8.0
tmdb_240,4034,7.0
tmdb_240,4226,9.0
tmdb_240,4380,9.0
tmdb_240,4641,8.0
tmdb_240,4734,6.0
tmdb_240,4886,9.0
tmdb_240,4896,7.0
tmdb_240,4973,9.0
tmdb_240,4995,7.0
tmdb_240,5421,7.0
tmdb_240,5816,7.0
tmdb_240,5902,8.0
tmdb_240,5991,9.0
tmdb_240,6003,8.0
tmdb_240,6591,8.0
tmdb_240,6593,8.0
tmdb_240,6877,8.0
tmdb_240,6947,8.0
tmdb_240,7090,10.0
tmdb_240,7451,7.0
tmdb_240,8464,8.0
tmdb_240,8665,9.0
tmdb_240,8833,8.0
tmdb_240,8879,9.0
tmdb_241,2,6.0
tmdb_241,5,4.0
tmdb_241,150,4.0
tmdb_241,153,6.0
tmdb_241,158,6.0
tmdb_241,160,4.0
tmdb_241,194,10.0
tmdb_241,196,6.0
tmdb_241,223,6.0
tmdb_241,231,6.0
tmdb_241,235,8.0
tmdb_241,247,6.0
tmdb_241,253,6.0
tmdb_241,261,6.0
tmdb_241,296,8.0
tmdb_241,316,6.0
tmdb_241,317,4.0
tmdb_241,318,8.0
tmdb_241,319,10.0
tmdb_241,342,6.0
tmdb_241,344,6.0
tmdb_241,364,6.0
tmdb_241,377,6.0
tmdb_241,380,6.0
tmdb_241,410,6.0
tmdb_241,457,6.0
tmdb_241,480,6.0
tmdb_241,500,6.0
tmdb_241,509,6.0
tmdb_241,535,10.0
tmdb_241,551,8.0
tmdb_241,587,6.0
tmdb_241,592,6.0
tmdb_241,595,6.0
tmdb_241,778,8.0
tmdb_241,780,6.0
tmdb_242,6,8.0
tmdb_242,11,10.0
tmdb_242,16,10.0
tmdb_242,21,10.0
tmdb_242,22,8.0
tmdb_242,25,8.0
tmdb_242,95,8.0
tmdb_242,100,8.0
tmdb_242,110,10.0
tmdb_242,111,10.0
tmdb_242,141,6.0
tmdb_242,144,8.0
tmdb_242,150,10.0
tmdb_242,164,10.0
tmdb_242,165,8.0
tmdb_242,185,8.0
tmdb_242,198,8.0
tmdb_242,205,8.0
tmdb_242,215,8.0
tmdb_242,248,6.0
tmdb_242,252,6.0
tmdb_242,257,8.0
tmdb_242,260,10.0
tmdb_242,280,8.0
tmdb_242,296,10.0
tmdb_242,300,8.0
tmdb_242,316,8.0
tmdb_242,318,10.0
tmdb_242,329,8.0
tmdb_242,337,10.0
tmdb_242,342,8.0
tmdb_242,348,10.0
tmdb_242,349,10.0
tmdb_242,350,8.0
tmdb_242,377,10.0
tmdb_242,378,8.0
tmdb_242,380,10.0
tmdb_242,415,8.0
tmdb_242,422,10.0
tmdb_242,425,8.0
tmdb_242,440,10.0
tmdb_242,454,6.0
tmdb_242,457,10.0
tmdb_242,480,10.0
tmdb_242,481,4.0
tmdb_242,507,10.0
tmdb_242,508,10.0
tmdb_242,527,10.0
tmdb_242,534,8.0
tmdb_242,541,10.0
tmdb_242,554,6.0
tmdb_242,590,10.0
tmdb_242,592,10.0
tmdb_242,593,8.0
tmdb_242,597,10.0
tmdb_242,608,10.0
tmdb_242,628,8.0
tmdb_242,648,8.0
tmdb_242,691,6.0
tmdb_242,695,8.0
tmdb_242,750,10.0
tmdb_242,786,8.0
tmdb_242,800,10.0
tmdb_242,832,6.0
tmdb_242,838,6.0
tmdb_242,858,10.0
tmdb_242,866,8.0
tmdb_242,898,10.0
tmdb_242,899,10.0
tmdb_242,900,10.0
tmdb_242,903,10.0
tmdb_242,912,10.0
tmdb_242,913,10.0
tmdb_242,919,10.0
tmdb_242,920,10.0
tmdb_242,923,10.0
tmdb_242,924,10.0
tmdb_242,926,10.0
tmdb_242,949,10.0
tmdb_242,953,10.0
tmdb_242,994,10.0
tmdb_242,1088,10.0
tmdb_242,1090,10.0
tmdb_242,1103,10.0
tmdb_242,1124,10.0
tmdb_242,1213,8.0
tmdb_242,1246,10.0
tmdb_242,1247,10.0
tmdb_242,1252,10.0
tmdb_242,1254,10.0
tmdb_242,1259,8.0
tmdb_242,1265,8.0
tmdb_242,1266,10.0
tmdb_242,1269,10.0
tmdb_242,1272,8.0
tmdb_242,1282,10.0
tmdb_242,1358,10.0
tmdb_242,1370,8.0
tmdb_242,1372,8.0
tmdb_242,1377,8.0
tmdb_242,1387,10.0
tmdb_242,1391,8.0
tmdb_242,1393,8.0
tmdb_242,1394,10.0
tmdb_242,1396,10.0
tmdb_242,1404,8.0
tmdb_242,1422,8.0
tmdb_242,1479,10.0
tmdb_242,1480,8.0
tmdb_242,1542,8.0
tmdb_242,1544,10.0
tmdb_242,1552,8.0
tmdb_242,1573,8.0
tmdb_242,1580,10.0
tmdb_242,1586,6.0
tmdb_242,1597,8.0
tmdb_242,1608,10.0
tmdb_242,1610,10.0
tmdb_242,1616,8.0
tmdb_242,1639,8.0
tmdb_242,1647,8.0
tmdb_242,1653,10.0
tmdb_242,1678,8.0
tmdb_242,1694,8.0
tmdb_242,1719,6.0
tmdb_242,1721,10.0
tmdb_242,1729,10.0
tmdb_242,1732,8.0
tmdb_242,1791,6.0
tmdb_242,1792,8.0
tmdb_242,1841,8.0
tmdb_242,1845,10.0
tmdb_242,1892,6.0
tmdb_242,1912,8.0
tmdb_242,1918,8.0
tmdb_242,1939,10.0
tmdb_242,1942,10.0
tmdb_242,1945,10.0
tmdb_242,1947,10.0
tmdb_242,1950,10.0
tmdb_242,1956,10.0
tmdb_242,1957,10.0
tmdb_242,1958,10.0
tmdb_242,1959,10.0
tmdb_242,1961,10.0
tmdb_242,1964,10.0
tmdb_242,1968,8.0
tmdb_242,2000,10.0
tmdb_242,2001,8.0
tmdb_242,2002,8.0
tmdb_242,2006,8.0
tmdb_242,2020,8.0
tmdb_242,2023,10.0
tmdb_242,2028,10.0
tmdb_242,2058,8.0
tmdb_242,2069,10.0
tmdb_242,2100,8.0
tmdb_242,2108,8.0
tmdb_242,2112,10.0
tmdb_242,2114,8.0
tmdb_242,2115,10.0
tmdb_242,2125,8.0
tmdb_242,2262,8.0
tmdb_242,2267,8.0
tmdb_242,2268,10.0
tmdb_242,2289,8.0
tmdb_242,2312,10.0
tmdb_242,2321,8.0
tmdb_242,2331,10.0
tmdb_242,2349,8.0
tmdb_242,2469,8.0
tmdb_242,2501,10.0
tmdb_242,2605,8.0
tmdb_242,2616,10.0
tmdb_242,2671,8.0
tmdb_242,2734,6.0
tmdb_242,2749,8.0
tmdb_242,2750,8.0
tmdb_242,2757,10.0
tmdb_242,2762,10.0
tmdb_242,2791,8.0
tmdb_242,2929,10.0
tmdb_242,3035,10.0
tmdb_242,3060,8.0
tmdb_242,3072,10.0
tmdb_242,3104,10.0
tmdb_242,3107,8.0
tmdb_242,3109,8.0
tmdb_242,3110,8.0
tmdb_242,3111,10.0
tmdb_242,3160,10.0
tmdb_242,3176,10.0
tmdb_242,3418,10.0
tmdb_242,3469,10.0
tmdb_242,3478,8.0
tmdb_242,3512,10.0
tmdb_242,3513,8.0
tmdb_242,3526,8.0
tmdb_242,3543,10.0
tmdb_242,3591,8.0
tmdb_242,5060,10.0
tmdb_243,19,6.0
tmdb_243,93,4.0
tmdb_243,110,8.0
tmdb_243,150,5.0
tmdb_243,153,4.0
tmdb_243,158,4.0
tmdb_243,168,6.0
tmdb_243,172,4.0
tmdb_243,173,5.0
tmdb_243,177,6.0
tmdb_243,186,6.0
tmdb_243,231,8.0
tmdb_243,253,8.0
tmdb_243,260,10.0
tmdb_243,261,8.0
tmdb_243,273,6.0
tmdb_243,296,9.0
tmdb_243,316,6.0
tmdb_243,344,6.0
tmdb_243,364,7.0
tmdb_243,380,6.0
tmdb_243,434,5.0
tmdb_243,442,6.0
tmdb_243,480,5.0
tmdb_243,500,7.0
tmdb_243,527,7.0
tmdb_243,541,7.0
tmdb_243,551,9.0
tmdb_243,552,7.0
tmdb_243,586,7.0
tmdb_243,588,8.0
tmdb_243,592,8.0
tmdb_243,593,10.0
tmdb_243,648,6.0
tmdb_243,653,6.0
tmdb_243,750,8.0
tmdb_243,780,3.0
tmdb_243,784,6.0
tmdb_243,832,6.0
tmdb_243,903,8.0
tmdb_243,910,9.0
tmdb_243,914,8.0
tmdb_243,919,8.0
tmdb_243,920,8.0
tmdb_243,924,5.0
tmdb_243,1089,9.0
tmdb_243,1213,8.0
tmdb_243,1246,8.0
tmdb_243,1250,8.0
tmdb_243,1255,7.0
tmdb_243,1265,8.0
tmdb_243,1281,10.0
tmdb_243,1282,6.0
tmdb_243,1374,7.0
tmdb_243,1377,7.0
tmdb_243,1387,8.0
tmdb_243,1391,5.0
tmdb_243,1393,7.0
tmdb_243,1407,6.0
tmdb_243,1485,6.0
tmdb_243,1580,6.0
tmdb_243,1584,7.0
tmdb_243,1587,8.0
tmdb_243,1590,7.0
tmdb_243,1610,7.0
tmdb_243,1623,7.0
tmdb_243,1645,6.0
tmdb_243,1676,7.0
tmdb_243,1682,8.0
tmdb_243,1690,6.0
tmdb_243,1717,6.0
tmdb_243,1721,7.0
tmdb_243,1722,4.0
tmdb_243,1917,4.0
tmdb_243,1923,6.0
tmdb_243,1931,8.0
tmdb_243,1961,8.0
tmdb_243,1994,7.0
tmdb_243,1997,7.0
tmdb_243,2000,7.0
tmdb_243,2003,7.0
tmdb_243,2004,6.0
tmdb_243,2005,8.0
tmdb_243,2006,6.0
tmdb_243,2011,5.0
tmdb_243,2012,6.0
tmdb_243,2019,8.0
tmdb_243,2021,8.0
tmdb_243,2028,7.0
tmdb_243,2093,8.0
tmdb_243,2107,6.0
tmdb_243,2115,8.0
tmdb_243,2116,6.0
tmdb_243,2122,4.0
tmdb_243,2124,7.0
tmdb_243,2143,5.0
tmdb_243,2161,5.0
tmdb_243,2163,6.0
tmdb_243,2193,7.0
tmdb_243,2232,8.0
tmdb_243,2291,8.0
tmdb_243,2436,6.0
tmdb_243,2470,3.0
tmdb_243,2617,5.0
tmdb_243,2722,5.0
tmdb_243,2762,8.0
tmdb_243,2959,8.0
tmdb_243,3033,6.0
tmdb_243,3052,6.0
tmdb_243,3087,7.0
tmdb_243,3175,5.0
tmdb_243,3176,5.0
tmdb_243,3489,9.0
tmdb_243,4105,7.0
tmdb_243,4148,7.0
tmdb_243,4226,7.0
tmdb_243,4643,6.0
tmdb_243,4857,8.0
tmdb_243,4886,7.0
tmdb_243,4896,7.0
tmdb_243,4973,10.0
tmdb_243,4993,10.0
tmdb_243,5816,7.0
tmdb_243,5971,8.0
tmdb_243,6615,4.0
tmdb_243,6947,8.0
tmdb_243,7454,4.0
tmdb_243,8373,7.0
tmdb_243,8464,6.0
tmdb_244,110,7.0
tmdb_244,260,10.0
tmdb_244,318,10.0
tmdb_244,457,1.0
tmdb_244,527,10.0
tmdb_244,1265,7.0
tmdb_244,1374,8.0
tmdb_244,1376,8.0
tmdb_244,1387,4.0
tmdb_244,1544,7.0
tmdb_244,2005,8.0
tmdb_244,2011,10.0
tmdb_244,2028,10.0
tmdb_244,2502,10.0
tmdb_244,2762,1.0
tmdb_244,3114,7.0
tmdb_244,3489,9.0
tmdb_244,4886,8.0
tmdb_244,4993,9.0
tmdb_244,31685,4.0
tmdb_244,31696,3.0
tmdb_244,54272,8.0
tmdb_244,58559,10.0
tmdb_245,22,6.0
tmdb_245,62,10.0
tmdb_245,110,10.0
tmdb_245,219,8.0
tmdb_245,246,8.0
tmdb_245,296,4.0
tmdb_245,337,6.0
tmdb_245,457,10.0
tmdb_245,480,10.0
tmdb_245,527,10.0
tmdb_245,588,2.0
tmdb_245,590,10.0
tmdb_245,858,10.0
tmdb_245,909,8.0
tmdb_245,1059,4.0
tmdb_245,1073,10.0
tmdb_245,1089,4.0
tmdb_245,1092,6.0
tmdb_245,1246,10.0
tmdb_245,1252,10.0
tmdb_245,1358,8.0
tmdb_245,1393,10.0
tmdb_245,1408,8.0
tmdb_245,1608,8.0
tmdb_245,1610,10.0
tmdb_245,1653,8.0
tmdb_245,1682,10.0
tmdb_245,1721,10.0
tmdb_245,1732,8.0
tmdb_245,1954,10.0
tmdb_245,2028,10.0
tmdb_245,2054,6.0
tmdb_245,2058,10.0
tmdb_245,2268,10.0
tmdb_245,2324,10.0
tmdb_245,2359,10.0
tmdb_245,2447,6.0
tmdb_245,2762,10.0
tmdb_245,2959,10.0
tmdb_245,3176,6.0
tmdb_245,3980,10.0
tmdb_245,4011,6.0
tmdb_245,4034,6.0
tmdb_245,4226,8.0
tmdb_245,4857,4.0
tmdb_245,4975,10.0
tmdb_245,4993,8.0
tmdb_245,4995,8.0
tmdb_245,6474,4.0
tmdb_246,329,6.0
tmdb_246,380,6.0
tmdb_246,421,6.0
tmdb_246,455,4.0
tmdb_246,480,8.0
tmdb_246,539,10.0
tmdb_246,552,6.0
tmdb_246,590,8.0
tmdb_246,595,6.0
tmdb_246,673,8.0
tmdb_246,1544,8.0
tmdb_246,1552,8.0
tmdb_246,1566,8.0
tmdb_246,1580,10.0
tmdb_246,1907,6.0
tmdb_246,1917,6.0
tmdb_246,2006,8.0
tmdb_246,2028,8.0
tmdb_246,2617,6.0
tmdb_246,2762,8.0
tmdb_247,11,8.0
tmdb_247,12,6.0
tmdb_247,19,8.0
tmdb_247,69,8.0
tmdb_247,70,6.0
tmdb_247,104,8.0
tmdb_247,110,10.0
tmdb_247,145,6.0
tmdb_247,153,6.0
tmdb_247,160,6.0
tmdb_247,163,8.0
tmdb_247,165,8.0
tmdb_247,185,6.0
tmdb_247,196,8.0
tmdb_247,198,6.0
tmdb_247,204,6.0
tmdb_247,216,6.0
tmdb_247,231,8.0
tmdb_247,260,10.0
tmdb_247,288,4.0
tmdb_247,292,8.0
tmdb_247,293,8.0
tmdb_247,296,6.0
tmdb_247,316,8.0
tmdb_247,317,6.0
tmdb_247,327,4.0
tmdb_247,344,8.0
tmdb_247,349,8.0
tmdb_247,377,8.0
tmdb_247,379,8.0
tmdb_247,380,8.0
tmdb_247,405,6.0
tmdb_247,410,6.0
tmdb_247,414,6.0
tmdb_247,434,8.0
tmdb_247,435,4.0
tmdb_247,441,8.0
tmdb_247,442,6.0
tmdb_247,454,8.0
tmdb_247,457,10.0
tmdb_247,466,4.0
tmdb_247,480,8.0
tmdb_247,500,6.0
tmdb_247,504,6.0
tmdb_247,527,10.0
tmdb_247,533,6.0
tmdb_247,542,6.0
tmdb_247,544,6.0
tmdb_247,546,4.0
tmdb_247,552,8.0
tmdb_247,553,10.0
tmdb_247,575,4.0
tmdb_247,586,8.0
tmdb_247,588,6.0
tmdb_247,592,8.0
tmdb_247,593,10.0
tmdb_247,597,6.0
tmdb_247,648,10.0
tmdb_247,671,4.0
tmdb_247,673,6.0
tmdb_247,692,4.0
tmdb_247,780,8.0
tmdb_247,784,6.0
tmdb_247,786,8.0
tmdb_247,833,6.0
tmdb_247,1049,8.0
tmdb_247,1091,6.0
tmdb_247,1265,8.0
tmdb_247,1370,8.0
tmdb_247,1372,8.0
tmdb_247,1376,8.0
tmdb_247,1377,6.0
tmdb_247,1378,8.0
tmdb_247,1379,8.0
tmdb_247,1382,6.0
tmdb_247,1387,8.0
tmdb_247,1389,4.0
tmdb_247,1391,8.0
tmdb_247,1396,8.0
tmdb_247,1405,6.0
tmdb_247,1479,8.0
tmdb_247,1499,4.0
tmdb_247,1544,6.0
tmdb_247,1556,6.0
tmdb_247,1562,6.0
tmdb_247,1573,8.0
tmdb_247,1580,8.0
tmdb_247,1584,8.0
tmdb_247,1599,4.0
tmdb_247,1608,8.0
tmdb_247,1610,10.0
tmdb_247,1676,8.0
tmdb_247,1687,8.0
tmdb_247,1690,4.0
tmdb_247,1722,6.0
tmdb_247,1792,6.0
tmdb_247,1894,6.0
tmdb_247,1912,8.0
tmdb_247,1917,6.0
tmdb_247,1918,8.0
tmdb_247,1920,6.0
tmdb_247,1923,8.0
tmdb_247,1968,8.0
tmdb_247,2000,8.0
tmdb_247,2001,8.0
tmdb_247,2002,8.0
tmdb_247,2003,6.0
tmdb_247,2004,6.0
tmdb_247,2005,8.0
tmdb_247,2006,8.0
tmdb_247,2011,8.0
tmdb_247,2012,8.0
tmdb_247,2028,10.0
tmdb_247,2042,4.0
tmdb_247,2046,8.0
tmdb_247,2054,6.0
tmdb_247,2058,8.0
tmdb_247,2082,4.0
tmdb_247,2088,6.0
tmdb_247,2094,6.0
tmdb_247,2100,6.0
tmdb_247,2115,8.0
tmdb_247,2124,8.0
tmdb_247,2133,6.0
tmdb_247,2134,6.0
tmdb_247,2141,8.0
tmdb_247,2193,8.0
tmdb_247,2253,6.0
tmdb_247,2302,8.0
tmdb_247,2334,6.0
tmdb_247,2335,8.0
tmdb_247,2371,8.0
tmdb_247,2383,4.0
tmdb_247,2463,10.0
tmdb_247,2469,4.0
tmdb_247,2470,8.0
tmdb_247,2616,6.0
tmdb_247,2617,6.0
tmdb_247,2640,8.0
tmdb_247,2642,6.0
tmdb_247,2694,8.0
tmdb_247,2699,6.0
tmdb_247,2762,10.0
tmdb_247,2791,6.0
tmdb_247,2798,6.0
tmdb_247,2817,4.0
tmdb_247,2959,10.0
tmdb_247,3033,8.0
tmdb_247,3082,8.0
tmdb_247,3087,8.0
tmdb_247,3107,10.0
tmdb_247,3173,8.0
tmdb_247,3396,6.0
tmdb_247,3479,8.0
tmdb_248,110,10.0
tmdb_248,161,10.0
tmdb_248,266,10.0
tmdb_248,316,8.0
tmdb_248,426,8.0
tmdb_248,527,10.0
tmdb_248,541,10.0
tmdb_248,647,8.0
tmdb_248,750,10.0
tmdb_248,780,8.0
tmdb_248,903,8.0
tmdb_248,924,10.0
tmdb_248,1090,8.0
tmdb_248,1127,8.0
tmdb_248,1250,10.0
tmdb_248,1262,10.0
tmdb_248,1272,10.0
tmdb_248,1580,6.0
tmdb_248,1584,8.0
tmdb_248,1690,8.0
tmdb_248,1721,10.0
tmdb_248,1944,8.0
tmdb_248,2011,8.0
tmdb_248,2012,8.0
tmdb_248,2054,6.0
tmdb_248,2067,8.0
tmdb_248,2109,8.0
tmdb_248,2454,8.0
tmdb_248,2528,8.0
tmdb_248,2640,6.0
tmdb_248,2669,6.0
tmdb_248,2769,8.0
tmdb_248,3035,10.0
tmdb_248,3062,10.0
tmdb_248,3072,10.0
tmdb_248,3101,10.0
tmdb_248,3176,8.0
tmdb_248,3638,4.0
tmdb_248,4339,8.0
tmdb_248,4923,8.0
tmdb_248,4958,10.0
tmdb_248,4990,8.0
tmdb_248,4993,10.0
tmdb_248,5060,10.0
tmdb_249,11,8.0
tmdb_249,153,4.0
tmdb_249,165,8.0
tmdb_249,231,6.0
tmdb_249,337,10.0
tmdb_249,339,6.0
tmdb_249,344,8.0
tmdb_249,480,6.0
tmdb_249,500,10.0
tmdb_249,508,8.0
tmdb_249,539,6.0
tmdb_249,590,8.0
tmdb_249,593,6.0
tmdb_249,597,6.0
tmdb_250,111,8.0
tmdb_250,165,9.0
tmdb_250,318,10.0
tmdb_250,527,10.0
tmdb_250,593,10.0
tmdb_250,858,10.0
tmdb_250,1645,9.0
tmdb_250,1682,9.0
tmdb_250,1917,8.0
tmdb_250,2028,9.0
tmdb_250,2324,9.0
tmdb_250,2959,9.0
tmdb_250,4011,9.0
tmdb_250,4034,8.0
tmdb_250,4226,9.0
tmdb_250,4886,9.0
tmdb_250,4896,8.0
tmdb_250,4973,10.0
tmdb_250,4995,10.0
tmdb_250,5995,10.0
tmdb_250,6016,8.0
tmdb_250,30707,9.0
tmdb_250,31685,9.0
tmdb_250,31696,9.0
tmdb_250,33660,8.0
tmdb_250,41571,9.0
tmdb_250,58559,10.0
tmdb_250,74458,9.0
tmdb_251,110,8.0
tmdb_251,260,9.0
tmdb_251,296,8.0
tmdb_251,551,10.0
tmdb_251,1265,8.0
tmdb_251,1485,8.0
tmdb_251,1580,10.0
tmdb_251,1907,9.0
tmdb_251,1961,10.0
tmdb_251,2011,8.0
tmdb_251,2012,8.0
tmdb_251,2291,10.0
tmdb_251,2762,10.0
tmdb_251,2959,10.0
tmdb_251,4701,8.0
tmdb_251,4886,9.0
tmdb_251,4973,8.0
tmdb_251,4993,8.0
tmdb_251,4995,10.0
tmdb_251,5971,8.0
tmdb_251,8970,9.0
tmdb_251,31658,10.0
tmdb_251,31685,9.0
tmdb_251,40815,9.0
tmdb_251,42738,7.0
tmdb_251,44191,6.0
tmdb_251,45722,9.0
tmdb_251,72356,10.0
tmdb_251,98491,10.0
tmdb_252,6,6.0
tmdb_252,12,10.0
tmdb_252,25,10.0
tmdb_252,79,4.0
tmdb_252,95,8.0
tmdb_252,104,6.0
tmdb_252,135,8.0
tmdb_252,260,8.0
tmdb_252,494,8.0
tmdb_252,647,8.0
tmdb_252,648,8.0
tmdb_252,653,8.0
tmdb_252,673,10.0
tmdb_252,761,6.0
tmdb_252,762,6.0
tmdb_252,765,6.0
tmdb_252,780,6.0
tmdb_252,786,6.0
tmdb_252,788,6.0
tmdb_252,802,6.0
tmdb_252,830,6.0
tmdb_252,832,8.0
tmdb_252,849,8.0
tmdb_252,858,8.0
tmdb_252,1073,6.0
tmdb_252,1391,6.0
tmdb_253,2,8.0
tmdb_253,16,4.0
tmdb_253,19,2.0
tmdb_253,20,3.0
tmdb_253,62,9.0
tmdb_253,104,7.0
tmdb_253,110,10.0
tmdb_253,150,8.0
tmdb_253,172,4.0
tmdb_253,173,4.0
tmdb_253,204,2.0
tmdb_253,223,8.0
tmdb_253,231,9.0
tmdb_253,260,9.0
tmdb_253,296,8.0
tmdb_253,303,3.0
tmdb_253,318,10.0
tmdb_253,337,6.0
tmdb_253,344,8.0
tmdb_253,349,8.0
tmdb_253,442,4.0
tmdb_253,454,9.0
tmdb_253,480,8.0
tmdb_253,500,7.0
tmdb_253,524,9.0
tmdb_253,543,9.0
tmdb_253,552,8.0
tmdb_253,553,9.0
tmdb_253,585,4.0
tmdb_253,590,9.0
tmdb_253,592,8.0
tmdb_253,593,7.0
tmdb_253,597,7.0
tmdb_253,707,7.0
tmdb_253,750,7.0
tmdb_253,778,7.0
tmdb_253,780,7.0
tmdb_253,783,7.0
tmdb_253,784,9.0
tmdb_253,786,4.0
tmdb_253,802,7.0
tmdb_253,805,8.0
tmdb_253,849,1.0
tmdb_253,858,9.0
tmdb_253,914,8.0
tmdb_253,923,9.0
tmdb_253,953,7.0
tmdb_253,1089,8.0
tmdb_253,1090,8.0
tmdb_253,1246,9.0
tmdb_253,1250,9.0
tmdb_253,1259,9.0
tmdb_253,1262,9.0
tmdb_253,1265,9.0
tmdb_253,1358,4.0
tmdb_253,1387,8.0
tmdb_253,1393,8.0
tmdb_253,1396,8.0
tmdb_253,1407,3.0
tmdb_253,1479,4.0
tmdb_253,1485,6.0
tmdb_253,1552,7.0
tmdb_253,1573,5.0
tmdb_253,1580,7.0
tmdb_253,1597,8.0
tmdb_253,1645,8.0
tmdb_253,1653,6.0
tmdb_253,1682,9.0
tmdb_253,1717,2.0
tmdb_253,1732,9.0
tmdb_253,1882,5.0
tmdb_253,1917,8.0
tmdb_253,1923,7.0
tmdb_253,1947,4.0
tmdb_253,1957,9.0
tmdb_253,1961,10.0
tmdb_253,2005,9.0
tmdb_253,2006,8.0
tmdb_253,2012,7.0
tmdb_253,2028,9.0
tmdb_253,2046,7.0
tmdb_253,2115,5.0
tmdb_253,2193,6.0
tmdb_253,2321,8.0
tmdb_253,2324,10.0
tmdb_253,2470,8.0
tmdb_253,2502,9.0
tmdb_253,2528,8.0
tmdb_253,2539,7.0
tmdb_253,2617,9.0
tmdb_253,2640,8.0
tmdb_253,2671,2.0
tmdb_253,2762,8.0
tmdb_253,2959,10.0
tmdb_253,3033,7.0
tmdb_253,3114,8.0
tmdb_253,3160,7.0
tmdb_253,3489,8.0
tmdb_253,4011,8.0
tmdb_253,4034,5.0
tmdb_253,4226,7.0
tmdb_253,4973,8.0
tmdb_253,4993,10.0
tmdb_253,4995,9.0
tmdb_253,5481,4.0
tmdb_253,5991,9.0
tmdb_253,8961,8.0
tmdb_253,41566,9.0
tmdb_254,19,6.0
tmdb_254,22,6.0
tmdb_254,82,10.0
tmdb_254,112,6.0
tmdb_254,122,6.0
tmdb_254,132,6.0
tmdb_254,145,6.0
tmdb_254,146,8.0
tmdb_254,147,6.0
tmdb_254,149,8.0
tmdb_254,150,6.0
tmdb_254,153,6.0
tmdb_254,154,10.0
tmdb_254,156,8.0
tmdb_254,160,8.0
tmdb_254,162,8.0
tmdb_254,163,8.0
tmdb_254,165,8.0
tmdb_254,172,4.0
tmdb_254,173,6.0
tmdb_254,175,6.0
tmdb_254,176,10.0
tmdb_254,178,10.0
tmdb_254,184,8.0
tmdb_254,193,6.0
tmdb_254,194,8.0
tmdb_254,196,8.0
tmdb_254,198,8.0
tmdb_254,204,6.0
tmdb_254,206,6.0
tmdb_254,207,6.0
tmdb_254,223,8.0
tmdb_254,227,6.0
tmdb_254,231,4.0
tmdb_254,232,10.0
tmdb_254,233,8.0
tmdb_254,234,6.0
tmdb_254,235,8.0
tmdb_254,236,6.0
tmdb_254,240,4.0
tmdb_254,253,6.0
tmdb_254,260,8.0
tmdb_254,265,10.0
tmdb_254,275,8.0
tmdb_254,287,8.0
tmdb_254,288,6.0
tmdb_254,291,2.0
tmdb_254,292,6.0
tmdb_254,296,6.0
tmdb_254,307,8.0
tmdb_254,316,6.0
tmdb_254,318,8.0
tmdb_254,322,6.0
tmdb_254,327,6.0
tmdb_254,330,6.0
tmdb_254,337,8.0
tmdb_254,342,8.0
tmdb_254,344,6.0
tmdb_254,345,8.0
tmdb_254,349,8.0
tmdb_254,350,6.0
tmdb_254,380,6.0
tmdb_254,381,8.0
tmdb_254,392,10.0
tmdb_254,421,8.0
tmdb_254,427,6.0
tmdb_254,457,8.0
tmdb_254,466,6.0
tmdb_254,469,6.0
tmdb_254,481,8.0
tmdb_254,489,6.0
tmdb_254,494,8.0
tmdb_254,497,6.0
tmdb_254,500,8.0
tmdb_254,521,10.0
tmdb_254,534,6.0
tmdb_254,535,6.0
tmdb_254,537,6.0
tmdb_254,539,6.0
tmdb_254,540,4.0
tmdb_254,542,4.0
tmdb_254,543,6.0
tmdb_254,551,8.0
tmdb_254,585,6.0
tmdb_254,587,6.0
tmdb_254,588,8.0
tmdb_254,590,6.0
tmdb_254,592,6.0
tmdb_254,593,10.0
tmdb_254,595,8.0
tmdb_254,596,10.0
tmdb_254,597,6.0
tmdb_254,608,10.0
tmdb_254,609,8.0
tmdb_254,616,8.0
tmdb_254,685,6.0
tmdb_254,750,10.0
tmdb_254,846,8.0
tmdb_254,861,6.0
tmdb_254,899,8.0
tmdb_254,901,8.0
tmdb_254,903,8.0
tmdb_254,914,6.0
tmdb_254,919,8.0
tmdb_254,922,8.0
tmdb_254,923,8.0
tmdb_254,924,8.0
tmdb_254,953,6.0
tmdb_254,954,8.0
tmdb_254,1073,8.0
tmdb_255,18,5.0
tmdb_255,19,3.0
tmdb_255,105,8.0
tmdb_255,158,4.0
tmdb_255,231,5.0
tmdb_255,256,3.0
tmdb_255,344,3.0
tmdb_255,364,6.0
tmdb_255,648,6.0
tmdb_255,680,8.0
tmdb_255,714,9.0
tmdb_255,910,8.0
tmdb_255,922,9.0
tmdb_255,923,9.0
tmdb_255,953,8.0
tmdb_255,1103,10.0
tmdb_255,1732,10.0
tmdb_255,1917,5.0
tmdb_255,2291,10.0
tmdb_255,2321,6.0
tmdb_255,2324,9.0
tmdb_255,2897,10.0
tmdb_255,3052,8.0
tmdb_255,4973,10.0
tmdb_255,4993,10.0
tmdb_255,4995,7.0
tmdb_255,5902,10.0
tmdb_255,5991,7.0
tmdb_255,6016,9.0
tmdb_255,6373,6.0
tmdb_255,6620,8.0
tmdb_255,7234,8.0
tmdb_255,8860,6.0
tmdb_255,8873,10.0
tmdb_255,8970,7.0
tmdb_255,8973,9.0
tmdb_255,8981,9.0
tmdb_255,27815,9.0
tmdb_255,33660,6.0
tmdb_255,41566,6.0
tmdb_255,41571,5.0
tmdb_255,45722,9.0
tmdb_255,58559,9.0
tmdb_256,3,6.0
tmdb_256,5,6.0
tmdb_256,6,6.0
tmdb_256,14,8.0
tmdb_256,25,10.0
tmdb_256,62,8.0
tmdb_256,79,6.0
tmdb_256,95,6.0
tmdb_256,100,6.0
tmdb_256,140,6.0
tmdb_256,141,8.0
tmdb_256,494,6.0
tmdb_256,608,8.0
tmdb_256,628,8.0
tmdb_256,637,6.0
tmdb_256,648,2.0
tmdb_256,708,6.0
tmdb_256,786,6.0
tmdb_256,832,8.0
tmdb_256,1073,6.0
tmdb_257,110,3.0
tmdb_257,111,10.0
tmdb_257,260,7.0
tmdb_257,296,10.0
tmdb_257,318,8.0
tmdb_257,608,8.0
tmdb_257,910,1.0
tmdb_257,912,10.0
tmdb_257,1244,9.0
tmdb_257,1248,8.0
tmdb_257,1252,7.0
tmdb_257,1278,10.0
tmdb_257,1653,7.0
tmdb_257,1732,5.0
tmdb_257,1945,7.0
tmdb_257,1968,1.0
tmdb_257,2019,10.0
tmdb_257,2105,2.0
tmdb_257,2160,9.0
tmdb_257,2300,8.0
tmdb_257,2502,8.0
tmdb_257,2759,6.0
tmdb_257,2959,10.0
tmdb_257,4886,5.0
tmdb_257,4993,9.0
tmdb_257,5146,1.0
tmdb_257,5971,9.0
tmdb_257,8961,5.0
tmdb_257,25771,6.0
tmdb_257,31658,8.0
tmdb_258,260,8.0
tmdb_258,1487,4.0
tmdb_258,1927,10.0
tmdb_258,2652,8.0
tmdb_258,2762,10.0
tmdb_258,3469,10.0
tmdb_258,3478,6.0
tmdb_258,3479,6.0
tmdb_258,3480,8.0
tmdb_258,3529,10.0
tmdb_258,3543,10.0
tmdb_258,3549,8.0
tmdb_259,246,10.0
tmdb_259,260,4.0
tmdb_259,288,4.0
tmdb_259,541,2.0
tmdb_259,608,8.0
tmdb_259,700,6.0
tmdb_259,1246,10.0
tmdb_259,2109,10.0
tmdb_259,2268,10.0
tmdb_259,2750,6.0
tmdb_259,2959,6.0
tmdb_259,3007,8.0
tmdb_260,69,6.0
tmdb_260,231,7.0
tmdb_260,260,10.0
tmdb_260,329,10.0
tmdb_260,379,7.0
tmdb_260,590,8.0
tmdb_260,765,8.0
tmdb_260,1265,10.0
tmdb_260,1620,7.0
tmdb_260,1961,7.0
tmdb_260,1979,6.0
tmdb_260,2109,5.0
tmdb_260,2269,5.0
tmdb_260,2959,5.0
tmdb_260,4995,5.0
tmdb_260,44191,10.0
tmdb_260,45722,7.0
tmdb_261,19,10.0
tmdb_261,110,10.0
tmdb_261,112,1.0
tmdb_261,150,7.0
tmdb_261,231,9.0
tmdb_261,235,1.0
tmdb_261,260,8.0
tmdb_261,315,7.0
tmdb_261,316,9.0
tmdb_261,318,10.0
tmdb_261,344,10.0
tmdb_261,377,8.0
tmdb_261,380,7.0
tmdb_261,480,6.0
tmdb_261,590,9.0
tmdb_261,592,8.0
tmdb_261,593,9.0
tmdb_261,648,7.0
tmdb_261,653,2.0
tmdb_261,780,9.0
tmdb_261,832,6.0
tmdb_261,1584,10.0
tmdb_261,3114,1.0
tmdb_261,4993,7.0
tmdb_261,6537,6.0
tmdb_262,2,4.0
tmdb_262,19,5.0
tmdb_262,70,4.0
tmdb_262,97,6.0
tmdb_262,110,6.0
tmdb_262,111,7.0
tmdb_262,154,4.0
tmdb_262,175,10.0
tmdb_262,231,5.0
tmdb_262,247,8.0
tmdb_262,253,6.0
tmdb_262,288,8.0
tmdb_262,293,8.0
tmdb_262,296,8.0
tmdb_262,306,6.0
tmdb_262,307,6.0
tmdb_262,318,6.0
tmdb_262,319,5.0
tmdb_262,344,5.0
tmdb_262,347,4.0
tmdb_262,364,4.0
tmdb_262,377,5.0
tmdb_262,380,4.0
tmdb_262,480,6.0
tmdb_262,500,7.0
tmdb_262,527,6.0
tmdb_262,551,6.0
tmdb_262,586,8.0
tmdb_262,587,3.0
tmdb_262,588,4.0
tmdb_262,593,10.0
tmdb_262,595,7.0
tmdb_262,596,4.0
tmdb_262,597,4.0
tmdb_262,714,6.0
tmdb_262,778,7.0
tmdb_262,780,3.0
tmdb_262,799,6.0
tmdb_262,841,7.0
tmdb_262,858,7.0
tmdb_262,899,6.0
tmdb_262,903,5.0
tmdb_262,910,6.0
tmdb_262,912,5.0
tmdb_262,919,4.0
tmdb_262,923,4.0
tmdb_262,924,6.0
tmdb_262,928,5.0
tmdb_262,968,8.0
tmdb_262,1073,7.0
tmdb_262,1088,4.0
tmdb_262,1089,6.0
tmdb_262,1092,2.0
tmdb_262,1244,6.0
tmdb_262,1246,6.0
tmdb_262,1247,8.0
tmdb_262,1251,5.0
tmdb_262,1255,6.0
tmdb_262,1259,8.0
tmdb_262,1273,5.0
tmdb_262,1285,7.0
tmdb_262,1361,10.0
tmdb_262,1380,4.0
tmdb_262,1387,5.0
tmdb_262,1393,1.0
tmdb_262,1394,4.0
tmdb_262,1407,8.0
tmdb_262,1441,6.0
tmdb_262,1483,8.0
tmdb_262,1580,4.0
tmdb_262,1644,3.0
tmdb_262,1680,2.0
tmdb_262,1717,4.0
tmdb_262,1721,5.0
tmdb_262,1732,6.0
tmdb_262,1884,7.0
tmdb_262,1923,5.0
tmdb_262,1961,5.0
tmdb_262,1968,9.0
tmdb_262,1991,6.0
tmdb_262,1993,4.0
tmdb_262,1994,6.0
tmdb_262,1997,5.0
tmdb_262,2003,6.0
tmdb_262,2005,8.0
tmdb_262,2019,6.0
tmdb_262,2099,5.0
tmdb_262,2115,6.0
tmdb_262,2118,6.0
tmdb_262,2134,6.0
tmdb_262,2144,10.0
tmdb_262,2160,7.0
tmdb_262,2291,8.0
tmdb_262,2313,7.0
tmdb_262,2395,10.0
tmdb_262,2428,6.0
tmdb_262,2459,7.0
tmdb_262,2517,6.0
tmdb_262,2617,4.0
tmdb_262,2657,7.0
tmdb_262,2722,1.0
tmdb_262,2731,5.0
tmdb_262,2762,8.0
tmdb_262,2787,4.0
tmdb_262,2789,4.0
tmdb_262,2925,5.0
tmdb_262,2959,7.0
tmdb_262,3075,7.0
tmdb_262,3089,6.0
tmdb_262,3134,5.0
tmdb_262,3476,4.0
tmdb_262,3484,4.0
tmdb_262,3536,1.0
tmdb_262,3777,7.0
tmdb_262,3875,5.0
tmdb_262,4011,8.0
tmdb_262,4025,4.0
tmdb_262,4105,8.0
tmdb_262,4148,1.0
tmdb_262,4226,6.0
tmdb_262,4235,5.0
tmdb_262,4368,1.0
tmdb_262,4369,2.0
tmdb_262,4437,8.0
tmdb_262,4552,8.0
tmdb_262,4638,2.0
tmdb_262,4641,10.0
tmdb_262,4658,7.0
tmdb_262,4816,5.0
tmdb_262,4886,5.0
tmdb_262,4896,4.0
tmdb_262,4951,2.0
tmdb_262,4973,7.0
tmdb_262,4993,6.0
tmdb_262,5147,6.0
tmdb_262,5153,6.0
tmdb_262,5165,7.0
tmdb_262,5319,4.0
tmdb_262,5481,3.0
tmdb_262,5816,4.0
tmdb_262,5971,5.0
tmdb_262,5995,6.0
tmdb_262,6016,4.0
tmdb_262,6373,3.0
tmdb_262,6535,1.0
tmdb_262,6609,5.0
tmdb_262,6936,3.0
tmdb_262,7008,6.0
tmdb_262,7451,4.0
tmdb_262,8014,6.0
tmdb_262,8128,5.0
tmdb_262,8194,5.0
tmdb_262,8195,5.0
tmdb_262,8464,4.0
tmdb_262,8848,4.0
tmdb_262,8873,5.0
tmdb_262,8874,10.0
tmdb_262,8906,7.0
tmdb_262,8981,6.0
tmdb_262,8983,4.0
tmdb_262,25771,7.0
tmdb_262,25807,6.0
tmdb_262,26171,6.0
tmdb_262,26320,5.0
tmdb_262,26326,6.0
tmdb_262,26587,7.0
tmdb_262,26693,4.0
tmdb_262,26974,10.0
tmdb_262,27317,6.0
tmdb_262,27329,8.0
tmdb_262,27721,5.0
tmdb_262,30793,2.0
tmdb_262,31270,5.0
tmdb_262,31952,8.0
tmdb_262,32686,6.0
tmdb_262,32728,5.0
tmdb_262,33592,5.0
tmdb_262,33817,2.0
tmdb_262,40833,5.0
tmdb_262,42632,6.0
tmdb_262,44694,5.0
tmdb_262,48231,7.0
tmdb_262,48385,4.0
tmdb_262,56339,5.0
tmdb_262,59995,6.0
tmdb_262,71700,3.0
tmdb_262,74458,6.0
tmdb_262,80844,2.0
tmdb_263,21,7.0
tmdb_263,62,7.0
tmdb_263,110,7.0
tmdb_263,168,6.0
tmdb_263,296,6.0
tmdb_263,318,8.0
tmdb_263,350,6.0
tmdb_263,442,6.0
tmdb_263,509,7.0
tmdb_263,541,7.0
tmdb_263,586,8.0
tmdb_263,590,8.0
tmdb_263,593,8.0
tmdb_263,597,7.0
tmdb_263,674,4.0
tmdb_263,762,6.0
tmdb_263,802,6.0
tmdb_263,912,6.0
tmdb_263,919,6.0
tmdb_263,920,7.0
tmdb_263,949,6.0
tmdb_263,1127,8.0
tmdb_263,1246,6.0
tmdb_263,1267,7.0
tmdb_263,1370,7.0
tmdb_263,1374,5.0
tmdb_263,1408,9.0
tmdb_263,1580,8.0
tmdb_263,1584,7.0
tmdb_263,1610,9.0
tmdb_263,1732,4.0
tmdb_263,1923,5.0
tmdb_263,1961,6.0
tmdb_263,2006,6.0
tmdb_263,2019,6.0
tmdb_263,2617,6.0
tmdb_263,2959,5.0
tmdb_263,3686,4.0
tmdb_263,4025,8.0
tmdb_263,4951,4.0
tmdb_263,4972,6.0
tmdb_263,4995,6.0
tmdb_263,5620,6.0
tmdb_263,5995,6.0
tmdb_263,8337,7.0
tmdb_264,342,6.0
tmdb_264,377,6.0
tmdb_264,440,10.0
tmdb_264,499,6.0
tmdb_264,527,10.0
tmdb_264,911,8.0
tmdb_264,914,10.0
tmdb_264,920,8.0
tmdb_264,1088,8.0
tmdb_264,1244,10.0
tmdb_264,1393,10.0
tmdb_264,1721,10.0
tmdb_264,2080,10.0
tmdb_264,2125,10.0
tmdb_264,2671,6.0
tmdb_264,3536,4.0
tmdb_264,4593,4.0
tmdb_265,21,8.0
tmdb_265,25,8.0
tmdb_265,58,6.0
tmdb_265,111,8.0
tmdb_265,154,8.0
tmdb_265,281,10.0
tmdb_265,457,6.0
tmdb_265,527,8.0
tmdb_265,608,10.0
tmdb_265,650,4.0
tmdb_265,750,10.0
tmdb_265,858,8.0
tmdb_265,892,8.0
tmdb_265,898,10.0
tmdb_265,899,10.0
tmdb_265,900,10.0
tmdb_265,913,10.0
tmdb_265,918,6.0
tmdb_265,919,10.0
tmdb_265,920,10.0
tmdb_265,921,8.0
tmdb_265,922,10.0
tmdb_265,923,10.0
tmdb_265,936,10.0
tmdb_265,942,8.0
tmdb_265,953,6.0
tmdb_265,1124,8.0
tmdb_265,1244,6.0
tmdb_265,1247,10.0
tmdb_265,1250,8.0
tmdb_265,1251,8.0
tmdb_265,1252,8.0
tmdb_265,1254,10.0
tmdb_265,1265,8.0
tmdb_265,1266,10.0
tmdb_265,1280,4.0
tmdb_265,1281,8.0
tmdb_265,1283,10.0
tmdb_265,1633,6.0
tmdb_265,1648,6.0
tmdb_265,1673,6.0
tmdb_265,1682,6.0
tmdb_265,1834,8.0
tmdb_265,1940,8.0
tmdb_265,1944,10.0
tmdb_265,1945,10.0
tmdb_265,1948,10.0
tmdb_265,1949,8.0
tmdb_265,1950,8.0
tmdb_265,1954,6.0
tmdb_265,1955,8.0
tmdb_265,1956,8.0
tmdb_265,1957,8.0
tmdb_265,1964,8.0
tmdb_265,1997,6.0
tmdb_265,2019,8.0
tmdb_265,2020,8.0
tmdb_265,2028,8.0
tmdb_265,2186,10.0
tmdb_265,2300,10.0
tmdb_265,2349,6.0
tmdb_265,2731,8.0
tmdb_265,2759,6.0
tmdb_265,2791,8.0
tmdb_265,2929,10.0
tmdb_265,2972,2.0
tmdb_265,3035,8.0
tmdb_265,3072,8.0
tmdb_265,3083,6.0
tmdb_265,3089,8.0
tmdb_265,3101,8.0
tmdb_265,3125,4.0
tmdb_265,3134,10.0
tmdb_265,3418,10.0
tmdb_265,3537,8.0
tmdb_265,5060,8.0
tmdb_266,14,8.0
tmdb_266,62,8.0
tmdb_266,105,6.0
tmdb_266,150,10.0
tmdb_266,185,6.0
tmdb_266,225,6.0
tmdb_266,292,6.0
tmdb_266,296,6.0
tmdb_266,300,10.0
tmdb_266,306,6.0
tmdb_266,307,6.0
tmdb_266,308,6.0
tmdb_266,318,8.0
tmdb_266,339,6.0
tmdb_266,349,6.0
tmdb_266,364,10.0
tmdb_266,377,8.0
tmdb_266,380,6.0
tmdb_266,434,4.0
tmdb_266,454,6.0
tmdb_266,457,10.0
tmdb_266,480,8.0
tmdb_266,500,6.0
tmdb_266,527,10.0
tmdb_266,586,6.0
tmdb_266,587,8.0
tmdb_266,588,6.0
tmdb_266,590,10.0
tmdb_266,592,6.0
tmdb_266,593,8.0
tmdb_266,595,6.0
tmdb_266,838,10.0
tmdb_267,260,9.0
tmdb_267,296,10.0
tmdb_267,318,10.0
tmdb_267,441,10.0
tmdb_267,593,8.0
tmdb_267,849,5.0
tmdb_267,1089,9.0
tmdb_267,1213,9.0
tmdb_267,2959,10.0
tmdb_267,3484,7.0
tmdb_267,4226,9.0
tmdb_267,6620,7.0
tmdb_267,46976,8.0
tmdb_267,48385,6.0
tmdb_268,2,7.0
tmdb_268,6,5.0
tmdb_268,11,7.0
tmdb_268,17,6.0
tmdb_268,19,4.0
tmdb_268,21,5.0
tmdb_268,104,7.0
tmdb_268,110,9.0
tmdb_268,111,6.0
tmdb_268,150,9.0
tmdb_268,153,4.0
tmdb_268,163,6.0
tmdb_268,165,7.0
tmdb_268,173,5.0
tmdb_268,193,4.0
tmdb_268,223,6.0
tmdb_268,231,7.0
tmdb_268,235,9.0
tmdb_268,253,6.0
tmdb_268,260,10.0
tmdb_268,288,6.0
tmdb_268,293,8.0
tmdb_268,296,10.0
tmdb_268,317,7.0
tmdb_268,318,7.0
tmdb_268,339,7.0
tmdb_268,344,6.0
tmdb_268,349,5.0
tmdb_268,364,10.0
tmdb_268,377,9.0
tmdb_268,380,8.0
tmdb_268,410,7.0
tmdb_268,434,6.0
tmdb_268,442,6.0
tmdb_268,454,7.0
tmdb_268,457,8.0
tmdb_268,466,10.0
tmdb_268,480,9.0
tmdb_268,500,6.0
tmdb_268,508,7.0
tmdb_268,527,10.0
tmdb_268,539,10.0
tmdb_268,541,4.0
tmdb_268,551,9.0
tmdb_268,553,6.0
tmdb_268,586,10.0
tmdb_268,587,6.0
tmdb_268,588,9.0
tmdb_268,592,8.0
tmdb_268,593,10.0
tmdb_268,594,10.0
tmdb_268,595,9.0
tmdb_268,597,5.0
tmdb_268,608,7.0
tmdb_268,648,7.0
tmdb_268,750,9.0
tmdb_268,780,6.0
tmdb_268,784,4.0
tmdb_268,786,6.0
tmdb_268,788,4.0
tmdb_268,832,6.0
tmdb_268,858,9.0
tmdb_268,905,10.0
tmdb_268,912,10.0
tmdb_268,919,10.0
tmdb_268,923,10.0
tmdb_268,924,9.0
tmdb_268,936,7.0
tmdb_268,942,7.0
tmdb_268,953,10.0
tmdb_268,954,10.0
tmdb_268,955,3.0
tmdb_268,1073,8.0
tmdb_268,1089,6.0
tmdb_268,1090,7.0
tmdb_268,1093,8.0
tmdb_268,1127,10.0
tmdb_268,1213,7.0
tmdb_268,1246,8.0
tmdb_268,1247,8.0
tmdb_268,1252,7.0
tmdb_268,1259,9.0
tmdb_268,1262,9.0
tmdb_268,1265,9.0
tmdb_268,1266,9.0
tmdb_268,1278,10.0
tmdb_268,1367,5.0
tmdb_268,1370,6.0
tmdb_268,1374,8.0
tmdb_268,1380,8.0
tmdb_268,1387,10.0
tmdb_268,1391,3.0
tmdb_268,1393,9.0
tmdb_268,1394,6.0
tmdb_268,1407,10.0
tmdb_268,1485,8.0
tmdb_268,1544,6.0
tmdb_268,1552,7.0
tmdb_268,1573,9.0
tmdb_268,1580,8.0
tmdb_268,1608,6.0
tmdb_268,1610,7.0
tmdb_268,1639,7.0
tmdb_268,1641,5.0
tmdb_268,1676,8.0
tmdb_268,1682,8.0
tmdb_268,1721,5.0
tmdb_268,1732,9.0
tmdb_268,1917,4.0
tmdb_268,1923,8.0
tmdb_268,1934,7.0
tmdb_268,1954,5.0
tmdb_268,1961,7.0
tmdb_268,1968,10.0
tmdb_268,1994,8.0
tmdb_268,2000,9.0
tmdb_268,2011,6.0
tmdb_268,2012,6.0
tmdb_268,2028,10.0
tmdb_268,2054,6.0
tmdb_268,2080,7.0
tmdb_268,2085,8.0
tmdb_268,2115,8.0
tmdb_268,2124,6.0
tmdb_268,2140,4.0
tmdb_268,2144,5.0
tmdb_268,2268,6.0
tmdb_268,2291,9.0
tmdb_268,2302,6.0
tmdb_268,2313,7.0
tmdb_268,2321,8.0
tmdb_268,2355,7.0
tmdb_268,2502,5.0
tmdb_268,2617,7.0
tmdb_268,2640,8.0
tmdb_268,2654,8.0
tmdb_268,2699,6.0
tmdb_268,2762,7.0
tmdb_268,2791,10.0
tmdb_268,2959,9.0
tmdb_268,3052,6.0
tmdb_268,3082,6.0
tmdb_268,3114,8.0
tmdb_268,4011,8.0
tmdb_268,4034,7.0
tmdb_268,4226,10.0
tmdb_268,4886,9.0
tmdb_268,4896,4.0
tmdb_268,4973,7.0
tmdb_268,4993,10.0
tmdb_268,4995,8.0
tmdb_268,5902,8.0
tmdb_268,8810,3.0
tmdb_268,8961,9.0
tmdb_268,25750,9.0
tmdb_268,43936,6.0
tmdb_268,44191,7.0
tmdb_268,45722,4.0
tmdb_268,47518,6.0
tmdb_268,58559,10.0
tmdb_268,83613,4.0
tmdb_268,84944,8.0
tmdb_268,84954,7.0
tmdb_268,85510,1.0
tmdb_268,86835,3.0
tmdb_269,1422,6.0
tmdb_269,1483,4.0
tmdb_269,1584,2.0
tmdb_269,1597,8.0
tmdb_269,1619,8.0
tmdb_269,1639,8.0
tmdb_269,1641,10.0
tmdb_269,1645,6.0
tmdb_269,1653,6.0
tmdb_269,1667,6.0
tmdb_269,1673,8.0
tmdb_269,1676,2.0
tmdb_269,1683,8.0
tmdb_269,1687,6.0
tmdb_269,1690,6.0
tmdb_269,1721,8.0
tmdb_269,1722,8.0
tmdb_269,1729,8.0
tmdb_270,223,8.0
tmdb_270,260,8.0
tmdb_270,296,9.0
tmdb_270,1682,9.0
tmdb_270,1732,9.0
tmdb_270,2291,8.0
tmdb_270,2502,8.0
tmdb_270,2959,10.0
tmdb_270,4011,9.0
tmdb_270,4226,10.0
tmdb_270,4734,8.0
tmdb_270,4887,6.0
tmdb_270,4973,8.0
tmdb_270,4993,10.0
tmdb_270,4995,9.0
tmdb_270,5991,8.0
tmdb_270,6283,9.0
tmdb_270,6373,5.0
tmdb_270,6537,5.0
tmdb_270,7346,3.0
tmdb_270,7445,8.0
tmdb_270,8874,10.0
tmdb_270,27904,8.0
tmdb_270,31696,7.0
tmdb_270,44191,9.0
tmdb_270,48385,6.0
tmdb_270,58559,9.0
tmdb_270,59387,9.0
tmdb_270,68659,7.0
tmdb_270,69526,4.0
tmdb_270,73881,6.0
tmdb_270,86332,6.0
tmdb_270,122924,6.0
tmdb_270,140174,9.0
tmdb_271,16,7.0
tmdb_271,104,4.0
tmdb_271,110,8.0
tmdb_271,260,10.0
tmdb_271,296,9.0
tmdb_271,318,7.0
tmdb_271,337,6.0
tmdb_271,457,8.0
tmdb_271,588,7.0
tmdb_271,593,10.0
tmdb_271,653,5.0
tmdb_271,1090,10.0
tmdb_271,1374,6.0
tmdb_271,1375,4.0
tmdb_271,1377,4.0
tmdb_271,1544,5.0
tmdb_271,1552,5.0
tmdb_271,1584,5.0
tmdb_271,1645,5.0
tmdb_271,1653,9.0
tmdb_271,1721,8.0
tmdb_271,1909,5.0
tmdb_271,1917,2.0
tmdb_271,1923,7.0
tmdb_271,2028,8.0
tmdb_271,2657,8.0
tmdb_271,2761,9.0
tmdb_271,2762,9.0
tmdb_271,3114,8.0
tmdb_271,4993,8.0
tmdb_271,5060,5.0
tmdb_271,8961,9.0
tmdb_272,260,8.0
tmdb_272,480,7.0
tmdb_272,592,8.0
tmdb_272,2115,8.0
tmdb_272,4232,7.0
tmdb_272,4993,10.0
tmdb_273,150,7.0
tmdb_273,260,10.0
tmdb_273,296,9.0
tmdb_273,593,8.0
tmdb_273,778,8.0
tmdb_273,919,10.0
tmdb_273,1907,9.0
tmdb_273,2657,10.0
tmdb_273,2762,8.0
tmdb_273,2959,10.0
tmdb_273,3114,9.0
tmdb_273,4886,10.0
tmdb_273,4896,9.0
tmdb_273,4993,10.0
tmdb_273,5816,9.0
tmdb_273,6934,9.0
tmdb_273,8874,10.0
tmdb_273,8961,9.0
tmdb_273,31696,8.0
tmdb_273,40815,9.0
tmdb_273,44191,10.0
tmdb_273,58559,10.0
tmdb_273,74458,7.0
tmdb_274,22,5.0
tmdb_274,198,7.0
tmdb_274,293,8.0
tmdb_274,296,8.0
tmdb_274,319,8.0
tmdb_274,342,7.0
tmdb_274,345,5.0
tmdb_274,543,5.0
tmdb_274,608,10.0
tmdb_274,778,8.0
tmdb_274,866,7.0
tmdb_274,1089,8.0
tmdb_274,1653,8.0
tmdb_274,1676,6.0
tmdb_274,1682,6.0
tmdb_274,1732,10.0
tmdb_274,2012,7.0
tmdb_274,2054,6.0
tmdb_274,2268,4.0
tmdb_274,2502,6.0
tmdb_274,2617,5.0
tmdb_274,2959,8.0
tmdb_275,3,8.0
tmdb_275,16,9.0
tmdb_275,101,9.0
tmdb_275,110,10.0
tmdb_275,231,10.0
tmdb_275,293,10.0
tmdb_275,344,9.0
tmdb_275,364,10.0
tmdb_275,377,8.0
tmdb_275,441,10.0
tmdb_275,457,9.0
tmdb_275,480,10.0
tmdb_275,500,10.0
tmdb_275,585,7.0
tmdb_275,608,8.0
tmdb_275,648,9.0
tmdb_275,745,9.0
tmdb_275,858,9.0
tmdb_275,1059,7.0
tmdb_275,1252,9.0
tmdb_275,1265,10.0
tmdb_275,1377,6.0
tmdb_275,1408,9.0
tmdb_275,1580,8.0
tmdb_275,1673,10.0
tmdb_275,1682,9.0
tmdb_275,1721,9.0
tmdb_275,1954,9.0
tmdb_275,1968,9.0
tmdb_275,2011,10.0
tmdb_275,2012,8.0
tmdb_275,2109,8.0
tmdb_275,2355,9.0
tmdb_275,2395,10.0
tmdb_275,2502,10.0
tmdb_275,2762,8.0
tmdb_275,2959,8.0
tmdb_275,3114,9.0
tmdb_275,4226,6.0
tmdb_275,4896,9.0
tmdb_275,4995,9.0
tmdb_275,5620,10.0
tmdb_275,5816,10.0
tmdb_275,6016,10.0
tmdb_275,8961,8.0
tmdb_275,33660,9.0
tmdb_275,40815,10.0
tmdb_275,49530,9.0
tmdb_275,54281,8.0
tmdb_275,58559,10.0
tmdb_275,86000,9.0
tmdb_275,89492,10.0
tmdb_276,70,6.0
tmdb_276,153,3.0
tmdb_276,168,3.0
tmdb_276,186,6.0
tmdb_276,592,8.0
tmdb_276,673,4.0
tmdb_276,762,1.0
tmdb_276,1377,9.0
tmdb_276,1408,7.0
tmdb_276,1562,2.0
tmdb_276,1690,6.0
tmdb_276,1909,4.0
tmdb_276,2294,7.0
tmdb_277,110,10.0
tmdb_277,260,10.0
tmdb_277,318,10.0
tmdb_277,377,8.0
tmdb_277,858,10.0
tmdb_277,1573,10.0
tmdb_277,1954,10.0
tmdb_277,2028,10.0
tmdb_277,5971,10.0
tmdb_277,31658,9.0
tmdb_277,58559,6.0
tmdb_278,80,10.0
tmdb_278,111,8.0
tmdb_278,260,4.0
tmdb_278,296,8.0
tmdb_278,401,8.0
tmdb_278,541,8.0
tmdb_278,549,6.0
tmdb_278,586,4.0
tmdb_278,615,6.0
tmdb_278,670,8.0
tmdb_278,750,8.0
tmdb_278,759,10.0
tmdb_278,899,6.0
tmdb_278,909,8.0
tmdb_278,910,10.0
tmdb_278,912,8.0
tmdb_278,919,10.0
tmdb_278,920,6.0
tmdb_278,923,8.0
tmdb_278,936,8.0
tmdb_278,1244,4.0
tmdb_278,1247,10.0
tmdb_278,1252,6.0
tmdb_278,1734,4.0
tmdb_278,1900,8.0
tmdb_278,1961,8.0
tmdb_278,2064,8.0
tmdb_278,2313,6.0
tmdb_278,2973,6.0
tmdb_278,3469,10.0
tmdb_278,4174,6.0
tmdb_279,2,6.0
tmdb_279,21,2.0
tmdb_279,110,8.0
tmdb_279,150,8.0
tmdb_279,153,4.0
tmdb_279,160,4.0
tmdb_279,161,6.0
tmdb_279,165,6.0
tmdb_279,173,4.0
tmdb_279,185,6.0
tmdb_279,196,6.0
tmdb_279,225,6.0
tmdb_279,231,6.0
tmdb_279,236,8.0
tmdb_279,252,4.0
tmdb_279,253,4.0
tmdb_279,266,6.0
tmdb_279,292,10.0
tmdb_279,296,4.0
tmdb_279,316,6.0
tmdb_279,317,4.0
tmdb_279,318,10.0
tmdb_279,329,6.0
tmdb_279,339,6.0
tmdb_279,349,6.0
tmdb_279,350,6.0
tmdb_279,364,6.0
tmdb_279,377,8.0
tmdb_279,380,8.0
tmdb_279,434,6.0
tmdb_279,440,6.0
tmdb_279,454,6.0
tmdb_279,457,10.0
tmdb_279,480,10.0
tmdb_279,500,6.0
tmdb_279,527,10.0
tmdb_279,539,8.0
tmdb_279,553,6.0
tmdb_279,586,6.0
tmdb_279,587,10.0
tmdb_279,588,8.0
tmdb_279,590,8.0
tmdb_279,592,4.0
tmdb_279,593,8.0
tmdb_279,595,4.0
tmdb_279,597,6.0
tmdb_280,11,6.0
tmdb_280,17,10.0
tmdb_280,28,10.0
tmdb_280,58,8.0
tmdb_280,260,10.0
tmdb_280,380,8.0
tmdb_280,838,10.0
tmdb_280,1393,10.0
tmdb_280,1408,8.0
tmdb_280,1479,8.0
tmdb_280,1639,8.0
tmdb_280,1721,10.0
tmdb_280,1907,8.0
tmdb_280,1911,6.0
tmdb_280,1917,8.0
tmdb_280,1920,6.0
tmdb_280,2006,8.0
tmdb_280,2059,8.0
tmdb_281,150,7.0
tmdb_281,153,6.0
tmdb_281,231,6.0
tmdb_281,260,8.0
tmdb_281,296,9.0
tmdb_281,344,5.0
tmdb_281,380,7.0
tmdb_281,457,7.0
tmdb_281,480,8.0
tmdb_281,509,9.0
tmdb_281,527,10.0
tmdb_281,590,8.0
tmdb_281,592,7.0
tmdb_281,593,8.0
tmdb_281,597,8.0
tmdb_281,608,9.0
tmdb_281,648,6.0
tmdb_281,780,4.0
tmdb_281,858,8.0
tmdb_281,899,9.0
tmdb_281,903,10.0
tmdb_281,912,10.0
tmdb_281,919,10.0
tmdb_281,922,6.0
tmdb_281,923,10.0
tmdb_281,1088,8.0
tmdb_281,1250,10.0
tmdb_281,1252,8.0
tmdb_281,1262,9.0
tmdb_281,1272,9.0
tmdb_281,1282,9.0
tmdb_281,1371,8.0
tmdb_281,1375,6.0
tmdb_281,2019,10.0
tmdb_281,2028,8.0
tmdb_281,2080,8.0
tmdb_281,3101,8.0
tmdb_281,4327,6.0
tmdb_281,5899,8.0
tmdb_281,5995,8.0
tmdb_281,7091,6.0
tmdb_281,7840,8.0
tmdb_281,7944,9.0
tmdb_281,8961,7.0
tmdb_281,8989,6.0
tmdb_282,22,6.0
tmdb_282,110,9.0
tmdb_282,150,9.0
tmdb_282,165,8.0
tmdb_282,260,9.0
tmdb_282,296,7.0
tmdb_282,318,10.0
tmdb_282,349,8.0
tmdb_282,377,7.0
tmdb_282,380,6.0
tmdb_282,457,8.0
tmdb_282,480,6.0
tmdb_282,500,7.0
tmdb_282,508,8.0
tmdb_282,524,10.0
tmdb_282,527,10.0
tmdb_282,553,7.0
tmdb_282,590,6.0
tmdb_282,592,5.0
tmdb_282,593,8.0
tmdb_282,597,3.0
tmdb_282,648,8.0
tmdb_282,780,4.0
tmdb_282,1250,8.0
tmdb_282,1259,10.0
tmdb_282,1262,8.0
tmdb_282,1285,4.0
tmdb_282,1375,3.0
tmdb_282,1380,1.0
tmdb_282,1381,1.0
tmdb_282,1573,6.0
tmdb_282,1580,4.0
tmdb_282,1610,8.0
tmdb_282,1641,3.0
tmdb_282,1673,6.0
tmdb_282,1722,6.0
tmdb_282,1729,5.0
tmdb_282,1917,7.0
tmdb_282,1961,7.0
tmdb_282,2000,9.0
tmdb_282,2001,8.0
tmdb_282,2012,7.0
tmdb_282,2028,10.0
tmdb_282,2268,8.0
tmdb_282,2617,6.0
tmdb_282,2671,8.0
tmdb_282,2762,10.0
tmdb_282,2770,7.0
tmdb_282,2959,1.0
tmdb_282,3107,7.0
tmdb_282,3114,8.0
tmdb_282,3418,3.0
tmdb_282,4326,7.0
tmdb_282,4474,1.0
tmdb_282,4993,10.0
tmdb_282,4995,8.0
tmdb_282,8665,9.0
tmdb_283,17,5.0
tmdb_283,58,8.0
tmdb_283,105,6.0
tmdb_283,150,8.0
tmdb_283,265,8.0
tmdb_283,288,7.0
tmdb_283,296,9.0
tmdb_283,318,9.0
tmdb_283,350,4.0
tmdb_283,364,7.0
tmdb_283,457,7.0
tmdb_283,475,9.0
tmdb_283,480,6.0
tmdb_283,508,9.0
tmdb_283,527,10.0
tmdb_283,586,4.0
tmdb_283,587,7.0
tmdb_283,590,6.0
tmdb_283,593,4.0
tmdb_283,597,7.0
tmdb_283,608,8.0
tmdb_283,745,10.0
tmdb_283,778,8.0
tmdb_283,780,5.0
tmdb_283,923,3.0
tmdb_283,1245,8.0
tmdb_283,1246,9.0
tmdb_283,1267,6.0
tmdb_283,1271,7.0
tmdb_283,1641,9.0
tmdb_283,1645,6.0
tmdb_283,1682,10.0
tmdb_283,1721,4.0
tmdb_283,1729,8.0
tmdb_283,1732,9.0
tmdb_283,1734,5.0
tmdb_283,1961,7.0
tmdb_283,2324,10.0
tmdb_283,2355,6.0
tmdb_283,2357,10.0
tmdb_283,2539,7.0
tmdb_283,2671,6.0
tmdb_283,2762,6.0
tmdb_283,3083,8.0
tmdb_283,3160,8.0
tmdb_283,3418,5.0
tmdb_283,4034,8.0
tmdb_283,4226,9.0
tmdb_283,4235,10.0
tmdb_283,4886,9.0
tmdb_283,4973,10.0
tmdb_283,4995,8.0
tmdb_283,5319,9.0
tmdb_283,5902,8.0
tmdb_283,5995,10.0
tmdb_283,6016,10.0
tmdb_283,6538,4.0
tmdb_283,7090,8.0
tmdb_283,7456,9.0
tmdb_283,7459,10.0
tmdb_283,8464,5.0
tmdb_283,8645,9.0
tmdb_283,8665,6.0
tmdb_283,8873,10.0
tmdb_283,8951,8.0
tmdb_283,8961,9.0
tmdb_283,8966,9.0
tmdb_283,8970,6.0
tmdb_283,8973,7.0
tmdb_283,27815,5.0
tmdb_283,30793,6.0
tmdb_283,33166,9.0
tmdb_283,41571,6.0
tmdb_283,44191,9.0
tmdb_283,48385,7.0
tmdb_284,3,6.0
tmdb_284,5,8.0
tmdb_284,6,10.0
tmdb_284,12,2.0
tmdb_284,14,6.0
tmdb_284,17,2.0
tmdb_284,25,6.0
tmdb_284,62,6.0
tmdb_284,76,6.0
tmdb_284,78,4.0
tmdb_284,79,10.0
tmdb_284,81,6.0
tmdb_284,86,8.0
tmdb_284,95,6.0
tmdb_284,100,10.0
tmdb_284,103,8.0
tmdb_284,107,4.0
tmdb_284,140,6.0
tmdb_284,494,6.0
tmdb_284,608,8.0
tmdb_284,628,10.0
tmdb_284,640,8.0
tmdb_284,648,8.0
tmdb_284,653,6.0
tmdb_284,694,4.0
tmdb_284,742,4.0
tmdb_284,761,6.0
tmdb_284,762,6.0
tmdb_284,780,6.0
tmdb_284,782,6.0
tmdb_284,784,6.0
tmdb_284,786,8.0
tmdb_284,802,8.0
tmdb_284,805,10.0
tmdb_284,832,6.0
tmdb_284,836,6.0
tmdb_284,1049,8.0
tmdb_284,1073,6.0
tmdb_284,1359,2.0
tmdb_284,1393,10.0
tmdb_285,2,6.0
tmdb_285,3,6.0
tmdb_285,19,2.0
tmdb_285,63,4.0
tmdb_285,69,8.0
tmdb_285,70,8.0
tmdb_285,93,4.0
tmdb_285,104,8.0
tmdb_285,110,10.0
tmdb_285,112,6.0
tmdb_285,153,4.0
tmdb_285,160,2.0
tmdb_285,163,8.0
tmdb_285,168,4.0
tmdb_285,170,8.0
tmdb_285,173,6.0
tmdb_285,176,10.0
tmdb_285,177,10.0
tmdb_285,180,8.0
tmdb_285,185,6.0
tmdb_285,198,8.0
tmdb_285,223,10.0
tmdb_285,231,2.0
tmdb_285,234,6.0
tmdb_285,235,10.0
tmdb_285,252,6.0
tmdb_285,253,10.0
tmdb_285,255,4.0
tmdb_285,260,10.0
tmdb_285,288,10.0
tmdb_285,292,4.0
tmdb_285,293,10.0
tmdb_285,296,8.0
tmdb_285,316,6.0
tmdb_285,317,8.0
tmdb_285,329,8.0
tmdb_285,330,6.0
tmdb_285,344,2.0
tmdb_285,364,6.0
tmdb_285,377,6.0
tmdb_285,405,2.0
tmdb_285,407,8.0
tmdb_285,410,6.0
tmdb_285,423,6.0
tmdb_285,429,4.0
tmdb_285,435,2.0
tmdb_285,440,6.0
tmdb_285,441,6.0
tmdb_285,442,8.0
tmdb_285,457,8.0
tmdb_285,466,4.0
tmdb_285,473,2.0
tmdb_285,479,6.0
tmdb_285,480,6.0
tmdb_285,481,8.0
tmdb_285,500,8.0
tmdb_285,505,8.0
tmdb_285,527,10.0
tmdb_285,542,2.0
tmdb_285,543,8.0
tmdb_285,546,2.0
tmdb_285,547,6.0
tmdb_285,551,8.0
tmdb_285,558,8.0
tmdb_285,586,2.0
tmdb_285,588,8.0
tmdb_285,590,8.0
tmdb_285,592,8.0
tmdb_285,593,8.0
tmdb_285,608,10.0
tmdb_285,637,6.0
tmdb_285,653,8.0
tmdb_285,661,10.0
tmdb_285,708,6.0
tmdb_285,762,6.0
tmdb_285,780,8.0
tmdb_285,784,2.0
tmdb_285,858,8.0
tmdb_285,861,6.0
tmdb_285,866,6.0
tmdb_285,919,6.0
tmdb_285,934,8.0
tmdb_285,968,10.0
tmdb_285,1018,6.0
tmdb_285,1073,8.0
tmdb_285,1089,10.0
tmdb_285,1090,6.0
tmdb_285,1091,2.0
tmdb_285,1126,2.0
tmdb_285,1213,10.0
tmdb_285,1257,8.0
tmdb_285,1265,8.0
tmdb_285,1278,8.0
tmdb_285,1282,8.0
tmdb_285,1285,6.0
tmdb_285,1371,6.0
tmdb_285,1372,6.0
tmdb_285,1373,6.0
tmdb_285,1374,6.0
tmdb_285,1375,6.0
tmdb_285,1376,6.0
tmdb_285,1377,6.0
tmdb_285,1378,8.0
tmdb_285,1379,6.0
tmdb_285,1380,2.0
tmdb_285,1381,2.0
tmdb_285,1387,8.0
tmdb_285,1391,8.0
tmdb_285,1394,8.0
tmdb_285,1405,4.0
tmdb_285,1407,10.0
tmdb_285,1440,6.0
tmdb_285,1441,8.0
tmdb_285,1479,8.0
tmdb_285,1485,6.0
tmdb_285,1499,2.0
tmdb_285,1552,6.0
tmdb_285,1562,2.0
tmdb_285,1573,8.0
tmdb_285,1580,8.0
tmdb_285,1581,4.0
tmdb_285,1586,6.0
tmdb_285,1587,8.0
tmdb_285,1591,8.0
tmdb_285,1597,8.0
tmdb_285,1608,8.0
tmdb_285,1610,6.0
tmdb_285,1626,2.0
tmdb_285,1641,6.0
tmdb_285,1644,6.0
tmdb_285,1645,6.0
tmdb_285,1647,6.0
tmdb_285,1653,6.0
tmdb_285,1665,6.0
tmdb_285,1676,6.0
tmdb_285,1689,4.0
tmdb_285,1717,6.0
tmdb_285,1722,6.0
tmdb_285,1729,6.0
tmdb_285,1732,10.0
tmdb_285,1831,6.0
tmdb_285,1885,6.0
tmdb_285,1894,6.0
tmdb_285,1909,8.0
tmdb_285,1911,4.0
tmdb_285,1917,8.0
tmdb_285,1921,8.0
tmdb_285,1923,2.0
tmdb_285,1924,10.0
tmdb_285,1954,4.0
tmdb_285,1967,6.0
tmdb_285,1968,6.0
tmdb_285,1969,4.0
tmdb_285,1975,2.0
tmdb_285,1976,2.0
tmdb_285,1991,2.0
tmdb_285,1992,2.0
tmdb_285,1997,2.0
tmdb_285,2000,8.0
tmdb_285,2003,6.0
tmdb_285,2005,8.0
tmdb_285,2011,8.0
tmdb_285,2012,6.0
tmdb_285,2018,6.0
tmdb_285,2028,10.0
tmdb_285,2034,6.0
tmdb_285,2038,6.0
tmdb_285,2046,6.0
tmdb_285,2054,4.0
tmdb_285,2058,8.0
tmdb_285,2080,6.0
tmdb_285,2088,4.0
tmdb_285,2105,6.0
tmdb_285,2108,6.0
tmdb_285,2109,4.0
tmdb_285,2115,8.0
tmdb_285,2116,6.0
tmdb_285,2119,4.0
tmdb_285,2124,6.0
tmdb_285,2134,6.0
tmdb_285,2140,6.0
tmdb_285,2143,8.0
tmdb_285,2155,8.0
tmdb_285,2161,8.0
tmdb_285,2253,6.0
tmdb_285,2282,8.0
tmdb_285,2294,8.0
tmdb_285,2321,8.0
tmdb_285,2325,6.0
tmdb_285,2355,8.0
tmdb_285,2371,8.0
tmdb_285,2395,8.0
tmdb_285,2459,8.0
tmdb_285,2460,10.0
tmdb_285,2470,4.0
tmdb_285,2502,8.0
tmdb_285,2539,8.0
tmdb_285,2616,2.0
tmdb_285,2617,6.0
tmdb_285,2640,6.0
tmdb_285,2642,4.0
tmdb_285,2657,8.0
tmdb_285,2761,10.0
tmdb_285,2791,4.0
tmdb_285,2860,6.0
tmdb_285,3033,8.0
tmdb_285,3034,8.0
tmdb_285,3052,10.0
tmdb_285,3063,6.0
tmdb_285,3087,6.0
tmdb_285,3175,6.0
tmdb_285,3476,10.0
tmdb_285,3489,4.0
tmdb_285,3699,6.0
tmdb_286,150,10.0
tmdb_286,344,4.0
tmdb_286,433,6.0
tmdb_286,577,6.0
tmdb_286,588,6.0
tmdb_286,1127,8.0
tmdb_286,1499,6.0
tmdb_286,1541,4.0
tmdb_286,1592,6.0
tmdb_286,1608,8.0
tmdb_286,1721,10.0
tmdb_286,1887,4.0
tmdb_286,1917,6.0
tmdb_286,2000,8.0
tmdb_286,2015,6.0
tmdb_286,2124,4.0
tmdb_286,2525,4.0
tmdb_286,2699,10.0
tmdb_286,2791,6.0
tmdb_287,2,10.0
tmdb_287,13,9.0
tmdb_287,260,8.0
tmdb_287,316,10.0
tmdb_287,329,9.0
tmdb_287,364,9.0
tmdb_287,480,10.0
tmdb_287,494,8.0
tmdb_287,588,10.0
tmdb_287,595,10.0
tmdb_287,616,9.0
tmdb_287,648,10.0
tmdb_287,653,10.0
tmdb_287,780,10.0
tmdb_287,911,10.0
tmdb_287,919,9.0
tmdb_287,924,1.0
tmdb_287,955,10.0
tmdb_287,1018,9.0
tmdb_287,1246,9.0
tmdb_287,1252,9.0
tmdb_287,1262,10.0
tmdb_287,1265,9.0
tmdb_287,1269,10.0
tmdb_287,1283,10.0
tmdb_287,1367,8.0
tmdb_287,1580,10.0
tmdb_287,1676,10.0
tmdb_287,1682,10.0
tmdb_287,1882,6.0
tmdb_287,1907,10.0
tmdb_287,1911,9.0
tmdb_287,1917,8.0
tmdb_287,1945,9.0
tmdb_287,2003,9.0
tmdb_287,2015,9.0
tmdb_287,2058,9.0
tmdb_287,2078,10.0
tmdb_287,2080,9.0
tmdb_287,2085,10.0
tmdb_287,2105,8.0
tmdb_287,2176,9.0
tmdb_287,2355,10.0
tmdb_287,2501,10.0
tmdb_287,2525,7.0
tmdb_287,2699,8.0
tmdb_287,2761,10.0
tmdb_287,3034,10.0
tmdb_287,3114,10.0
tmdb_287,3981,8.0
tmdb_287,4327,10.0
tmdb_287,4638,8.0
tmdb_287,4886,10.0
tmdb_287,4993,10.0
tmdb_287,6537,10.0
tmdb_287,6793,8.0
tmdb_287,6936,9.0
tmdb_287,6947,9.0
tmdb_287,8464,9.0
tmdb_287,8665,10.0
tmdb_287,8914,7.0
tmdb_287,8961,10.0
tmdb_287,8965,7.0
tmdb_287,25750,9.0
tmdb_287,42191,9.0
tmdb_287,58559,10.0
tmdb_287,72356,9.0
tmdb_287,86332,10.0
tmdb_287,98491,10.0
tmdb_288,2,8.0
tmdb_288,6,6.0
tmdb_288,19,10.0
tmdb_288,25,8.0
tmdb_288,105,6.0
tmdb_288,110,10.0
tmdb_288,150,6.0
tmdb_288,153,4.0
tmdb_288,158,10.0
tmdb_288,160,4.0
tmdb_288,161,6.0
tmdb_288,163,8.0
tmdb_288,165,8.0
tmdb_288,173,6.0
tmdb_288,185,6.0
tmdb_288,186,10.0
tmdb_288,204,10.0
tmdb_288,224,10.0
tmdb_288,227,10.0
tmdb_288,231,8.0
tmdb_288,256,8.0
tmdb_288,261,6.0
tmdb_288,276,8.0
tmdb_288,288,10.0
tmdb_288,292,6.0
tmdb_288,296,10.0
tmdb_288,315,6.0
tmdb_288,316,10.0
tmdb_288,337,8.0
tmdb_288,344,10.0
tmdb_288,350,6.0
tmdb_288,364,8.0
tmdb_288,377,6.0
tmdb_288,434,2.0
tmdb_288,440,8.0
tmdb_288,442,10.0
tmdb_288,454,8.0
tmdb_288,466,10.0
tmdb_288,480,8.0
tmdb_288,497,6.0
tmdb_288,500,6.0
tmdb_288,508,10.0
tmdb_288,527,10.0
tmdb_288,539,8.0
tmdb_288,552,10.0
tmdb_288,553,6.0
tmdb_288,588,6.0
tmdb_288,590,8.0
tmdb_288,592,4.0
tmdb_288,593,10.0
tmdb_288,594,4.0
tmdb_288,595,6.0
tmdb_288,597,6.0
tmdb_288,780,10.0
tmdb_289,837,8.0
tmdb_289,1125,6.0
tmdb_289,1366,6.0
tmdb_289,1367,8.0
tmdb_289,1713,6.0
tmdb_289,1717,1.0
tmdb_289,2142,9.0
tmdb_289,2687,8.0
tmdb_290,111,8.0
tmdb_290,145,9.0
tmdb_290,150,8.0
tmdb_290,165,9.0
tmdb_290,260,8.0
tmdb_290,293,10.0
tmdb_290,316,10.0
tmdb_290,329,10.0
tmdb_290,380,7.0
tmdb_290,455,6.0
tmdb_290,457,9.0
tmdb_290,616,10.0
tmdb_290,858,10.0
tmdb_290,1371,8.0
tmdb_290,1372,10.0
tmdb_290,1375,10.0
tmdb_290,1544,10.0
tmdb_290,1831,10.0
tmdb_290,1909,10.0
tmdb_290,2019,10.0
tmdb_290,2058,8.0
tmdb_290,2294,10.0
tmdb_290,2605,9.0
tmdb_290,2722,10.0
tmdb_290,4148,10.0
tmdb_290,4638,2.0
tmdb_290,4643,10.0
tmdb_290,4886,6.0
tmdb_290,4896,4.0
tmdb_290,4973,8.0
tmdb_290,5481,8.0
tmdb_290,45186,9.0
tmdb_290,46972,8.0
tmdb_291,163,6.0
tmdb_291,223,8.0
tmdb_291,249,7.0
tmdb_291,315,4.0
tmdb_291,318,10.0
tmdb_291,541,10.0
tmdb_291,552,6.0
tmdb_291,590,10.0
tmdb_291,941,9.0
tmdb_291,1073,10.0
tmdb_291,1090,9.0
tmdb_291,1127,9.0
tmdb_291,1259,10.0
tmdb_291,1358,8.0
tmdb_291,1374,8.0
tmdb_291,1380,8.0
tmdb_291,1396,8.0
tmdb_291,1485,5.0
tmdb_291,1610,8.0
tmdb_291,1639,7.0
tmdb_291,1732,6.0
tmdb_291,1954,8.0
tmdb_291,1994,9.0
tmdb_291,2012,7.0
tmdb_291,2028,9.0
tmdb_291,2114,9.0
tmdb_291,2140,10.0
tmdb_291,2302,5.0
tmdb_291,2617,8.0
tmdb_291,2699,6.0
tmdb_291,2762,9.0
tmdb_291,4105,9.0
tmdb_291,5060,9.0
tmdb_291,8341,10.0
tmdb_292,2,7.0
tmdb_292,5,8.0
tmdb_292,11,9.0
tmdb_292,16,9.0
tmdb_292,62,8.0
tmdb_292,70,7.0
tmdb_292,95,7.0
tmdb_292,110,8.0
tmdb_292,141,8.0
tmdb_292,150,8.0
tmdb_292,153,7.0
tmdb_292,158,8.0
tmdb_292,173,6.0
tmdb_292,180,9.0
tmdb_292,185,6.0
tmdb_292,223,8.0
tmdb_292,231,6.0
tmdb_292,236,6.0
tmdb_292,260,9.0
tmdb_292,261,8.0
tmdb_292,262,9.0
tmdb_292,277,8.0
tmdb_292,292,9.0
tmdb_292,296,10.0
tmdb_292,318,10.0
tmdb_292,337,9.0
tmdb_292,339,7.0
tmdb_292,364,8.0
tmdb_292,377,8.0
tmdb_292,380,9.0
tmdb_292,410,8.0
tmdb_292,434,6.0
tmdb_292,441,9.0
tmdb_292,442,6.0
tmdb_292,454,8.0
tmdb_292,457,8.0
tmdb_292,466,5.0
tmdb_292,480,7.0
tmdb_292,500,7.0
tmdb_292,508,7.0
tmdb_292,527,10.0
tmdb_292,539,7.0
tmdb_292,575,8.0
tmdb_292,586,7.0
tmdb_292,587,8.0
tmdb_292,588,8.0
tmdb_292,590,6.0
tmdb_292,592,7.0
tmdb_292,593,9.0
tmdb_292,595,8.0
tmdb_292,597,9.0
tmdb_292,608,9.0
tmdb_292,628,7.0
tmdb_292,648,8.0
tmdb_292,780,9.0
tmdb_292,784,1.0
tmdb_292,786,6.0
tmdb_292,805,8.0
tmdb_292,832,8.0
tmdb_292,838,8.0
tmdb_292,858,9.0
tmdb_292,902,8.0
tmdb_292,919,10.0
tmdb_292,934,9.0
tmdb_292,1059,10.0
tmdb_292,1073,9.0
tmdb_292,1091,7.0
tmdb_292,1265,7.0
tmdb_292,1271,10.0
tmdb_292,1285,8.0
tmdb_292,1358,6.0
tmdb_292,1380,8.0
tmdb_292,1393,9.0
tmdb_292,1407,6.0
tmdb_292,1485,5.0
tmdb_292,1580,7.0
tmdb_292,1639,7.0
tmdb_292,1653,8.0
tmdb_292,1672,8.0
tmdb_292,1678,9.0
tmdb_292,1680,9.0
tmdb_292,1682,8.0
tmdb_292,1721,9.0
tmdb_292,1722,8.0
tmdb_292,1917,8.0
tmdb_292,1923,8.0
tmdb_292,1947,10.0
tmdb_292,1961,10.0
tmdb_292,1968,10.0
tmdb_292,2000,8.0
tmdb_292,2001,7.0
tmdb_292,2005,9.0
tmdb_292,2028,7.0
tmdb_292,2100,8.0
tmdb_292,2114,8.0
tmdb_292,2115,9.0
tmdb_292,2144,9.0
tmdb_292,2161,7.0
tmdb_292,2268,8.0
tmdb_292,2291,10.0
tmdb_292,2297,10.0
tmdb_292,2302,9.0
tmdb_292,2321,9.0
tmdb_292,2355,8.0
tmdb_292,2501,9.0
tmdb_292,2502,9.0
tmdb_292,2671,9.0
tmdb_292,2762,9.0
tmdb_292,2841,6.0
tmdb_292,2959,10.0
tmdb_292,3052,9.0
tmdb_292,3053,6.0
tmdb_292,3078,7.0
tmdb_292,3176,7.0
tmdb_292,3418,6.0
tmdb_292,4034,6.0
tmdb_292,4148,8.0
tmdb_292,4587,7.0
tmdb_292,4676,7.0
tmdb_292,4787,8.0
tmdb_292,4886,9.0
tmdb_292,4896,7.0
tmdb_292,4993,8.0
tmdb_292,4995,8.0
tmdb_292,5066,8.0
tmdb_292,5693,8.0
tmdb_292,5816,4.0
tmdb_292,5991,9.0
tmdb_292,6934,8.0
tmdb_292,8366,8.0
tmdb_292,8373,7.0
tmdb_292,8961,9.0
tmdb_292,33166,7.0
tmdb_292,41566,9.0
tmdb_293,76,7.0
tmdb_293,110,7.0
tmdb_293,147,8.0
tmdb_293,247,4.0
tmdb_293,260,5.0
tmdb_293,345,7.0
tmdb_293,435,6.0
tmdb_293,442,4.0
tmdb_293,497,8.0
tmdb_293,541,7.0
tmdb_293,594,1.0
tmdb_293,653,7.0
tmdb_293,750,8.0
tmdb_293,924,8.0
tmdb_293,1073,1.0
tmdb_293,1278,8.0
tmdb_293,1374,6.0
tmdb_293,1376,8.0
tmdb_293,1407,7.0
tmdb_293,1641,8.0
tmdb_293,1676,4.0
tmdb_293,1690,4.0
tmdb_293,1717,7.0
tmdb_293,1923,7.0
tmdb_293,1968,9.0
tmdb_293,2116,6.0
tmdb_293,2291,10.0
tmdb_293,2355,9.0
tmdb_293,2788,8.0
tmdb_293,3114,6.0
tmdb_293,3176,3.0
tmdb_293,3479,4.0
tmdb_293,4369,10.0
tmdb_293,4584,10.0
tmdb_293,4886,6.0
tmdb_293,4896,8.0
tmdb_293,4993,8.0
tmdb_293,4995,8.0
tmdb_293,5991,7.0
tmdb_294,5,7.0
tmdb_294,11,6.0
tmdb_294,12,8.0
tmdb_294,17,8.0
tmdb_294,26,7.0
tmdb_294,28,9.0
tmdb_294,62,7.0
tmdb_294,73,8.0
tmdb_294,104,7.0
tmdb_294,107,8.0
tmdb_294,110,6.0
tmdb_294,112,6.0
tmdb_294,153,8.0
tmdb_294,160,7.0
tmdb_294,163,8.0
tmdb_294,165,6.0
tmdb_294,168,6.0
tmdb_294,170,6.0
tmdb_294,185,7.0
tmdb_294,193,6.0
tmdb_294,203,8.0
tmdb_294,207,6.0
tmdb_294,224,8.0
tmdb_294,225,6.0
tmdb_294,234,6.0
tmdb_294,235,6.0
tmdb_294,236,8.0
tmdb_294,237,9.0
tmdb_294,252,9.0
tmdb_294,253,6.0
tmdb_294,260,8.0
tmdb_294,261,7.0
tmdb_294,262,7.0
tmdb_294,265,6.0
tmdb_294,289,8.0
tmdb_294,292,6.0
tmdb_294,300,7.0
tmdb_294,313,8.0
tmdb_294,317,7.0
tmdb_294,318,6.0
tmdb_294,329,6.0
tmdb_294,338,7.0
tmdb_294,339,9.0
tmdb_294,342,5.0
tmdb_294,364,9.0
tmdb_294,377,8.0
tmdb_294,380,8.0
tmdb_294,405,5.0
tmdb_294,410,8.0
tmdb_294,435,6.0
tmdb_294,440,9.0
tmdb_294,445,6.0
tmdb_294,454,7.0
tmdb_294,455,7.0
tmdb_294,457,7.0
tmdb_294,466,7.0
tmdb_294,468,8.0
tmdb_294,480,8.0
tmdb_294,497,10.0
tmdb_294,500,8.0
tmdb_294,502,5.0
tmdb_294,513,6.0
tmdb_294,524,7.0
tmdb_294,527,8.0
tmdb_294,531,7.0
tmdb_294,539,8.0
tmdb_294,541,7.0
tmdb_294,543,6.0
tmdb_294,546,5.0
tmdb_294,551,7.0
tmdb_294,552,9.0
tmdb_294,553,6.0
tmdb_294,585,8.0
tmdb_294,586,6.0
tmdb_294,587,6.0
tmdb_294,588,10.0
tmdb_294,590,6.0
tmdb_294,592,6.0
tmdb_294,594,8.0
tmdb_294,595,10.0
tmdb_294,596,6.0
tmdb_294,597,6.0
tmdb_294,605,8.0
tmdb_294,616,8.0
tmdb_294,619,7.0
tmdb_294,637,6.0
tmdb_294,648,8.0
tmdb_294,650,7.0
tmdb_294,653,6.0
tmdb_294,674,6.0
tmdb_294,708,8.0
tmdb_294,709,6.0
tmdb_294,745,10.0
tmdb_294,750,6.0
tmdb_294,761,6.0
tmdb_294,780,9.0
tmdb_294,783,6.0
tmdb_294,802,4.0
tmdb_294,805,7.0
tmdb_294,818,6.0
tmdb_294,830,8.0
tmdb_294,833,4.0
tmdb_294,838,9.0
tmdb_294,879,5.0
tmdb_294,898,8.0
tmdb_294,899,10.0
tmdb_294,900,10.0
tmdb_294,901,7.0
tmdb_294,902,4.0
tmdb_294,903,7.0
tmdb_294,907,8.0
tmdb_294,910,8.0
tmdb_294,911,9.0
tmdb_294,912,8.0
tmdb_294,913,6.0
tmdb_294,914,7.0
tmdb_294,916,8.0
tmdb_294,917,7.0
tmdb_294,918,4.0
tmdb_294,919,8.0
tmdb_294,920,8.0
tmdb_294,926,8.0
tmdb_294,931,6.0
tmdb_294,932,6.0
tmdb_294,935,7.0
tmdb_294,938,6.0
tmdb_294,955,9.0
tmdb_294,1018,8.0
tmdb_294,1023,7.0
tmdb_294,1024,6.0
tmdb_294,1073,8.0
tmdb_294,1088,7.0
tmdb_294,1092,6.0
tmdb_294,1125,8.0
tmdb_294,1265,6.0
tmdb_294,1269,10.0
tmdb_294,1271,6.0
tmdb_294,1278,9.0
tmdb_294,1282,9.0
tmdb_294,1285,6.0
tmdb_294,1363,8.0
tmdb_294,1366,8.0
tmdb_294,1370,5.0
tmdb_294,1377,6.0
tmdb_294,1380,9.0
tmdb_294,1381,8.0
tmdb_294,1387,6.0
tmdb_294,1391,6.0
tmdb_294,1396,8.0
tmdb_294,1407,7.0
tmdb_294,1416,9.0
tmdb_294,1441,6.0
tmdb_294,1485,8.0
tmdb_294,1544,6.0
tmdb_294,1552,8.0
tmdb_294,1562,5.0
tmdb_294,1566,6.0
tmdb_294,1580,9.0
tmdb_294,1584,7.0
tmdb_294,1593,6.0
tmdb_294,1597,8.0
tmdb_294,1608,7.0
tmdb_294,1610,7.0
tmdb_294,1645,6.0
tmdb_294,1653,7.0
tmdb_294,1672,8.0
tmdb_294,1678,8.0
tmdb_294,1682,8.0
tmdb_294,1688,9.0
tmdb_294,1713,4.0
tmdb_294,1717,7.0
tmdb_294,1721,7.0
tmdb_294,1722,6.0
tmdb_294,1779,8.0
tmdb_294,1858,5.0
tmdb_294,1888,6.0
tmdb_294,1894,8.0
tmdb_294,1907,8.0
tmdb_294,1934,6.0
tmdb_294,1947,8.0
tmdb_294,1949,8.0
tmdb_294,1956,7.0
tmdb_294,1967,7.0
tmdb_294,1968,7.0
tmdb_294,1994,6.0
tmdb_294,2005,7.0
tmdb_294,2006,9.0
tmdb_294,2013,4.0
tmdb_294,2017,6.0
tmdb_294,2018,6.0
tmdb_294,2038,6.0
tmdb_294,2039,7.0
tmdb_294,2042,7.0
tmdb_294,2045,6.0
tmdb_294,2046,7.0
tmdb_294,2048,9.0
tmdb_294,2054,8.0
tmdb_294,2057,7.0
tmdb_294,2058,6.0
tmdb_294,2059,8.0
tmdb_294,2078,6.0
tmdb_294,2080,8.0
tmdb_294,2082,7.0
tmdb_294,2085,6.0
tmdb_294,2087,8.0
tmdb_294,2089,8.0
tmdb_294,2093,6.0
tmdb_294,2094,6.0
tmdb_294,2099,4.0
tmdb_294,2100,5.0
tmdb_294,2102,6.0
tmdb_294,2105,7.0
tmdb_294,2109,7.0
tmdb_294,2115,9.0
tmdb_294,2116,6.0
tmdb_294,2123,4.0
tmdb_294,2124,8.0
tmdb_294,2125,9.0
tmdb_294,2140,8.0
tmdb_294,2141,6.0
tmdb_294,2142,6.0
tmdb_294,2143,7.0
tmdb_294,2144,7.0
tmdb_294,2151,9.0
tmdb_294,2153,5.0
tmdb_294,2160,7.0
tmdb_294,2161,7.0
tmdb_294,2163,7.0
tmdb_294,2168,9.0
tmdb_294,2193,7.0
tmdb_294,2253,6.0
tmdb_294,2259,4.0
tmdb_294,2291,7.0
tmdb_294,2321,8.0
tmdb_294,2335,7.0
tmdb_294,2355,8.0
tmdb_294,2457,4.0
tmdb_294,2501,8.0
tmdb_294,2502,8.0
tmdb_294,2528,5.0
tmdb_294,2565,8.0
tmdb_294,2567,6.0
tmdb_294,2605,9.0
tmdb_294,2616,6.0
tmdb_294,2617,9.0
tmdb_294,2640,6.0
tmdb_294,2657,6.0
tmdb_294,2671,6.0
tmdb_294,2687,6.0
tmdb_294,2690,10.0
tmdb_294,2748,7.0
tmdb_294,2759,8.0
tmdb_294,2791,8.0
tmdb_294,2805,8.0
tmdb_294,2926,8.0
tmdb_294,2989,5.0
tmdb_294,2990,5.0
tmdb_294,2993,5.0
tmdb_294,3033,8.0
tmdb_294,3034,9.0
tmdb_294,3052,8.0
tmdb_294,3054,9.0
tmdb_294,3079,7.0
tmdb_294,3082,7.0
tmdb_294,3107,4.0
tmdb_294,3114,8.0
tmdb_294,3175,9.0
tmdb_294,3396,8.0
tmdb_294,3397,9.0
tmdb_294,3489,6.0
tmdb_294,3512,10.0
tmdb_294,3520,8.0
tmdb_294,3536,9.0
tmdb_294,3549,8.0
tmdb_294,3594,9.0
tmdb_294,3604,6.0
tmdb_294,3635,5.0
tmdb_294,3638,6.0
tmdb_294,3699,5.0
tmdb_294,3877,6.0
tmdb_294,4024,5.0
tmdb_294,4025,9.0
tmdb_294,4133,4.0
tmdb_294,4141,7.0
tmdb_294,4169,9.0
tmdb_294,4228,7.0
tmdb_294,4248,8.0
tmdb_294,4291,8.0
tmdb_294,4499,9.0
tmdb_294,4519,6.0
tmdb_294,4587,7.0
tmdb_294,4639,6.0
tmdb_294,4701,8.0
tmdb_294,4816,8.0
tmdb_294,4823,9.0
tmdb_294,4857,6.0
tmdb_294,4886,9.0
tmdb_294,4887,5.0
tmdb_294,4896,8.0
tmdb_294,4912,8.0
tmdb_294,4974,6.0
tmdb_294,4993,8.0
tmdb_294,4995,6.0
tmdb_294,5038,8.0
tmdb_294,5064,8.0
tmdb_294,5168,9.0
tmdb_294,5279,6.0
tmdb_294,5375,6.0
tmdb_294,5460,5.0
tmdb_294,5481,8.0
tmdb_294,5620,9.0
tmdb_294,5693,4.0
tmdb_294,5747,7.0
tmdb_294,5816,8.0
tmdb_294,5955,8.0
tmdb_294,5991,9.0
tmdb_294,6182,8.0
tmdb_294,6183,9.0
tmdb_294,6373,8.0
tmdb_294,6414,7.0
tmdb_294,6535,8.0
tmdb_294,6593,8.0
tmdb_294,6646,6.0
tmdb_294,6723,7.0
tmdb_294,6970,8.0
tmdb_294,6974,8.0
tmdb_294,7294,6.0
tmdb_294,7303,8.0
tmdb_294,7451,8.0
tmdb_294,7454,9.0
tmdb_294,7916,7.0
tmdb_294,8008,8.0
tmdb_294,8373,8.0
tmdb_294,8460,8.0
tmdb_294,8464,9.0
tmdb_294,8665,8.0
tmdb_294,8833,8.0
tmdb_294,8874,7.0
tmdb_294,8879,8.0
tmdb_294,8916,8.0
tmdb_294,8961,9.0
tmdb_294,8970,8.0
tmdb_294,8981,7.0
tmdb_294,8983,8.0
tmdb_294,8986,8.0
tmdb_294,8988,8.0
tmdb_294,8989,8.0
tmdb_294,8998,8.0
tmdb_294,8999,8.0
tmdb_294,26386,8.0
tmdb_294,26680,7.0
tmdb_294,27706,8.0
tmdb_294,30793,7.0
tmdb_294,31221,8.0
tmdb_294,31685,8.0
tmdb_294,31694,9.0
tmdb_294,31696,8.0
tmdb_294,39435,8.0
tmdb_294,40815,9.0
tmdb_294,41566,10.0
tmdb_294,41571,8.0
tmdb_294,42732,9.0
tmdb_294,42738,8.0
tmdb_295,6,9.0
tmdb_295,95,8.0
tmdb_295,110,8.0
tmdb_295,112,6.0
tmdb_295,150,9.0
tmdb_295,153,6.0
tmdb_295,163,9.0
tmdb_295,165,8.0
tmdb_295,185,7.0
tmdb_295,186,7.0
tmdb_295,231,8.0
tmdb_295,260,10.0
tmdb_295,292,6.0
tmdb_295,293,9.0
tmdb_295,296,8.0
tmdb_295,315,7.0
tmdb_295,316,9.0
tmdb_295,318,9.0
tmdb_295,339,7.0
tmdb_295,344,9.0
tmdb_295,364,8.0
tmdb_295,377,8.0
tmdb_295,380,8.0
tmdb_295,434,8.0
tmdb_295,457,9.0
tmdb_295,466,8.0
tmdb_295,475,8.0
tmdb_295,480,9.0
tmdb_295,500,9.0
tmdb_295,527,9.0
tmdb_295,539,8.0
tmdb_295,541,7.0
tmdb_295,588,9.0
tmdb_295,590,8.0
tmdb_295,592,9.0
tmdb_295,593,9.0
tmdb_295,595,8.0
tmdb_295,597,9.0
tmdb_295,608,8.0
tmdb_295,628,8.0
tmdb_295,648,9.0
tmdb_295,778,6.0
tmdb_295,780,8.0
tmdb_295,832,9.0
tmdb_295,858,10.0
tmdb_295,912,8.0
tmdb_295,919,8.0
tmdb_295,924,8.0
tmdb_295,1089,4.0
tmdb_295,1127,6.0
tmdb_295,1246,8.0
tmdb_295,1278,7.0
tmdb_295,1387,8.0
tmdb_295,1393,10.0
tmdb_295,1396,5.0
tmdb_295,1485,8.0
tmdb_295,1580,9.0
tmdb_295,1584,9.0
tmdb_295,1672,8.0
tmdb_295,1682,6.0
tmdb_295,1721,8.0
tmdb_295,1907,8.0
tmdb_295,1923,9.0
tmdb_295,1954,8.0
tmdb_295,1961,9.0
tmdb_295,1967,8.0
tmdb_295,2011,8.0
tmdb_295,2028,9.0
tmdb_295,2058,8.0
tmdb_295,2115,8.0
tmdb_295,2161,8.0
tmdb_295,2193,8.0
tmdb_295,2268,10.0
tmdb_295,2294,6.0
tmdb_295,2302,10.0
tmdb_295,2321,8.0
tmdb_295,2324,8.0
tmdb_295,2355,8.0
tmdb_295,2502,8.0
tmdb_295,2640,7.0
tmdb_295,2699,7.0
tmdb_295,2762,9.0
tmdb_295,2791,7.0
tmdb_295,2841,8.0
tmdb_295,2959,8.0
tmdb_295,3160,6.0
tmdb_295,3175,6.0
tmdb_295,3479,7.0
tmdb_295,4025,6.0
tmdb_295,4105,4.0
tmdb_295,4886,9.0
tmdb_295,4896,9.0
tmdb_295,4993,10.0
tmdb_295,4995,9.0
tmdb_295,5816,8.0
tmdb_295,7348,8.0
tmdb_295,7445,7.0
tmdb_295,8665,7.0
tmdb_295,8810,6.0
tmdb_295,8884,8.0
tmdb_295,8908,6.0
tmdb_295,8961,9.0
tmdb_295,32302,4.0
tmdb_296,575,10.0
tmdb_296,588,10.0
tmdb_296,833,9.0
tmdb_296,1441,8.0
tmdb_296,2109,7.0
tmdb_296,3396,7.0
tmdb_296,4247,1.0
tmdb_296,4973,7.0
tmdb_296,56152,10.0
tmdb_297,65,1.0
tmdb_297,104,4.0
tmdb_297,111,7.0
tmdb_297,223,10.0
tmdb_297,260,8.0
tmdb_297,296,9.0
tmdb_297,593,7.0
tmdb_297,608,4.0
tmdb_297,750,9.0
tmdb_297,858,10.0
tmdb_297,910,8.0
tmdb_297,1089,9.0
tmdb_297,1103,4.0
tmdb_297,1244,8.0
tmdb_297,1247,10.0
tmdb_297,1251,10.0
tmdb_297,1265,9.0
tmdb_297,1281,8.0
tmdb_297,1562,1.0
tmdb_297,1732,9.0
tmdb_297,1923,4.0
tmdb_297,1927,9.0
tmdb_297,1968,6.0
tmdb_297,2019,10.0
tmdb_297,2300,8.0
tmdb_297,2502,6.0
tmdb_297,2642,2.0
tmdb_297,2761,7.0
tmdb_297,2959,8.0
tmdb_297,3022,9.0
tmdb_297,3033,6.0
tmdb_297,4973,9.0
tmdb_297,5147,9.0
tmdb_297,6016,7.0
tmdb_297,8275,7.0
tmdb_297,8961,7.0
tmdb_297,8970,8.0
tmdb_297,25750,6.0
tmdb_297,25769,6.0
tmdb_297,25771,8.0
tmdb_297,47518,4.0
tmdb_297,58559,8.0
tmdb_298,2,10.0
tmdb_298,6,7.0
tmdb_298,19,8.0
tmdb_298,260,8.0
tmdb_298,318,10.0
tmdb_298,608,10.0
tmdb_298,778,10.0
tmdb_298,1682,8.0
tmdb_298,2000,10.0
tmdb_298,2232,10.0
tmdb_298,3581,10.0
tmdb_298,4886,10.0
tmdb_298,4993,6.0
tmdb_298,5971,10.0
tmdb_298,6283,10.0
tmdb_298,31658,10.0
tmdb_298,58559,8.0
tmdb_298,74458,10.0
tmdb_298,74727,10.0
tmdb_298,98491,10.0
tmdb_299,16,9.0
tmdb_299,70,9.0
tmdb_299,111,9.0
tmdb_299,117,8.0
tmdb_299,163,9.0
tmdb_299,166,10.0
tmdb_299,175,8.0
tmdb_299,178,7.0
tmdb_299,180,7.0
tmdb_299,223,9.0
tmdb_299,235,10.0
tmdb_299,247,8.0
tmdb_299,288,10.0
tmdb_299,296,6.0
tmdb_299,347,8.0
tmdb_299,488,7.0
tmdb_299,532,7.0
tmdb_299,541,8.0
tmdb_299,562,7.0
tmdb_299,581,9.0
tmdb_299,592,8.0
tmdb_299,599,9.0
tmdb_299,608,10.0
tmdb_299,714,9.0
tmdb_299,839,7.0
tmdb_299,849,7.0
tmdb_299,910,6.0
tmdb_299,922,10.0
tmdb_299,968,8.0
tmdb_299,1089,9.0
tmdb_299,1090,8.0
tmdb_299,1093,9.0
tmdb_299,1114,7.0
tmdb_299,1213,10.0
tmdb_299,1245,8.0
tmdb_299,1252,10.0
tmdb_299,1273,10.0
tmdb_299,1279,8.0
tmdb_299,1361,9.0
tmdb_299,1377,8.0
tmdb_299,1391,9.0
tmdb_299,1394,8.0
tmdb_299,1419,10.0
tmdb_299,1483,9.0
tmdb_299,1611,10.0
tmdb_299,1627,5.0
tmdb_299,1639,7.0
tmdb_299,1673,9.0
tmdb_299,1690,7.0
tmdb_299,1729,8.0
tmdb_299,1732,10.0
tmdb_299,1785,8.0
tmdb_299,1884,8.0
tmdb_299,1921,10.0
tmdb_299,1924,8.0
tmdb_299,1965,10.0
tmdb_299,2021,5.0
tmdb_299,2022,9.0
tmdb_299,2160,10.0
tmdb_299,2282,9.0
tmdb_299,2291,8.0
tmdb_299,2313,9.0
tmdb_299,2348,10.0
tmdb_299,2428,7.0
tmdb_299,2440,10.0
tmdb_299,2455,10.0
tmdb_299,2459,9.0
tmdb_299,2926,8.0
tmdb_299,2976,10.0
tmdb_299,3019,8.0
tmdb_299,3052,9.0
tmdb_299,3083,10.0
tmdb_299,3160,7.0
tmdb_299,3683,9.0
tmdb_299,4518,9.0
tmdb_299,4552,10.0
tmdb_299,4612,9.0
tmdb_299,4643,1.0
tmdb_299,4658,9.0
tmdb_299,4734,6.0
tmdb_299,4973,6.0
tmdb_299,5473,10.0
tmdb_299,5780,9.0
tmdb_299,5902,8.0
tmdb_299,5956,10.0
tmdb_299,5995,10.0
tmdb_299,6114,7.0
tmdb_299,6440,8.0
tmdb_299,8872,7.0
tmdb_299,8892,8.0
tmdb_299,8906,8.0
tmdb_299,8923,9.0
tmdb_299,8938,10.0
tmdb_299,8973,7.0
tmdb_299,25744,9.0
tmdb_299,25771,10.0
tmdb_299,26258,10.0
tmdb_299,26326,10.0
tmdb_299,26655,9.0
tmdb_299,26680,8.0
tmdb_299,26809,9.0
tmdb_299,26810,9.0
tmdb_299,26974,7.0
tmdb_299,27322,7.0
tmdb_299,27721,9.0
tmdb_299,30793,2.0
tmdb_299,31270,9.0
tmdb_299,31682,9.0
tmdb_299,33138,10.0
tmdb_299,34326,10.0
tmdb_299,46976,8.0
tmdb_299,50011,9.0
tmdb_299,59387,7.0
tmdb_299,62764,9.0
tmdb_299,74458,7.0
tmdb_299,77291,10.0
tmdb_299,80219,9.0
tmdb_299,87884,7.0
tmdb_300,110,10.0
tmdb_300,150,9.0
tmdb_300,260,8.0
tmdb_300,480,10.0
tmdb_300,588,4.0
tmdb_300,593,9.0
tmdb_300,1370,8.0
tmdb_300,1391,8.0
tmdb_300,1562,7.0
tmdb_300,1608,8.0
tmdb_300,1917,10.0
tmdb_300,1918,7.0
tmdb_300,1997,6.0
tmdb_300,2001,7.0
tmdb_300,2006,7.0
tmdb_300,2012,6.0
tmdb_300,2617,8.0
tmdb_301,107,2.0
tmdb_301,203,8.0
tmdb_301,262,4.0
tmdb_301,1429,1.0
tmdb_301,1835,10.0
tmdb_301,2088,6.0
tmdb_301,3591,4.0
tmdb_302,158,6.0
tmdb_302,165,6.0
tmdb_302,168,6.0
tmdb_302,186,6.0
tmdb_302,225,6.0
tmdb_302,236,8.0
tmdb_302,256,6.0
tmdb_302,315,6.0
tmdb_302,316,6.0
tmdb_302,364,6.0
tmdb_302,435,4.0
tmdb_302,457,8.0
tmdb_302,466,6.0
tmdb_302,480,8.0
tmdb_302,509,10.0
tmdb_302,539,8.0
tmdb_302,586,8.0
tmdb_302,587,6.0
tmdb_302,588,8.0
tmdb_302,590,8.0
tmdb_302,592,6.0
tmdb_302,593,10.0
tmdb_302,594,6.0
tmdb_302,595,8.0
tmdb_302,596,8.0
tmdb_302,597,6.0
tmdb_302,616,6.0
tmdb_303,25,7.0
tmdb_303,62,7.0
tmdb_303,223,8.0
tmdb_303,253,6.0
tmdb_303,256,5.0
tmdb_303,260,8.0
tmdb_303,265,7.0
tmdb_303,288,7.0
tmdb_303,296,8.0
tmdb_303,318,9.0
tmdb_303,339,6.0
tmdb_303,377,5.0
tmdb_303,380,7.0
tmdb_303,440,8.0
tmdb_303,500,5.0
tmdb_303,508,6.0
tmdb_303,509,7.0
tmdb_303,527,8.0
tmdb_303,539,6.0
tmdb_303,586,2.0
tmdb_303,587,6.0
tmdb_303,590,7.0
tmdb_303,592,5.0
tmdb_303,593,8.0
tmdb_303,594,7.0
tmdb_303,595,5.0
tmdb_303,597,6.0
tmdb_303,608,8.0
tmdb_303,750,7.0
tmdb_303,778,8.0
tmdb_303,780,6.0
tmdb_303,858,8.0
tmdb_303,919,8.0
tmdb_303,920,9.0
tmdb_303,953,8.0
tmdb_303,1059,6.0
tmdb_303,1073,7.0
tmdb_303,1088,6.0
tmdb_303,1089,10.0
tmdb_303,1090,7.0
tmdb_303,1092,6.0
tmdb_303,1093,7.0
tmdb_303,1213,9.0
tmdb_303,1246,10.0
tmdb_303,1247,8.0
tmdb_303,1259,9.0
tmdb_303,1265,10.0
tmdb_303,1285,7.0
tmdb_303,1380,10.0
tmdb_303,1394,8.0
tmdb_303,1580,7.0
tmdb_303,1610,6.0
tmdb_303,1639,6.0
tmdb_303,1682,8.0
tmdb_303,1721,6.0
tmdb_303,1732,9.0
tmdb_303,1954,7.0
tmdb_303,1961,8.0
tmdb_303,1968,7.0
tmdb_303,1994,6.0
tmdb_303,1997,7.0
tmdb_303,2000,4.0
tmdb_303,2001,4.0
tmdb_303,2005,8.0
tmdb_303,2011,9.0
tmdb_303,2012,9.0
tmdb_303,2028,7.0
tmdb_303,2054,6.0
tmdb_303,2100,6.0
tmdb_303,2115,9.0
tmdb_303,2193,6.0
tmdb_303,2291,7.0
tmdb_303,2300,8.0
tmdb_303,2302,9.0
tmdb_303,2355,5.0
tmdb_303,2455,7.0
tmdb_303,2470,7.0
tmdb_303,2539,7.0
tmdb_303,2640,6.0
tmdb_303,2657,9.0
tmdb_303,2762,4.0
tmdb_303,2791,7.0
tmdb_303,2959,8.0
tmdb_303,3033,6.0
tmdb_303,3052,9.0
tmdb_303,3396,9.0
tmdb_303,3418,7.0
tmdb_303,4011,10.0
tmdb_303,4226,7.0
tmdb_303,4886,6.0
tmdb_303,4896,8.0
tmdb_303,4973,7.0
tmdb_303,4975,7.0
tmdb_303,4995,8.0
tmdb_303,5816,8.0
tmdb_303,5902,8.0
tmdb_303,5991,8.0
tmdb_303,5995,7.0
tmdb_303,8464,8.0
tmdb_303,30707,9.0
tmdb_303,33166,7.0
tmdb_303,40815,8.0
tmdb_304,14,8.0
tmdb_304,25,10.0
tmdb_304,150,8.0
tmdb_304,175,9.0
tmdb_304,185,7.0
tmdb_304,223,10.0
tmdb_304,235,10.0
tmdb_304,260,6.0
tmdb_304,296,10.0
tmdb_304,300,9.0
tmdb_304,318,10.0
tmdb_304,344,3.0
tmdb_304,364,4.0
tmdb_304,527,1.0
tmdb_304,595,3.0
tmdb_304,608,10.0
tmdb_304,778,10.0
tmdb_304,912,8.0
tmdb_304,914,8.0
tmdb_304,923,9.0
tmdb_304,924,10.0
tmdb_304,1089,10.0
tmdb_304,1091,3.0
tmdb_304,1282,6.0
tmdb_304,1381,4.0
tmdb_304,1394,7.0
tmdb_304,1499,1.0
tmdb_304,1653,10.0
tmdb_304,1732,10.0
tmdb_304,1873,6.0
tmdb_304,1884,10.0
tmdb_304,1885,10.0
tmdb_304,1921,9.0
tmdb_304,1968,7.0
tmdb_304,2019,9.0
tmdb_304,2064,8.0
tmdb_304,2109,7.0
tmdb_304,2294,7.0
tmdb_304,2528,8.0
tmdb_304,2926,9.0
tmdb_304,3077,8.0
tmdb_304,4993,5.0
tmdb_304,5995,3.0
tmdb_304,6934,4.0
tmdb_304,7090,10.0
tmdb_304,7300,7.0
tmdb_305,112,6.0
tmdb_305,153,6.0
tmdb_305,164,6.0
tmdb_305,296,6.0
tmdb_305,306,8.0
tmdb_305,307,8.0
tmdb_305,318,6.0
tmdb_305,347,8.0
tmdb_305,380,4.0
tmdb_305,434,6.0
tmdb_305,480,4.0
tmdb_305,541,8.0
tmdb_305,546,2.0
tmdb_305,590,6.0
tmdb_305,608,4.0
tmdb_305,711,2.0
tmdb_305,1125,2.0
tmdb_305,1252,6.0
tmdb_305,1267,8.0
tmdb_305,1499,2.0
tmdb_305,1544,4.0
tmdb_305,1580,6.0
tmdb_305,1783,6.0
tmdb_306,2,8.0
tmdb_306,5,4.0
tmdb_306,11,8.0
tmdb_306,14,6.0
tmdb_306,16,8.0
tmdb_306,17,8.0
tmdb_306,19,8.0
tmdb_306,21,8.0
tmdb_306,25,8.0
tmdb_306,35,6.0
tmdb_306,62,6.0
tmdb_306,74,4.0
tmdb_306,88,6.0
tmdb_306,105,4.0
tmdb_306,110,6.0
tmdb_306,132,6.0
tmdb_306,135,2.0
tmdb_306,140,6.0
tmdb_306,141,8.0
tmdb_306,144,6.0
tmdb_306,150,8.0
tmdb_306,160,2.0
tmdb_306,161,4.0
tmdb_306,165,8.0
tmdb_306,176,6.0
tmdb_306,179,6.0
tmdb_306,185,6.0
tmdb_306,186,6.0
tmdb_306,193,4.0
tmdb_306,195,4.0
tmdb_306,196,2.0
tmdb_306,206,4.0
tmdb_306,207,8.0
tmdb_306,218,6.0
tmdb_306,222,6.0
tmdb_306,223,6.0
tmdb_306,224,8.0
tmdb_306,225,6.0
tmdb_306,231,10.0
tmdb_306,236,4.0
tmdb_306,237,8.0
tmdb_306,252,6.0
tmdb_306,253,6.0
tmdb_306,256,6.0
tmdb_306,260,10.0
tmdb_306,265,8.0
tmdb_306,266,6.0
tmdb_306,278,4.0
tmdb_306,280,6.0
tmdb_306,288,6.0
tmdb_306,289,6.0
tmdb_306,292,6.0
tmdb_306,296,8.0
tmdb_306,299,8.0
tmdb_306,300,8.0
tmdb_306,312,6.0
tmdb_306,316,6.0
tmdb_306,318,10.0
tmdb_306,319,8.0
tmdb_306,337,6.0
tmdb_306,339,6.0
tmdb_306,342,6.0
tmdb_306,344,8.0
tmdb_306,345,8.0
tmdb_306,349,8.0
tmdb_306,350,6.0
tmdb_306,364,8.0
tmdb_306,377,8.0
tmdb_306,378,6.0
tmdb_306,380,10.0
tmdb_306,381,6.0
tmdb_306,410,6.0
tmdb_306,414,6.0
tmdb_306,422,6.0
tmdb_306,423,6.0
tmdb_306,427,4.0
tmdb_306,436,6.0
tmdb_306,440,10.0
tmdb_306,453,4.0
tmdb_306,454,8.0
tmdb_306,455,6.0
tmdb_306,457,8.0
tmdb_306,475,8.0
tmdb_306,480,6.0
tmdb_306,490,6.0
tmdb_306,492,8.0
tmdb_306,494,6.0
tmdb_306,500,8.0
tmdb_306,508,8.0
tmdb_306,509,8.0
tmdb_306,521,4.0
tmdb_306,524,8.0
tmdb_306,527,10.0
tmdb_306,534,6.0
tmdb_306,535,6.0
tmdb_306,539,8.0
tmdb_306,540,6.0
tmdb_306,543,6.0
tmdb_306,574,6.0
tmdb_306,585,8.0
tmdb_306,586,6.0
tmdb_306,587,8.0
tmdb_306,590,6.0
tmdb_306,593,8.0
tmdb_306,595,8.0
tmdb_306,597,8.0
tmdb_306,605,6.0
tmdb_306,608,8.0
tmdb_306,628,8.0
tmdb_306,648,6.0
tmdb_306,707,6.0
tmdb_306,708,6.0
tmdb_306,762,2.0
tmdb_306,778,8.0
tmdb_306,780,8.0
tmdb_306,784,8.0
tmdb_306,786,4.0
tmdb_306,802,4.0
tmdb_306,804,6.0
tmdb_306,805,4.0
tmdb_306,818,6.0
tmdb_306,830,8.0
tmdb_306,832,8.0
tmdb_306,851,6.0
tmdb_306,858,8.0
tmdb_306,866,2.0
tmdb_306,899,10.0
tmdb_306,900,6.0
tmdb_306,901,6.0
tmdb_306,902,8.0
tmdb_306,903,8.0
tmdb_306,910,8.0
tmdb_306,911,8.0
tmdb_306,914,8.0
tmdb_306,916,10.0
tmdb_306,918,6.0
tmdb_306,919,8.0
tmdb_306,924,8.0
tmdb_306,932,8.0
tmdb_306,934,8.0
tmdb_306,938,6.0
tmdb_306,953,10.0
tmdb_306,994,8.0
tmdb_306,1073,8.0
tmdb_306,1088,8.0
tmdb_306,1092,8.0
tmdb_306,1124,6.0
tmdb_306,1125,6.0
tmdb_306,1213,10.0
tmdb_306,1244,6.0
tmdb_306,1246,8.0
tmdb_306,1247,8.0
tmdb_306,1249,6.0
tmdb_306,1257,4.0
tmdb_306,1259,8.0
tmdb_306,1265,8.0
tmdb_306,1268,8.0
tmdb_306,1271,4.0
tmdb_306,1278,8.0
tmdb_306,1280,8.0
tmdb_306,1282,8.0
tmdb_306,1285,8.0
tmdb_306,1358,8.0
tmdb_306,1370,8.0
tmdb_306,1380,8.0
tmdb_306,1381,4.0
tmdb_306,1387,8.0
tmdb_306,1393,6.0
tmdb_306,1396,6.0
tmdb_306,1404,6.0
tmdb_306,1405,8.0
tmdb_306,1407,8.0
tmdb_306,1408,8.0
tmdb_306,1416,6.0
tmdb_306,1422,4.0
tmdb_306,1441,6.0
tmdb_306,1485,8.0
tmdb_306,1498,6.0
tmdb_306,1499,2.0
tmdb_306,1535,8.0
tmdb_306,1537,8.0
tmdb_306,1541,6.0
tmdb_306,1544,4.0
tmdb_306,1552,4.0
tmdb_306,1556,4.0
tmdb_306,1580,8.0
tmdb_306,1581,4.0
tmdb_306,1584,8.0
tmdb_306,1590,4.0
tmdb_306,1593,6.0
tmdb_306,1597,6.0
tmdb_306,1598,6.0
tmdb_306,1608,8.0
tmdb_306,1610,6.0
tmdb_306,1641,8.0
tmdb_306,1672,6.0
tmdb_306,1673,8.0
tmdb_306,1676,4.0
tmdb_306,1678,8.0
tmdb_306,1682,8.0
tmdb_306,1713,4.0
tmdb_306,1717,6.0
tmdb_306,1721,10.0
tmdb_306,1729,8.0
tmdb_306,1732,8.0
tmdb_306,1779,6.0
tmdb_306,1883,8.0
tmdb_306,1885,8.0
tmdb_306,1892,6.0
tmdb_306,1911,8.0
tmdb_306,1923,8.0
tmdb_306,1947,8.0
tmdb_306,1951,6.0
tmdb_306,1954,8.0
tmdb_306,1955,10.0
tmdb_306,1956,6.0
tmdb_306,1957,10.0
tmdb_306,1958,8.0
tmdb_306,1959,8.0
tmdb_306,1961,10.0
tmdb_306,1963,8.0
tmdb_306,1965,8.0
tmdb_306,1966,6.0
tmdb_306,1967,6.0
tmdb_306,1968,8.0
tmdb_306,1984,6.0
tmdb_306,1994,8.0
tmdb_306,1995,4.0
tmdb_306,1997,6.0
tmdb_306,2003,6.0
tmdb_306,2011,6.0
tmdb_306,2013,8.0
tmdb_306,2017,6.0
tmdb_306,2020,8.0
tmdb_306,2028,8.0
tmdb_306,2034,8.0
tmdb_306,2054,4.0
tmdb_306,2067,8.0
tmdb_306,2071,8.0
tmdb_306,2085,6.0
tmdb_306,2087,6.0
tmdb_306,2088,4.0
tmdb_306,2100,6.0
tmdb_306,2108,8.0
tmdb_306,2109,6.0
tmdb_306,2112,6.0
tmdb_306,2115,8.0
tmdb_306,2124,8.0
tmdb_306,2134,4.0
tmdb_306,2144,8.0
tmdb_306,2168,4.0
tmdb_306,2171,8.0
tmdb_306,2241,6.0
tmdb_306,2252,6.0
tmdb_306,2255,4.0
tmdb_306,2259,4.0
tmdb_306,2262,8.0
tmdb_306,2263,8.0
tmdb_306,2268,10.0
tmdb_306,2269,6.0
tmdb_306,2289,8.0
tmdb_306,2297,6.0
tmdb_306,2300,10.0
tmdb_306,2302,8.0
tmdb_306,2312,8.0
tmdb_306,2313,6.0
tmdb_306,2324,8.0
tmdb_306,2348,6.0
tmdb_306,2433,6.0
tmdb_306,2455,8.0
tmdb_306,2463,6.0
tmdb_306,2469,6.0
tmdb_306,2502,6.0
tmdb_306,2539,8.0
tmdb_306,2546,6.0
tmdb_306,2565,6.0
tmdb_306,2574,6.0
tmdb_306,2612,8.0
tmdb_306,2616,4.0
tmdb_306,2617,8.0
tmdb_306,2639,8.0
tmdb_306,2640,8.0
tmdb_306,2642,6.0
tmdb_306,2657,8.0
tmdb_306,2694,6.0
tmdb_306,2750,6.0
tmdb_306,2762,6.0
tmdb_306,2770,6.0
tmdb_306,2779,8.0
tmdb_306,2791,8.0
tmdb_306,2929,8.0
tmdb_306,2973,8.0
tmdb_306,2976,6.0
tmdb_306,3016,8.0
tmdb_306,3060,8.0
tmdb_306,3072,8.0
tmdb_306,3087,8.0
tmdb_306,3101,10.0
tmdb_306,3104,8.0
tmdb_306,3107,6.0
tmdb_306,3160,8.0
tmdb_306,3176,8.0
tmdb_306,3418,8.0
tmdb_306,3525,8.0
tmdb_306,3526,8.0
tmdb_306,3549,6.0
tmdb_306,3577,4.0
tmdb_306,3635,8.0
tmdb_306,3638,6.0
tmdb_306,3686,8.0
tmdb_306,3763,6.0
tmdb_306,4034,10.0
tmdb_306,4148,6.0
tmdb_307,293,7.0
tmdb_307,296,10.0
tmdb_307,318,10.0
tmdb_307,527,9.0
tmdb_307,778,10.0
tmdb_307,858,9.0
tmdb_307,1213,10.0
tmdb_307,1732,10.0
tmdb_307,2502,8.0
tmdb_307,2959,9.0
tmdb_307,3173,7.0
tmdb_307,4011,9.0
tmdb_307,4226,10.0
tmdb_307,4973,10.0
tmdb_307,5137,9.0
tmdb_307,5528,7.0
tmdb_307,5995,10.0
tmdb_307,6016,10.0
tmdb_307,8873,8.0
tmdb_307,46976,10.0
tmdb_307,49530,8.0
tmdb_308,17,8.0
tmdb_308,70,8.0
tmdb_308,93,6.0
tmdb_308,150,6.0
tmdb_308,160,4.0
tmdb_308,186,6.0
tmdb_308,203,10.0
tmdb_308,218,10.0
tmdb_308,231,6.0
tmdb_308,253,10.0
tmdb_308,261,8.0
tmdb_308,266,10.0
tmdb_308,267,10.0
tmdb_308,280,10.0
tmdb_308,288,6.0
tmdb_308,339,8.0
tmdb_308,344,6.0
tmdb_308,350,6.0
tmdb_308,407,2.0
tmdb_308,410,6.0
tmdb_308,454,10.0
tmdb_308,466,8.0
tmdb_308,500,4.0
tmdb_308,508,8.0
tmdb_308,524,8.0
tmdb_308,542,8.0
tmdb_308,543,8.0
tmdb_308,590,6.0
tmdb_308,597,4.0
tmdb_308,648,10.0
tmdb_308,653,4.0
tmdb_308,780,6.0
tmdb_308,802,10.0
tmdb_308,1073,4.0
tmdb_308,1127,2.0
tmdb_308,1259,6.0
tmdb_308,1387,6.0
tmdb_309,101,10.0
tmdb_309,246,8.0
tmdb_309,260,10.0
tmdb_309,296,9.0
tmdb_309,318,9.0
tmdb_309,345,5.0
tmdb_309,457,9.0
tmdb_309,527,9.0
tmdb_309,541,10.0
tmdb_309,608,9.0
tmdb_309,745,10.0
tmdb_309,750,10.0
tmdb_309,800,8.0
tmdb_309,858,10.0
tmdb_309,903,9.0
tmdb_309,923,8.0
tmdb_309,1089,7.0
tmdb_309,1213,10.0
tmdb_309,1250,8.0
tmdb_309,1257,10.0
tmdb_309,1259,9.0
tmdb_309,1262,10.0
tmdb_309,1272,9.0
tmdb_309,1278,10.0
tmdb_309,1285,7.0
tmdb_309,1358,8.0
tmdb_309,1721,4.0
tmdb_309,1909,5.0
tmdb_309,1923,9.0
tmdb_309,2001,5.0
tmdb_309,2019,9.0
tmdb_309,2028,8.0
tmdb_309,2100,7.0
tmdb_309,2109,10.0
tmdb_309,2321,6.0
tmdb_309,2502,10.0
tmdb_309,2762,8.0
tmdb_309,2788,9.0
tmdb_309,2791,10.0
tmdb_309,2959,9.0
tmdb_309,3396,10.0
tmdb_309,4011,8.0
tmdb_309,4034,7.0
tmdb_309,4226,9.0
tmdb_309,4973,9.0
tmdb_309,4993,10.0
tmdb_309,7091,9.0
tmdb_309,8464,9.0
tmdb_309,8665,9.0
tmdb_309,8827,10.0
tmdb_309,8874,8.0
tmdb_309,8961,8.0
tmdb_309,26513,5.0
tmdb_309,27899,8.0
tmdb_309,31221,4.0
tmdb_309,31923,8.0
tmdb_310,246,7.0
tmdb_310,256,8.0
tmdb_310,628,6.0
tmdb_310,673,3.0
tmdb_310,1285,9.0
tmdb_310,1371,2.0
tmdb_310,1372,5.0
tmdb_310,1375,4.0
tmdb_310,2003,5.0
tmdb_310,2455,5.0
tmdb_310,3033,4.0
tmdb_311,6,8.0
tmdb_311,11,10.0
tmdb_311,14,6.0
tmdb_311,15,4.0
tmdb_311,16,4.0
tmdb_311,17,4.0
tmdb_311,20,3.0
tmdb_311,21,8.0
tmdb_311,24,3.0
tmdb_311,27,4.0
tmdb_311,28,4.0
tmdb_311,62,5.0
tmdb_311,71,3.0
tmdb_311,74,6.0
tmdb_311,79,4.0
tmdb_311,83,6.0
tmdb_311,89,6.0
tmdb_311,95,6.0
tmdb_311,100,6.0
tmdb_311,102,1.0
tmdb_311,105,8.0
tmdb_311,110,6.0
tmdb_311,122,5.0
tmdb_311,135,6.0
tmdb_311,140,4.0
tmdb_311,150,10.0
tmdb_311,153,6.0
tmdb_311,155,9.0
tmdb_311,158,4.0
tmdb_311,160,1.0
tmdb_311,161,6.0
tmdb_311,163,5.0
tmdb_311,164,4.0
tmdb_311,165,6.0
tmdb_311,168,4.0
tmdb_311,172,1.0
tmdb_311,177,1.0
tmdb_311,185,5.0
tmdb_311,186,4.0
tmdb_311,195,6.0
tmdb_311,203,5.0
tmdb_311,204,7.0
tmdb_311,207,6.0
tmdb_311,218,4.0
tmdb_311,222,6.0
tmdb_311,224,6.0
tmdb_311,225,6.0
tmdb_311,235,8.0
tmdb_311,236,6.0
tmdb_311,237,4.0
tmdb_311,246,6.0
tmdb_311,252,3.0
tmdb_311,256,3.0
tmdb_311,260,8.0
tmdb_311,261,6.0
tmdb_311,262,6.0
tmdb_311,266,4.0
tmdb_311,276,4.0
tmdb_311,277,6.0
tmdb_311,280,6.0
tmdb_311,281,3.0
tmdb_311,289,6.0
tmdb_311,292,1.0
tmdb_311,293,4.0
tmdb_311,296,6.0
tmdb_311,300,7.0
tmdb_311,303,6.0
tmdb_311,314,2.0
tmdb_311,315,6.0
tmdb_311,316,5.0
tmdb_311,317,5.0
tmdb_311,318,9.0
tmdb_311,329,4.0
tmdb_311,338,1.0
tmdb_311,339,7.0
tmdb_311,342,4.0
tmdb_311,346,6.0
tmdb_311,349,6.0
tmdb_311,350,2.0
tmdb_311,364,6.0
tmdb_311,377,10.0
tmdb_311,378,6.0
tmdb_311,379,6.0
tmdb_311,380,7.0
tmdb_311,408,6.0
tmdb_311,414,3.0
tmdb_311,415,3.0
tmdb_311,421,6.0
tmdb_311,422,4.0
tmdb_311,424,3.0
tmdb_311,434,6.0
tmdb_311,440,7.0
tmdb_311,453,4.0
tmdb_311,454,9.0
tmdb_311,455,6.0
tmdb_311,457,9.0
tmdb_311,464,4.0
tmdb_311,475,8.0
tmdb_311,480,9.0
tmdb_311,488,4.0
tmdb_311,489,5.0
tmdb_311,494,6.0
tmdb_311,500,5.0
tmdb_311,502,3.0
tmdb_311,506,4.0
tmdb_311,507,4.0
tmdb_311,508,4.0
tmdb_311,510,6.0
tmdb_311,524,5.0
tmdb_311,527,10.0
tmdb_311,531,4.0
tmdb_311,532,3.0
tmdb_311,534,6.0
tmdb_311,539,8.0
tmdb_311,541,4.0
tmdb_311,551,1.0
tmdb_311,552,6.0
tmdb_311,553,6.0
tmdb_311,586,6.0
tmdb_311,587,6.0
tmdb_311,588,6.0
tmdb_311,590,10.0
tmdb_311,592,4.0
tmdb_311,593,4.0
tmdb_311,594,6.0
tmdb_311,595,6.0
tmdb_311,596,4.0
tmdb_311,597,10.0
tmdb_311,599,4.0
tmdb_311,603,6.0
tmdb_311,605,5.0
tmdb_311,608,8.0
tmdb_311,613,4.0
tmdb_311,616,4.0
tmdb_311,628,6.0
tmdb_311,635,6.0
tmdb_311,637,4.0
tmdb_311,647,8.0
tmdb_311,648,6.0
tmdb_311,650,6.0
tmdb_311,653,6.0
tmdb_311,674,2.0
tmdb_311,691,5.0
tmdb_311,694,5.0
tmdb_311,707,5.0
tmdb_311,708,1.0
tmdb_311,750,6.0
tmdb_311,762,3.0
tmdb_311,780,9.0
tmdb_311,786,6.0
tmdb_311,788,4.0
tmdb_311,800,9.0
tmdb_311,802,3.0
tmdb_311,805,6.0
tmdb_311,809,6.0
tmdb_311,828,5.0
tmdb_311,830,3.0
tmdb_311,832,6.0
tmdb_311,836,4.0
tmdb_311,838,6.0
tmdb_311,849,3.0
tmdb_311,880,1.0
tmdb_311,897,4.0
tmdb_311,898,4.0
tmdb_311,899,5.0
tmdb_311,900,6.0
tmdb_311,901,4.0
tmdb_311,902,6.0
tmdb_311,903,4.0
tmdb_311,905,6.0
tmdb_311,907,4.0
tmdb_311,909,4.0
tmdb_311,910,6.0
tmdb_311,911,5.0
tmdb_311,912,6.0
tmdb_311,913,6.0
tmdb_311,914,9.0
tmdb_311,916,9.0
tmdb_311,917,6.0
tmdb_311,918,5.0
tmdb_311,919,4.0
tmdb_311,920,10.0
tmdb_311,921,6.0
tmdb_311,922,4.0
tmdb_311,923,6.0
tmdb_311,924,6.0
tmdb_311,926,4.0
tmdb_311,928,4.0
tmdb_311,932,6.0
tmdb_311,934,4.0
tmdb_311,936,4.0
tmdb_311,938,6.0
tmdb_311,942,4.0
tmdb_311,943,6.0
tmdb_311,944,4.0
tmdb_311,947,4.0
tmdb_311,948,7.0
tmdb_311,949,6.0
tmdb_311,950,5.0
tmdb_311,951,4.0
tmdb_311,953,6.0
tmdb_311,954,5.0
tmdb_311,955,5.0
tmdb_311,956,3.0
tmdb_311,962,4.0
tmdb_311,964,4.0
tmdb_311,976,4.0
tmdb_311,982,6.0
tmdb_311,992,4.0
tmdb_311,1018,4.0
tmdb_311,1049,7.0
tmdb_311,1059,4.0
tmdb_311,1073,1.0
tmdb_311,1088,10.0
tmdb_311,1091,4.0
tmdb_311,1092,4.0
tmdb_311,1093,4.0
tmdb_311,1103,6.0
tmdb_311,1124,6.0
tmdb_311,1125,4.0
tmdb_311,1127,6.0
tmdb_311,1213,6.0
tmdb_311,1245,4.0
tmdb_311,1246,3.0
tmdb_311,1247,7.0
tmdb_311,1250,8.0
tmdb_311,1252,6.0
tmdb_311,1253,4.0
tmdb_311,1254,4.0
tmdb_311,1259,4.0
tmdb_311,1262,7.0
tmdb_311,1265,7.0
tmdb_311,1266,4.0
tmdb_311,1267,6.0
tmdb_311,1268,4.0
tmdb_311,1269,4.0
tmdb_311,1271,6.0
tmdb_311,1282,6.0
tmdb_311,1283,6.0
tmdb_311,1284,4.0
tmdb_311,1285,1.0
tmdb_311,1359,3.0
tmdb_311,1363,5.0
tmdb_311,1367,4.0
tmdb_311,1370,6.0
tmdb_311,1371,6.0
tmdb_311,1372,4.0
tmdb_311,1373,4.0
tmdb_311,1374,6.0
tmdb_311,1375,6.0
tmdb_311,1376,10.0
tmdb_311,1377,6.0
tmdb_311,1380,8.0
tmdb_311,1387,6.0
tmdb_311,1391,4.0
tmdb_311,1393,10.0
tmdb_311,1394,6.0
tmdb_311,1396,8.0
tmdb_311,1398,6.0
tmdb_311,1408,9.0
tmdb_311,1416,5.0
tmdb_311,1417,4.0
tmdb_311,1422,4.0
tmdb_311,1479,5.0
tmdb_311,1541,1.0
tmdb_311,1544,7.0
tmdb_311,1552,6.0
tmdb_311,1556,3.0
tmdb_311,1580,6.0
tmdb_311,1584,6.0
tmdb_311,1586,8.0
tmdb_311,1587,2.0
tmdb_311,1588,8.0
tmdb_311,1590,1.0
tmdb_311,1593,4.0
tmdb_311,1597,3.0
tmdb_311,1600,1.0
tmdb_311,1608,8.0
tmdb_311,1610,6.0
tmdb_311,1611,6.0
tmdb_311,1616,10.0
tmdb_311,1645,5.0
tmdb_311,1653,4.0
tmdb_311,1672,7.0
tmdb_311,1682,6.0
tmdb_311,1694,6.0
tmdb_311,1702,6.0
tmdb_311,1721,8.0
tmdb_311,1722,6.0
tmdb_311,1727,6.0
tmdb_311,1729,6.0
tmdb_311,1792,5.0
tmdb_311,1810,10.0
tmdb_311,1835,3.0
tmdb_311,1882,6.0
tmdb_311,1888,4.0
tmdb_311,1892,7.0
tmdb_311,1894,4.0
tmdb_311,1907,7.0
tmdb_311,1912,10.0
tmdb_311,1917,7.0
tmdb_311,1918,7.0
tmdb_311,1936,7.0
tmdb_311,1937,8.0
tmdb_311,1944,7.0
tmdb_311,1945,8.0
tmdb_311,1947,10.0
tmdb_311,1948,9.0
tmdb_311,1949,8.0
tmdb_311,1950,8.0
tmdb_311,1954,6.0
tmdb_311,1957,9.0
tmdb_311,1961,8.0
tmdb_311,2000,8.0
tmdb_311,2001,7.0
tmdb_311,2002,6.0
tmdb_311,2006,7.0
tmdb_311,2011,4.0
tmdb_311,2012,7.0
tmdb_311,2018,9.0
tmdb_311,2019,6.0
tmdb_311,2028,10.0
tmdb_311,2054,7.0
tmdb_311,2058,5.0
tmdb_311,2067,7.0
tmdb_311,2077,6.0
tmdb_311,2078,8.0
tmdb_311,2079,7.0
tmdb_311,2080,7.0
tmdb_311,2085,6.0
tmdb_311,2094,7.0
tmdb_311,2099,7.0
tmdb_311,2112,6.0
tmdb_311,2115,4.0
tmdb_311,2118,6.0
tmdb_311,2125,8.0
tmdb_311,2133,7.0
tmdb_311,2144,7.0
tmdb_311,2153,1.0
tmdb_311,2166,6.0
tmdb_311,2268,8.0
tmdb_311,2302,8.0
tmdb_311,2312,7.0
tmdb_311,2313,6.0
tmdb_311,2321,6.0
tmdb_311,2322,7.0
tmdb_311,2334,4.0
tmdb_311,2355,7.0
tmdb_311,2463,8.0
tmdb_311,2469,6.0
tmdb_311,2470,8.0
tmdb_311,2501,10.0
tmdb_311,2539,9.0
tmdb_311,2565,7.0
tmdb_311,2567,6.0
tmdb_311,2605,6.0
tmdb_311,2617,5.0
tmdb_311,2642,4.0
tmdb_311,2671,10.0
tmdb_311,2728,6.0
tmdb_311,2759,8.0
tmdb_311,2762,8.0
tmdb_311,2779,6.0
tmdb_311,2805,5.0
tmdb_311,3035,8.0
tmdb_311,3052,1.0
tmdb_311,3061,7.0
tmdb_311,3062,7.0
tmdb_311,3072,4.0
tmdb_311,3089,5.0
tmdb_311,3101,6.0
tmdb_311,3104,9.0
tmdb_311,3111,6.0
tmdb_311,3114,6.0
tmdb_311,3175,6.0
tmdb_311,3176,7.0
tmdb_311,3418,5.0
tmdb_311,3478,9.0
tmdb_311,3479,7.0
tmdb_311,3489,4.0
tmdb_311,3512,8.0
tmdb_311,3591,6.0
tmdb_311,3699,7.0
tmdb_311,3980,7.0
tmdb_311,4012,3.0
tmdb_311,4025,6.0
tmdb_311,4034,8.0
tmdb_311,4203,7.0
tmdb_311,4291,6.0
tmdb_311,4327,7.0
tmdb_311,4339,7.0
tmdb_311,4351,7.0
tmdb_311,4369,5.0
tmdb_311,4464,6.0
tmdb_311,4478,6.0
tmdb_311,4480,6.0
tmdb_311,4558,7.0
tmdb_311,4638,6.0
tmdb_311,4639,6.0
tmdb_311,4704,7.0
tmdb_311,4787,7.0
tmdb_311,4912,7.0
tmdb_311,4972,7.0
tmdb_311,4995,8.0
tmdb_311,5060,4.0
tmdb_311,5601,6.0
tmdb_311,5620,6.0
tmdb_311,5718,6.0
tmdb_311,6318,4.0
tmdb_311,6466,6.0
tmdb_311,6470,6.0
tmdb_311,6473,7.0
tmdb_311,6477,7.0
tmdb_311,6498,4.0
tmdb_311,6521,5.0
tmdb_311,6522,6.0
tmdb_311,6535,1.0
tmdb_311,6537,6.0
tmdb_311,6646,6.0
tmdb_311,7085,7.0
tmdb_311,7305,5.0
tmdb_311,7916,7.0
tmdb_311,7944,7.0
tmdb_311,7980,7.0
tmdb_311,8008,6.0
tmdb_311,8009,7.0
tmdb_311,8094,7.0
tmdb_311,8337,8.0
tmdb_311,8460,7.0
tmdb_311,8463,5.0
tmdb_311,8487,6.0
tmdb_311,8584,6.0
tmdb_311,8617,7.0
tmdb_311,8618,6.0
tmdb_311,8665,10.0
tmdb_311,8672,7.0
tmdb_311,8745,7.0
tmdb_311,8850,5.0
tmdb_311,8880,6.0
tmdb_311,8916,8.0
tmdb_311,8920,7.0
tmdb_311,8929,8.0
tmdb_311,8983,7.0
tmdb_311,8984,8.0
tmdb_311,9005,5.0
tmdb_311,41566,7.0
tmdb_311,45186,9.0
tmdb_312,2,4.0
tmdb_312,6,10.0
tmdb_312,11,6.0
tmdb_312,17,6.0
tmdb_312,21,4.0
tmdb_312,25,8.0
tmdb_312,28,10.0
tmdb_312,85,8.0
tmdb_312,95,4.0
tmdb_312,99,10.0
tmdb_312,105,10.0
tmdb_312,111,10.0
tmdb_312,112,4.0
tmdb_312,141,4.0
tmdb_312,162,8.0
tmdb_312,171,8.0
tmdb_312,176,6.0
tmdb_312,187,6.0
tmdb_312,198,2.0
tmdb_312,203,8.0
tmdb_312,206,10.0
tmdb_312,218,6.0
tmdb_312,224,4.0
tmdb_312,231,8.0
tmdb_312,235,6.0
tmdb_312,246,8.0
tmdb_312,247,8.0
tmdb_312,249,4.0
tmdb_312,260,4.0
tmdb_312,265,8.0
tmdb_312,288,2.0
tmdb_312,290,6.0
tmdb_312,292,6.0
tmdb_312,296,10.0
tmdb_312,306,8.0
tmdb_312,316,4.0
tmdb_312,318,8.0
tmdb_312,321,4.0
tmdb_312,322,6.0
tmdb_312,339,4.0
tmdb_312,344,2.0
tmdb_312,348,8.0
tmdb_312,349,8.0
tmdb_312,363,10.0
tmdb_312,377,10.0
tmdb_312,380,10.0
tmdb_312,410,6.0
tmdb_312,440,6.0
tmdb_312,441,10.0
tmdb_312,457,8.0
tmdb_312,464,6.0
tmdb_312,480,2.0
tmdb_312,492,6.0
tmdb_312,500,2.0
tmdb_312,509,10.0
tmdb_312,527,10.0
tmdb_312,532,8.0
tmdb_312,539,6.0
tmdb_312,541,10.0
tmdb_312,551,6.0
tmdb_312,562,8.0
tmdb_312,581,10.0
tmdb_312,585,10.0
tmdb_312,586,2.0
tmdb_312,587,6.0
tmdb_312,588,6.0
tmdb_312,592,6.0
tmdb_312,593,10.0
tmdb_312,597,10.0
tmdb_312,605,6.0
tmdb_312,608,10.0
tmdb_312,639,6.0
tmdb_312,648,8.0
tmdb_312,663,10.0
tmdb_312,708,6.0
tmdb_312,780,2.0
tmdb_312,786,4.0
tmdb_312,788,6.0
tmdb_312,818,8.0
tmdb_312,858,8.0
tmdb_312,866,10.0
tmdb_312,896,6.0
tmdb_312,919,6.0
tmdb_312,922,6.0
tmdb_312,923,6.0
tmdb_312,926,10.0
tmdb_312,1059,8.0
tmdb_312,1073,6.0
tmdb_312,1089,10.0
tmdb_312,1123,6.0
tmdb_312,1127,6.0
tmdb_312,1213,10.0
tmdb_312,1244,8.0
tmdb_312,1267,8.0
tmdb_312,1370,8.0
tmdb_312,1391,6.0
tmdb_312,1392,8.0
tmdb_312,1393,4.0
tmdb_312,1396,6.0
tmdb_312,1405,6.0
tmdb_312,1544,6.0
tmdb_312,1566,4.0
tmdb_312,1573,6.0
tmdb_312,1580,4.0
tmdb_312,1584,8.0
tmdb_312,1610,8.0
tmdb_312,1616,6.0
tmdb_312,1641,2.0
tmdb_312,1653,8.0
tmdb_312,1673,10.0
tmdb_312,1676,2.0
tmdb_312,1683,6.0
tmdb_312,1687,4.0
tmdb_312,1701,6.0
tmdb_312,1719,10.0
tmdb_312,1721,4.0
tmdb_312,1729,4.0
tmdb_312,1734,10.0
tmdb_312,1831,2.0
tmdb_312,1875,6.0
tmdb_312,1882,2.0
tmdb_312,1883,4.0
tmdb_312,1885,6.0
tmdb_312,1912,6.0
tmdb_312,1917,2.0
tmdb_312,1918,4.0
tmdb_312,1923,4.0
tmdb_312,1956,8.0
tmdb_312,2002,6.0
tmdb_312,2020,8.0
tmdb_312,2022,6.0
tmdb_312,2071,6.0
tmdb_312,2105,8.0
tmdb_312,2124,8.0
tmdb_312,2252,4.0
tmdb_312,2289,10.0
tmdb_312,2291,8.0
tmdb_312,2302,6.0
tmdb_312,2331,8.0
tmdb_312,2395,10.0
tmdb_312,2436,6.0
tmdb_312,2539,6.0
tmdb_312,2671,8.0
tmdb_312,2759,4.0
tmdb_312,2762,4.0
tmdb_312,2770,6.0
tmdb_312,2959,10.0
tmdb_312,3019,10.0
tmdb_312,3107,6.0
tmdb_312,3114,6.0
tmdb_312,3160,6.0
tmdb_312,3418,10.0
tmdb_313,2,6.0
tmdb_313,5,7.0
tmdb_313,19,5.0
tmdb_313,25,6.0
tmdb_313,110,10.0
tmdb_313,135,8.0
tmdb_313,150,7.0
tmdb_313,165,7.0
tmdb_313,186,6.0
tmdb_313,198,7.0
tmdb_313,215,7.0
tmdb_313,253,8.0
tmdb_313,266,7.0
tmdb_313,288,5.0
tmdb_313,318,10.0
tmdb_313,339,7.0
tmdb_313,344,5.0
tmdb_313,345,7.0
tmdb_313,364,10.0
tmdb_313,377,7.0
tmdb_313,380,8.0
tmdb_313,381,7.0
tmdb_313,457,9.0
tmdb_313,480,8.0
tmdb_313,500,7.0
tmdb_313,527,10.0
tmdb_313,539,9.0
tmdb_313,552,7.0
tmdb_313,586,6.0
tmdb_313,587,6.0
tmdb_313,588,9.0
tmdb_313,590,8.0
tmdb_313,595,8.0
tmdb_313,597,6.0
tmdb_313,648,8.0
tmdb_313,778,8.0
tmdb_313,784,4.0
tmdb_313,788,7.0
tmdb_313,832,8.0
tmdb_313,910,8.0
tmdb_313,1059,7.0
tmdb_313,1088,8.0
tmdb_313,1090,8.0
tmdb_313,1127,7.0
tmdb_313,1246,7.0
tmdb_313,1387,8.0
tmdb_313,1393,6.0
tmdb_313,1407,6.0
tmdb_313,1485,8.0
tmdb_313,1544,7.0
tmdb_313,1573,7.0
tmdb_313,1580,8.0
tmdb_313,1594,6.0
tmdb_313,1597,10.0
tmdb_313,1608,6.0
tmdb_313,1641,7.0
tmdb_313,1682,7.0
tmdb_313,1721,10.0
tmdb_313,1732,6.0
tmdb_313,1835,6.0
tmdb_313,1894,7.0
tmdb_313,1917,8.0
tmdb_313,1923,8.0
tmdb_313,1954,8.0
tmdb_313,1961,8.0
tmdb_313,2006,8.0
tmdb_313,2011,6.0
tmdb_313,2012,6.0
tmdb_313,2028,8.0
tmdb_313,2080,8.0
tmdb_313,2605,7.0
tmdb_313,2617,8.0
tmdb_313,2671,9.0
tmdb_313,2687,8.0
tmdb_313,2762,7.0
tmdb_313,2770,7.0
tmdb_313,2959,5.0
tmdb_313,2978,7.0
tmdb_313,3052,3.0
tmdb_313,3101,8.0
tmdb_313,3114,8.0
tmdb_313,3176,6.0
tmdb_313,4025,7.0
tmdb_313,4226,7.0
tmdb_313,4369,5.0
tmdb_313,4643,5.0
tmdb_313,4816,8.0
tmdb_313,4823,8.0
tmdb_313,4886,9.0
tmdb_313,4973,7.0
tmdb_313,4993,9.0
tmdb_313,4995,9.0
tmdb_313,5481,5.0
tmdb_313,5528,4.0
tmdb_313,5620,7.0
tmdb_313,5991,6.0
tmdb_313,5995,10.0
tmdb_313,6373,8.0
tmdb_313,6537,7.0
tmdb_313,6947,5.0
tmdb_313,7090,4.0
tmdb_313,8093,4.0
tmdb_313,8665,8.0
tmdb_313,8831,5.0
tmdb_313,8860,6.0
tmdb_313,8874,7.0
tmdb_313,8908,10.0
tmdb_313,8961,9.0
tmdb_313,8963,1.0
tmdb_313,8970,6.0
tmdb_313,8984,7.0
tmdb_313,30707,8.0
tmdb_313,32029,7.0
tmdb_313,33166,7.0
tmdb_313,37727,6.0
tmdb_314,260,10.0
tmdb_314,318,10.0
tmdb_314,480,9.0
tmdb_314,593,9.0
tmdb_314,1676,9.0
tmdb_314,58559,10.0
tmdb_314,115210,10.0
tmdb_315,260,2.0
tmdb_315,497,8.0
tmdb_315,922,8.0
tmdb_315,953,8.0
tmdb_315,1253,2.0
tmdb_315,1278,10.0
tmdb_315,1573,10.0
tmdb_315,1726,2.0
tmdb_315,1944,6.0
tmdb_315,2028,10.0
tmdb_315,2109,6.0
tmdb_315,2300,10.0
tmdb_315,2546,2.0
tmdb_315,2762,6.0
tmdb_315,4587,4.0
tmdb_315,5879,6.0
tmdb_315,5902,10.0
tmdb_315,5991,6.0
tmdb_315,6003,4.0
tmdb_315,6183,4.0
tmdb_316,260,8.0
tmdb_316,541,6.0
tmdb_316,593,4.0
tmdb_316,4011,7.0
tmdb_316,4025,6.0
tmdb_316,4638,5.0
tmdb_316,4643,6.0
tmdb_316,4734,8.0
tmdb_316,4816,7.0
tmdb_316,4886,7.0
tmdb_316,4896,8.0
tmdb_316,4993,8.0
tmdb_316,4995,6.0
tmdb_316,5481,7.0
tmdb_316,5816,8.0
tmdb_316,5956,6.0
tmdb_316,6373,7.0
tmdb_316,6934,8.0
tmdb_316,8665,8.0
tmdb_316,8874,10.0
tmdb_316,8961,8.0
tmdb_316,8984,8.0
tmdb_316,30793,6.0
tmdb_316,40815,8.0
tmdb_316,44191,8.0
tmdb_316,45722,8.0
tmdb_316,48385,6.0
tmdb_316,54272,7.0
tmdb_316,58559,6.0
tmdb_317,150,8.0
tmdb_317,153,4.0
tmdb_317,165,8.0
tmdb_317,185,8.0
tmdb_317,231,6.0
tmdb_317,292,6.0
tmdb_317,296,2.0
tmdb_317,316,10.0
tmdb_317,318,8.0
tmdb_317,329,10.0
tmdb_317,344,4.0
tmdb_317,349,6.0
tmdb_317,380,8.0
tmdb_317,454,8.0
tmdb_317,457,10.0
tmdb_317,480,8.0
tmdb_317,588,6.0
tmdb_317,590,6.0
tmdb_317,592,6.0
tmdb_317,595,6.0
tmdb_318,5,6.0
tmdb_318,6,6.0
tmdb_318,95,8.0
tmdb_318,260,2.0
tmdb_318,494,6.0
tmdb_318,605,6.0
tmdb_318,608,6.0
tmdb_318,648,8.0
tmdb_318,653,6.0
tmdb_318,673,8.0
tmdb_318,704,10.0
tmdb_318,711,4.0
tmdb_318,760,4.0
tmdb_318,761,2.0
tmdb_318,778,8.0
tmdb_318,780,10.0
tmdb_318,782,6.0
tmdb_318,783,6.0
tmdb_318,784,8.0
tmdb_318,786,8.0
tmdb_318,788,6.0
tmdb_318,799,6.0
tmdb_318,805,8.0
tmdb_318,830,6.0
tmdb_318,832,8.0
tmdb_318,849,6.0
tmdb_318,991,6.0
tmdb_318,996,6.0
tmdb_318,1059,6.0
tmdb_318,1363,6.0
tmdb_318,1367,4.0
tmdb_318,1391,2.0
tmdb_318,1393,8.0
tmdb_318,1416,4.0
tmdb_318,1429,10.0
tmdb_318,1479,8.0
tmdb_318,1499,10.0
tmdb_319,11,8.0
tmdb_319,17,6.0
tmdb_319,95,6.0
tmdb_319,110,8.0
tmdb_319,141,10.0
tmdb_319,153,8.0
tmdb_319,196,8.0
tmdb_319,253,6.0
tmdb_319,316,8.0
tmdb_319,344,6.0
tmdb_319,349,6.0
tmdb_319,380,6.0
tmdb_319,435,4.0
tmdb_319,480,8.0
tmdb_319,553,6.0
tmdb_319,592,6.0
tmdb_319,593,8.0
tmdb_320,296,9.0
tmdb_320,318,8.0
tmdb_320,527,8.0
tmdb_320,541,10.0
tmdb_320,912,10.0
tmdb_320,924,7.0
tmdb_320,2010,8.0
tmdb_320,2324,7.0
tmdb_320,2762,7.0
tmdb_320,4226,8.0
tmdb_320,4643,7.0
tmdb_320,4886,7.0
tmdb_320,4973,7.0
tmdb_320,5995,8.0
tmdb_320,30707,8.0
tmdb_320,30793,7.0
tmdb_320,44191,8.0
tmdb_321,21,10.0
tmdb_321,164,8.0
tmdb_321,232,10.0
tmdb_321,293,8.0
tmdb_321,296,10.0
tmdb_321,319,10.0
tmdb_321,348,8.0
tmdb_321,350,6.0
tmdb_321,551,10.0
tmdb_321,562,6.0
tmdb_321,568,8.0
tmdb_321,593,6.0
tmdb_321,608,8.0
tmdb_321,707,8.0
tmdb_321,800,8.0
tmdb_321,837,8.0
tmdb_321,913,10.0
tmdb_321,942,6.0
tmdb_321,1246,4.0
tmdb_321,1249,8.0
tmdb_321,1265,8.0
tmdb_321,1284,10.0
tmdb_321,1580,6.0
tmdb_321,1645,8.0
tmdb_321,1683,8.0
tmdb_321,1689,6.0
tmdb_321,1713,8.0
tmdb_321,1732,10.0
tmdb_321,1883,10.0
tmdb_321,1892,4.0
tmdb_321,1909,4.0
tmdb_321,1918,2.0
tmdb_321,1923,4.0
tmdb_321,1961,4.0
tmdb_321,2020,6.0
tmdb_321,2069,6.0
tmdb_321,2289,8.0
tmdb_321,2302,6.0
tmdb_321,2312,4.0
tmdb_321,2395,8.0
tmdb_321,2605,2.0
tmdb_322,164,6.0
tmdb_322,451,8.0
tmdb_322,903,10.0
tmdb_322,910,6.0
tmdb_322,912,8.0
tmdb_322,924,10.0
tmdb_322,931,10.0
tmdb_322,942,8.0
tmdb_322,1092,8.0
tmdb_322,1608,4.0
tmdb_322,1627,8.0
tmdb_322,1721,6.0
tmdb_322,1732,8.0
tmdb_322,1913,10.0
tmdb_322,1964,8.0
tmdb_322,1968,4.0
tmdb_322,2024,8.0
tmdb_322,3072,8.0
tmdb_322,3176,6.0
tmdb_322,3981,6.0
tmdb_323,186,7.0
tmdb_323,225,6.0
tmdb_323,236,8.0
tmdb_323,315,7.0
tmdb_323,318,9.0
tmdb_323,494,6.0
tmdb_323,527,9.0
tmdb_323,784,8.0
tmdb_323,832,8.0
tmdb_323,858,9.0
tmdb_323,912,10.0
tmdb_323,920,10.0
tmdb_323,1250,9.0
tmdb_323,1639,5.0
tmdb_323,2006,4.0
tmdb_323,2054,7.0
tmdb_323,3176,7.0
tmdb_323,4034,6.0
tmdb_323,4973,10.0
tmdb_323,4995,9.0
tmdb_324,2,8.0
tmdb_324,19,6.0
tmdb_324,62,7.0
tmdb_324,73,9.0
tmdb_324,110,8.0
tmdb_324,111,7.0
tmdb_324,141,8.0
tmdb_324,150,8.0
tmdb_324,185,6.0
tmdb_324,260,7.0
tmdb_324,318,8.0
tmdb_324,364,7.0
tmdb_324,500,8.0
tmdb_324,527,6.0
tmdb_324,551,8.0
tmdb_324,588,8.0
tmdb_324,590,7.0
tmdb_324,592,8.0
tmdb_324,593,8.0
tmdb_324,1246,8.0
tmdb_324,1265,8.0
tmdb_324,1682,8.0
tmdb_324,1917,6.0
tmdb_324,1961,8.0
tmdb_324,2028,8.0
tmdb_324,2502,8.0
tmdb_324,2762,7.0
tmdb_324,2791,7.0
tmdb_324,3114,8.0
tmdb_324,4025,5.0
tmdb_324,4148,6.0
tmdb_324,4226,7.0
tmdb_324,4638,8.0
tmdb_324,4643,6.0
tmdb_324,4886,7.0
tmdb_324,4896,8.0
tmdb_324,4973,7.0
tmdb_324,4993,5.0
tmdb_324,4995,7.0
tmdb_324,5481,7.0
tmdb_324,5816,7.0
tmdb_324,6934,7.0
tmdb_324,6957,7.0
tmdb_324,8464,5.0
tmdb_324,8810,7.0
tmdb_324,8961,8.0
tmdb_324,8970,6.0
tmdb_324,30707,7.0
tmdb_324,38499,8.0
tmdb_324,45722,8.0
tmdb_324,46972,7.0
tmdb_324,58559,7.0
tmdb_324,59387,10.0
tmdb_324,86332,7.0
tmdb_325,105,4.0
tmdb_325,277,3.0
tmdb_325,585,8.0
tmdb_325,914,3.0
tmdb_325,1371,7.0
tmdb_325,1562,2.0
tmdb_325,2193,2.0
tmdb_325,2694,4.0
tmdb_325,3072,4.0
tmdb_326,314,10.0
tmdb_326,337,4.0
tmdb_326,590,6.0
tmdb_326,653,2.0
tmdb_326,919,8.0
tmdb_326,986,6.0
tmdb_326,1073,10.0
tmdb_326,1127,8.0
tmdb_326,1254,8.0
tmdb_326,1259,4.0
tmdb_326,1374,6.0
tmdb_326,1396,10.0
tmdb_326,1580,4.0
tmdb_326,1931,8.0
tmdb_327,223,10.0
tmdb_327,231,9.0
tmdb_327,260,9.0
tmdb_327,288,6.0
tmdb_327,296,10.0
tmdb_327,364,8.0
tmdb_327,500,7.0
tmdb_327,539,6.0
tmdb_327,592,6.0
tmdb_327,608,10.0
tmdb_327,1259,8.0
tmdb_327,1265,6.0
tmdb_327,1375,9.0
tmdb_327,1376,8.0
tmdb_327,1479,8.0
tmdb_327,1722,8.0
tmdb_327,1923,7.0
tmdb_327,1954,10.0
tmdb_327,2001,8.0
tmdb_327,2268,8.0
tmdb_327,2371,8.0
tmdb_327,2640,10.0
tmdb_327,3033,10.0
tmdb_327,3087,8.0
tmdb_327,4369,9.0
tmdb_327,4643,6.0
tmdb_327,6373,5.0
tmdb_327,6537,7.0
tmdb_327,6934,9.0
tmdb_328,25,6.0
tmdb_328,110,8.0
tmdb_328,141,7.0
tmdb_328,150,8.0
tmdb_328,163,7.0
tmdb_328,246,6.0
tmdb_328,260,8.0
tmdb_328,300,6.0
tmdb_328,316,7.0
tmdb_328,318,9.0
tmdb_328,364,7.0
tmdb_328,380,7.0
tmdb_328,457,6.0
tmdb_328,480,7.0
tmdb_328,588,7.0
tmdb_328,593,6.0
tmdb_328,595,7.0
tmdb_328,608,6.0
tmdb_328,648,5.0
tmdb_328,745,9.0
tmdb_328,780,7.0
tmdb_328,899,8.0
tmdb_328,910,8.0
tmdb_328,919,8.0
tmdb_328,938,5.0
tmdb_328,1073,8.0
tmdb_328,1103,6.0
tmdb_328,1213,6.0
tmdb_328,1259,7.0
tmdb_328,1265,7.0
tmdb_328,1266,7.0
tmdb_328,1278,7.0
tmdb_328,1283,7.0
tmdb_328,1387,6.0
tmdb_328,1394,6.0
tmdb_328,1485,3.0
tmdb_328,1580,8.0
tmdb_328,1721,5.0
tmdb_328,2043,8.0
tmdb_328,2054,7.0
tmdb_328,2080,7.0
tmdb_328,2087,7.0
tmdb_328,2105,6.0
tmdb_328,2141,7.0
tmdb_328,2142,6.0
tmdb_328,2294,6.0
tmdb_328,2355,7.0
tmdb_328,2640,6.0
tmdb_328,2761,6.0
tmdb_328,2762,7.0
tmdb_328,3034,6.0
tmdb_328,3037,3.0
tmdb_328,3114,8.0
tmdb_328,3396,7.0
tmdb_328,3681,6.0
tmdb_328,4886,8.0
tmdb_328,4990,6.0
tmdb_328,5168,7.0
tmdb_328,6947,7.0
tmdb_328,6970,9.0
tmdb_328,8464,7.0
tmdb_328,8874,4.0
tmdb_328,8961,7.0
tmdb_328,8965,3.0
tmdb_328,33660,4.0
tmdb_328,40815,8.0
tmdb_329,3,6.0
tmdb_329,5,6.0
tmdb_329,6,10.0
tmdb_329,25,10.0
tmdb_329,95,6.0
tmdb_329,104,6.0
tmdb_329,260,10.0
tmdb_329,494,6.0
tmdb_329,648,8.0
tmdb_329,653,6.0
tmdb_329,708,8.0
tmdb_329,780,8.0
tmdb_329,786,6.0
tmdb_329,802,10.0
tmdb_329,1073,6.0
tmdb_330,16,6.0
tmdb_330,22,6.0
tmdb_330,25,6.0
tmdb_330,58,8.0
tmdb_330,80,10.0
tmdb_330,110,8.0
tmdb_330,132,2.0
tmdb_330,150,4.0
tmdb_330,164,6.0
tmdb_330,165,4.0
tmdb_330,207,8.0
tmdb_330,213,10.0
tmdb_330,231,4.0
tmdb_330,232,8.0
tmdb_330,246,10.0
tmdb_330,265,10.0
tmdb_330,293,10.0
tmdb_330,300,6.0
tmdb_330,301,10.0
tmdb_330,318,8.0
tmdb_330,337,6.0
tmdb_330,342,8.0
tmdb_330,349,6.0
tmdb_330,350,8.0
tmdb_330,389,8.0
tmdb_330,457,8.0
tmdb_330,480,6.0
tmdb_330,483,8.0
tmdb_330,497,8.0
tmdb_330,508,6.0
tmdb_330,527,10.0
tmdb_330,593,2.0
tmdb_330,595,8.0
tmdb_330,628,6.0
tmdb_330,707,4.0
tmdb_330,899,8.0
tmdb_330,924,2.0
tmdb_330,994,8.0
tmdb_330,1249,10.0
tmdb_330,1252,6.0
tmdb_330,1285,8.0
tmdb_330,1407,2.0
tmdb_330,1428,10.0
tmdb_330,1580,8.0
tmdb_330,1608,6.0
tmdb_330,1610,6.0
tmdb_330,1639,2.0
tmdb_330,1683,10.0
tmdb_330,1694,8.0
tmdb_330,1892,8.0
tmdb_330,1904,6.0
tmdb_330,1913,8.0
tmdb_330,1914,8.0
tmdb_330,1950,8.0
tmdb_330,1966,4.0
tmdb_330,2028,8.0
tmdb_330,2102,6.0
tmdb_330,2565,6.0
tmdb_330,2690,8.0
tmdb_331,24,8.0
tmdb_331,175,6.0
tmdb_331,196,6.0
tmdb_331,256,4.0
tmdb_331,527,9.0
tmdb_331,762,3.0
tmdb_331,2005,10.0
tmdb_331,2470,6.0
tmdb_331,2657,8.0
tmdb_331,3107,7.0
tmdb_331,4954,4.0
tmdb_331,5991,10.0
tmdb_332,70,10.0
tmdb_332,145,9.0
tmdb_332,158,1.0
tmdb_332,163,7.0
tmdb_332,315,7.0
tmdb_332,552,1.0
tmdb_332,1089,10.0
tmdb_332,1372,1.0
tmdb_332,1375,1.0
tmdb_332,1376,1.0
tmdb_332,1690,9.0
tmdb_332,27022,10.0
tmdb_332,39446,9.0
tmdb_332,40732,9.0
tmdb_333,318,10.0
tmdb_333,527,10.0
tmdb_333,588,7.0
tmdb_333,858,9.0
tmdb_333,912,8.0
tmdb_333,953,8.0
tmdb_333,1265,5.0
tmdb_333,1954,10.0
tmdb_333,2028,8.0
tmdb_333,2324,10.0
tmdb_333,2501,8.0
tmdb_333,3114,8.0
tmdb_333,4823,8.0
tmdb_333,4886,9.0
tmdb_333,4995,10.0
tmdb_333,8665,9.0
tmdb_333,8970,9.0
tmdb_333,30707,9.0
tmdb_333,31685,10.0
tmdb_333,33660,7.0
tmdb_333,54272,5.0
tmdb_333,73881,10.0
tmdb_333,89492,8.0
tmdb_334,260,8.0
tmdb_334,296,10.0
tmdb_334,318,8.0
tmdb_334,778,6.0
tmdb_334,858,10.0
tmdb_334,1917,6.0
tmdb_334,2028,10.0
tmdb_334,2355,6.0
tmdb_334,2959,8.0
tmdb_334,6016,10.0
tmdb_334,8873,6.0
tmdb_334,44191,7.0
tmdb_334,55721,9.0
tmdb_335,169,5.0
tmdb_335,858,10.0
tmdb_335,922,7.0
tmdb_335,1281,8.0
tmdb_335,1381,4.0
tmdb_335,2993,5.0
tmdb_335,3479,7.0
tmdb_336,260,10.0
tmdb_336,527,10.0
tmdb_336,912,6.0
tmdb_336,919,10.0
tmdb_336,922,8.0
tmdb_336,923,2.0
tmdb_336,926,10.0
tmdb_336,953,10.0
tmdb_336,954,6.0
tmdb_336,1250,10.0
tmdb_336,1269,2.0
tmdb_336,1372,4.0
tmdb_336,1387,2.0
tmdb_336,1939,10.0
tmdb_336,4191,2.0
tmdb_336,4486,2.0
tmdb_336,4539,6.0
tmdb_337,260,8.0
tmdb_337,329,10.0
tmdb_337,541,8.0
tmdb_337,891,2.0
tmdb_337,1376,8.0
tmdb_337,1969,4.0
tmdb_337,2160,2.0
tmdb_338,2,6.0
tmdb_338,17,8.0
tmdb_338,25,8.0
tmdb_338,62,8.0
tmdb_338,105,6.0
tmdb_338,110,6.0
tmdb_338,141,6.0
tmdb_338,150,8.0
tmdb_338,153,6.0
tmdb_338,158,6.0
tmdb_338,161,6.0
tmdb_338,168,6.0
tmdb_338,185,6.0
tmdb_338,193,4.0
tmdb_338,224,8.0
tmdb_338,225,6.0
tmdb_338,235,8.0
tmdb_338,236,6.0
tmdb_338,265,6.0
tmdb_338,292,6.0
tmdb_338,296,6.0
tmdb_338,300,6.0
tmdb_338,318,8.0
tmdb_338,337,10.0
tmdb_338,344,6.0
tmdb_338,350,6.0
tmdb_338,364,8.0
tmdb_338,377,6.0
tmdb_338,410,8.0
tmdb_338,454,6.0
tmdb_338,457,6.0
tmdb_338,480,6.0
tmdb_338,500,6.0
tmdb_338,508,8.0
tmdb_338,509,8.0
tmdb_338,527,10.0
tmdb_338,539,6.0
tmdb_338,588,6.0
tmdb_338,590,6.0
tmdb_338,592,6.0
tmdb_338,593,10.0
tmdb_338,595,8.0
tmdb_338,597,6.0
tmdb_338,648,8.0
tmdb_339,110,9.0
tmdb_339,145,7.0
tmdb_339,165,6.0
tmdb_339,260,6.0
tmdb_339,266,8.0
tmdb_339,293,10.0
tmdb_339,318,10.0
tmdb_339,377,8.0
tmdb_339,527,10.0
tmdb_339,541,6.0
tmdb_339,786,6.0
tmdb_339,858,6.0
tmdb_339,861,9.0
tmdb_339,1249,10.0
tmdb_339,1370,7.0
tmdb_339,1573,9.0
tmdb_339,1608,5.0
tmdb_339,2012,9.0
tmdb_339,2028,9.0
tmdb_339,2268,9.0
tmdb_339,3681,8.0
tmdb_339,5995,10.0
tmdb_339,30707,10.0
tmdb_339,74458,10.0
tmdb_339,74510,9.0
tmdb_339,74727,10.0
tmdb_339,115210,8.0
tmdb_340,6,8.0
tmdb_340,293,8.0
tmdb_340,296,7.0
tmdb_340,318,10.0
tmdb_340,364,10.0
tmdb_340,858,10.0
tmdb_340,1665,6.0
tmdb_340,1954,7.0
tmdb_340,2085,5.0
tmdb_340,2805,8.0
tmdb_340,3681,8.0
tmdb_340,4993,10.0
tmdb_341,14,8.0
tmdb_341,1267,7.0
tmdb_341,1272,7.0
tmdb_341,1892,9.0
tmdb_341,1947,6.0
tmdb_341,1959,8.0
tmdb_341,6883,9.0
tmdb_341,36527,10.0
tmdb_342,14,6.0
tmdb_342,25,8.0
tmdb_342,58,10.0
tmdb_342,150,10.0
tmdb_342,162,6.0
tmdb_342,246,10.0
tmdb_342,260,8.0
tmdb_342,296,6.0
tmdb_342,300,8.0
tmdb_342,306,10.0
tmdb_342,308,10.0
tmdb_342,318,10.0
tmdb_342,321,8.0
tmdb_342,337,8.0
tmdb_342,440,8.0
tmdb_342,508,6.0
tmdb_342,509,8.0
tmdb_342,527,10.0
tmdb_342,593,10.0
tmdb_342,608,10.0
tmdb_342,647,6.0
tmdb_342,800,10.0
tmdb_342,858,10.0
tmdb_342,866,10.0
tmdb_342,898,10.0
tmdb_342,899,8.0
tmdb_342,902,8.0
tmdb_342,903,8.0
tmdb_342,911,10.0
tmdb_342,912,10.0
tmdb_342,916,10.0
tmdb_342,919,8.0
tmdb_342,920,10.0
tmdb_342,923,10.0
tmdb_342,924,10.0
tmdb_342,934,10.0
tmdb_342,948,8.0
tmdb_342,953,10.0
tmdb_342,954,10.0
tmdb_342,1073,8.0
tmdb_342,1090,8.0
tmdb_342,1093,6.0
tmdb_342,1103,8.0
tmdb_342,1213,10.0
tmdb_342,1247,10.0
tmdb_342,1250,8.0
tmdb_342,1252,10.0
tmdb_342,1259,10.0
tmdb_342,1265,10.0
tmdb_342,1266,8.0
tmdb_342,1267,8.0
tmdb_342,1271,10.0
tmdb_342,1272,10.0
tmdb_342,1278,10.0
tmdb_342,1358,8.0
tmdb_342,1387,8.0
tmdb_342,1396,8.0
tmdb_342,1537,10.0
tmdb_342,1573,4.0
tmdb_342,1580,8.0
tmdb_342,1610,6.0
tmdb_342,1633,8.0
tmdb_342,1639,8.0
tmdb_342,1678,8.0
tmdb_342,1680,10.0
tmdb_342,1682,6.0
tmdb_342,1713,4.0
tmdb_342,1944,8.0
tmdb_342,1947,8.0
tmdb_342,1950,10.0
tmdb_342,1954,10.0
tmdb_342,1955,8.0
tmdb_342,1958,10.0
tmdb_342,1959,8.0
tmdb_342,1961,10.0
tmdb_342,1965,6.0
tmdb_342,1966,8.0
tmdb_342,1968,6.0
tmdb_342,1997,8.0
tmdb_342,2022,4.0
tmdb_342,2028,10.0
tmdb_342,2100,8.0
tmdb_342,2176,10.0
tmdb_342,2202,10.0
tmdb_342,2268,10.0
tmdb_342,2289,8.0
tmdb_342,2291,8.0
tmdb_342,2302,10.0
tmdb_342,2313,8.0
tmdb_342,2395,6.0
tmdb_342,2453,8.0
tmdb_342,2501,8.0
tmdb_342,2539,8.0
tmdb_342,2565,8.0
tmdb_342,2657,6.0
tmdb_342,2671,6.0
tmdb_342,2694,6.0
tmdb_342,2779,8.0
tmdb_342,2791,10.0
tmdb_342,2973,8.0
tmdb_342,3104,10.0
tmdb_342,3111,8.0
tmdb_342,3114,8.0
tmdb_342,5060,8.0
tmdb_343,6,10.0
tmdb_343,25,10.0
tmdb_343,62,4.0
tmdb_343,81,8.0
tmdb_343,260,10.0
tmdb_343,605,8.0
tmdb_343,608,6.0
tmdb_343,633,6.0
tmdb_343,635,6.0
tmdb_343,648,8.0
tmdb_343,661,8.0
tmdb_343,745,10.0
tmdb_343,778,10.0
tmdb_343,780,8.0
tmdb_343,802,2.0
tmdb_343,832,4.0
tmdb_343,858,10.0
tmdb_343,866,8.0
tmdb_343,994,10.0
tmdb_343,1073,10.0
tmdb_343,1393,6.0
tmdb_343,1407,8.0
tmdb_343,1422,6.0
tmdb_343,1485,8.0
tmdb_343,1552,8.0
tmdb_343,1672,8.0
tmdb_344,5,4.0
tmdb_344,82,8.0
tmdb_344,110,8.0
tmdb_344,122,6.0
tmdb_344,144,6.0
tmdb_344,153,2.0
tmdb_344,156,8.0
tmdb_344,161,8.0
tmdb_344,165,6.0
tmdb_344,168,4.0
tmdb_344,185,6.0
tmdb_344,194,10.0
tmdb_344,224,10.0
tmdb_344,225,8.0
tmdb_344,231,6.0
tmdb_344,232,10.0
tmdb_344,253,10.0
tmdb_344,260,10.0
tmdb_344,266,10.0
tmdb_344,268,10.0
tmdb_344,288,6.0
tmdb_344,290,10.0
tmdb_344,292,6.0
tmdb_344,293,8.0
tmdb_344,296,8.0
tmdb_344,299,10.0
tmdb_344,316,6.0
tmdb_344,318,10.0
tmdb_344,329,6.0
tmdb_344,337,10.0
tmdb_344,339,6.0
tmdb_344,349,8.0
tmdb_344,350,8.0
tmdb_344,364,8.0
tmdb_344,377,6.0
tmdb_344,380,6.0
tmdb_344,423,4.0
tmdb_344,431,10.0
tmdb_344,434,6.0
tmdb_344,440,8.0
tmdb_344,442,6.0
tmdb_344,454,8.0
tmdb_344,457,8.0
tmdb_344,480,4.0
tmdb_344,481,8.0
tmdb_344,489,6.0
tmdb_344,490,8.0
tmdb_344,493,6.0
tmdb_344,497,10.0
tmdb_344,500,8.0
tmdb_344,504,6.0
tmdb_344,507,8.0
tmdb_344,508,8.0
tmdb_344,509,6.0
tmdb_344,522,6.0
tmdb_344,527,8.0
tmdb_344,539,6.0
tmdb_344,541,10.0
tmdb_344,543,8.0
tmdb_344,544,4.0
tmdb_344,553,6.0
tmdb_344,586,4.0
tmdb_344,587,6.0
tmdb_344,588,10.0
tmdb_344,590,6.0
tmdb_344,592,4.0
tmdb_344,593,10.0
tmdb_344,595,6.0
tmdb_344,597,4.0
tmdb_344,632,10.0
tmdb_344,778,10.0
tmdb_344,780,6.0
tmdb_344,836,4.0
tmdb_344,850,10.0
tmdb_344,924,6.0
tmdb_344,981,2.0
tmdb_344,1088,6.0
tmdb_344,1090,10.0
tmdb_344,1091,6.0
tmdb_344,1092,6.0
tmdb_344,1124,8.0
tmdb_344,1125,6.0
tmdb_344,1127,8.0
tmdb_344,1213,8.0
tmdb_344,1246,10.0
tmdb_344,1247,10.0
tmdb_344,1249,8.0
tmdb_344,1250,8.0
tmdb_344,1259,8.0
tmdb_344,1265,8.0
tmdb_344,1266,8.0
tmdb_344,1272,8.0
tmdb_344,1277,8.0
tmdb_344,1282,6.0
tmdb_344,1370,6.0
tmdb_344,1372,8.0
tmdb_344,1373,8.0
tmdb_344,1376,6.0
tmdb_344,1377,4.0
tmdb_344,1378,6.0
tmdb_344,1380,8.0
tmdb_344,1381,2.0
tmdb_344,1387,6.0
tmdb_345,5,4.0
tmdb_345,6,5.0
tmdb_345,25,8.0
tmdb_345,62,7.0
tmdb_345,110,9.0
tmdb_345,111,10.0
tmdb_345,141,7.0
tmdb_345,153,4.0
tmdb_345,196,4.0
tmdb_345,223,10.0
tmdb_345,235,8.0
tmdb_345,253,4.0
tmdb_345,260,8.0
tmdb_345,293,6.0
tmdb_345,296,10.0
tmdb_345,318,10.0
tmdb_345,329,4.0
tmdb_345,344,1.0
tmdb_345,345,6.0
tmdb_345,364,9.0
tmdb_345,377,4.0
tmdb_345,480,4.0
tmdb_345,527,9.0
tmdb_345,539,5.0
tmdb_345,585,7.0
tmdb_345,587,4.0
tmdb_345,588,8.0
tmdb_345,592,7.0
tmdb_345,593,9.0
tmdb_345,608,10.0
tmdb_345,648,4.0
tmdb_345,780,3.0
tmdb_345,858,10.0
tmdb_345,903,9.0
tmdb_345,910,8.0
tmdb_345,924,7.0
tmdb_345,1073,9.0
tmdb_345,1213,10.0
tmdb_345,1250,10.0
tmdb_345,1252,9.0
tmdb_345,1259,10.0
tmdb_345,1285,9.0
tmdb_345,1358,9.0
tmdb_345,1372,4.0
tmdb_345,1374,7.0
tmdb_345,1375,7.0
tmdb_345,1376,6.0
tmdb_345,1377,7.0
tmdb_345,1380,9.0
tmdb_345,1394,7.0
tmdb_345,1580,6.0
tmdb_345,1584,9.0
tmdb_345,1639,9.0
tmdb_345,1641,8.0
tmdb_345,1673,6.0
tmdb_345,1682,9.0
tmdb_345,1721,4.0
tmdb_345,1921,2.0
tmdb_345,1968,9.0
tmdb_345,2028,8.0
tmdb_345,2291,2.0
tmdb_345,2302,8.0
tmdb_345,2324,5.0
tmdb_345,2383,1.0
tmdb_345,2502,8.0
tmdb_345,2657,3.0
tmdb_345,2762,9.0
tmdb_345,2770,8.0
tmdb_345,2791,9.0
tmdb_345,2959,10.0
tmdb_345,3052,7.0
tmdb_345,3101,3.0
tmdb_345,3114,9.0
tmdb_345,3176,4.0
tmdb_345,3543,10.0
tmdb_345,4034,6.0
tmdb_345,4226,9.0
tmdb_345,4327,8.0
tmdb_345,4641,10.0
tmdb_345,4886,9.0
tmdb_345,4967,9.0
tmdb_345,4975,8.0
tmdb_345,4993,8.0
tmdb_345,5060,10.0
tmdb_345,5991,7.0
tmdb_345,6016,9.0
tmdb_345,6620,9.0
tmdb_345,8337,9.0
tmdb_345,8464,8.0
tmdb_345,8961,10.0
tmdb_345,8966,8.0
tmdb_345,8970,6.0
tmdb_345,8981,8.0
tmdb_345,8983,7.0
tmdb_345,30707,9.0
tmdb_346,2,4.0
tmdb_346,110,4.0
tmdb_346,112,8.0
tmdb_346,185,8.0
tmdb_346,196,6.0
tmdb_346,260,10.0
tmdb_346,316,6.0
tmdb_346,318,2.0
tmdb_346,319,4.0
tmdb_346,344,7.0
tmdb_346,379,8.0
tmdb_346,442,8.0
tmdb_346,480,2.0
tmdb_346,504,8.0
tmdb_346,527,2.0
tmdb_346,541,10.0
tmdb_346,558,2.0
tmdb_346,590,2.0
tmdb_346,593,4.0
tmdb_346,608,2.0
tmdb_346,648,8.0
tmdb_346,653,4.0
tmdb_346,663,4.0
tmdb_346,671,10.0
tmdb_346,674,6.0
tmdb_346,750,4.0
tmdb_346,780,6.0
tmdb_346,788,2.0
tmdb_346,861,9.0
tmdb_346,876,10.0
tmdb_346,924,2.0
tmdb_346,1059,4.0
tmdb_346,1073,8.0
tmdb_346,1126,4.0
tmdb_346,1127,2.0
tmdb_346,1255,1.0
tmdb_346,1268,4.0
tmdb_346,1277,8.0
tmdb_346,1371,6.0
tmdb_346,1374,8.0
tmdb_346,1376,6.0
tmdb_346,1387,2.0
tmdb_346,1391,4.0
tmdb_346,1396,5.0
tmdb_346,1429,9.0
tmdb_346,1573,4.0
tmdb_346,1580,7.0
tmdb_346,1587,9.0
tmdb_346,1623,2.0
tmdb_346,1645,8.0
tmdb_346,1653,8.0
tmdb_346,1676,8.0
tmdb_346,1721,2.0
tmdb_346,1884,1.0
tmdb_346,1921,8.0
tmdb_346,1924,8.0
tmdb_346,1965,6.0
tmdb_346,1967,8.0
tmdb_346,2000,10.0
tmdb_346,2003,8.0
tmdb_346,2005,8.0
tmdb_346,2006,8.0
tmdb_346,2009,8.0
tmdb_346,2010,2.0
tmdb_346,2011,9.0
tmdb_346,2012,8.0
tmdb_346,2019,4.0
tmdb_346,2021,4.0
tmdb_346,2034,8.0
tmdb_346,2046,8.0
tmdb_346,2054,6.0
tmdb_346,2087,2.0
tmdb_346,2100,2.0
tmdb_346,2105,10.0
tmdb_346,2115,9.0
tmdb_346,2116,6.0
tmdb_346,2134,10.0
tmdb_346,2140,8.0
tmdb_346,2143,6.0
tmdb_346,2161,6.0
tmdb_346,2193,8.0
tmdb_346,2232,10.0
tmdb_346,2275,2.0
tmdb_346,2363,7.0
tmdb_346,2455,2.0
tmdb_346,2527,4.0
tmdb_346,2528,10.0
tmdb_346,2625,8.0
tmdb_346,2657,4.0
tmdb_346,2662,8.0
tmdb_346,2668,6.0
tmdb_346,2762,2.0
tmdb_346,2791,7.0
tmdb_346,2924,10.0
tmdb_346,3033,6.0
tmdb_346,3052,9.0
tmdb_346,3087,7.0
tmdb_346,3114,7.0
tmdb_346,3175,10.0
tmdb_346,3397,3.0
tmdb_346,3479,8.0
tmdb_346,3489,6.0
tmdb_346,3638,6.0
tmdb_346,3699,4.0
tmdb_346,3763,6.0
tmdb_346,4105,7.0
tmdb_346,4133,10.0
tmdb_346,4232,10.0
tmdb_346,4441,6.0
tmdb_346,4442,10.0
tmdb_346,4566,10.0
tmdb_346,4587,4.0
tmdb_346,4701,8.0
tmdb_346,4887,8.0
tmdb_346,4896,10.0
tmdb_346,4952,6.0
tmdb_346,4993,8.0
tmdb_346,4995,3.0
tmdb_346,5040,8.0
tmdb_346,5055,2.0
tmdb_346,5146,8.0
tmdb_346,5247,7.0
tmdb_346,5460,10.0
tmdb_346,5816,9.0
tmdb_346,5833,3.0
tmdb_346,5902,4.0
tmdb_346,7090,9.0
tmdb_346,8874,10.0
tmdb_346,8961,8.0
tmdb_346,26865,9.0
tmdb_346,31804,7.0
tmdb_346,40815,8.0
tmdb_346,42718,8.0
tmdb_346,44191,8.0
tmdb_346,45722,9.0
tmdb_347,74,3.0
tmdb_347,260,9.0
tmdb_347,527,9.0
tmdb_347,778,7.0
tmdb_347,786,8.0
tmdb_347,858,8.0
tmdb_347,1721,8.0
tmdb_347,4993,10.0
tmdb_348,24,4.0
tmdb_348,73,8.0
tmdb_348,111,10.0
tmdb_348,175,10.0
tmdb_348,235,10.0
tmdb_348,293,8.0
tmdb_348,296,6.0
tmdb_348,299,10.0
tmdb_348,334,2.0
tmdb_348,337,10.0
tmdb_348,509,2.0
tmdb_348,523,10.0
tmdb_348,562,10.0
tmdb_348,574,10.0
tmdb_348,593,8.0
tmdb_348,678,10.0
tmdb_348,778,2.0
tmdb_348,982,2.0
tmdb_348,1050,2.0
tmdb_348,1213,2.0
tmdb_348,1247,10.0
tmdb_348,1251,2.0
tmdb_348,1358,10.0
tmdb_348,1673,10.0
tmdb_348,1682,10.0
tmdb_348,1719,10.0
tmdb_348,2002,2.0
tmdb_348,2020,2.0
tmdb_348,2026,8.0
tmdb_348,2160,10.0
tmdb_348,2289,10.0
tmdb_348,2324,2.0
tmdb_348,2438,8.0
tmdb_348,3089,10.0
tmdb_348,3476,10.0
tmdb_349,480,8.0
tmdb_349,593,8.0
tmdb_349,880,6.0
tmdb_349,1285,8.0
tmdb_349,1792,6.0
tmdb_349,1961,6.0
tmdb_349,4369,4.0
tmdb_349,4638,6.0
tmdb_350,69,10.0
tmdb_350,104,10.0
tmdb_350,260,8.0
tmdb_350,318,10.0
tmdb_350,454,8.0
tmdb_350,590,10.0
tmdb_350,805,10.0
tmdb_350,858,6.0
tmdb_350,1073,4.0
tmdb_350,1089,10.0
tmdb_350,1127,8.0
tmdb_350,1257,10.0
tmdb_350,1271,10.0
tmdb_350,1380,6.0
tmdb_350,1444,8.0
tmdb_350,1580,8.0
tmdb_350,1586,4.0
tmdb_350,1676,4.0
tmdb_350,1732,8.0
tmdb_350,1911,4.0
tmdb_350,1959,8.0
tmdb_350,1968,8.0
tmdb_350,2005,10.0
tmdb_350,2012,8.0
tmdb_350,2115,10.0
tmdb_350,2302,8.0
tmdb_350,2324,10.0
tmdb_350,2371,10.0
tmdb_350,2395,8.0
tmdb_350,2433,8.0
tmdb_350,2502,10.0
tmdb_350,2594,8.0
tmdb_350,2605,8.0
tmdb_350,2699,2.0
tmdb_350,2770,4.0
tmdb_350,2959,10.0
tmdb_350,3053,6.0
tmdb_350,3083,6.0
tmdb_350,3175,4.0
tmdb_350,3177,8.0
tmdb_350,3397,6.0
tmdb_350,3484,8.0
tmdb_350,3513,8.0
tmdb_350,4011,10.0
tmdb_350,4031,6.0
tmdb_350,4034,8.0
tmdb_350,4226,10.0
tmdb_350,4235,10.0
tmdb_350,4247,6.0
tmdb_350,4369,8.0
tmdb_350,4641,10.0
tmdb_350,4643,4.0
tmdb_350,4728,10.0
tmdb_350,4816,8.0
tmdb_350,4886,8.0
tmdb_350,4958,10.0
tmdb_350,4967,10.0
tmdb_350,4973,8.0
tmdb_350,4975,6.0
tmdb_350,4989,4.0
tmdb_350,4993,10.0
tmdb_350,5065,4.0
tmdb_351,277,8.0
tmdb_351,524,10.0
tmdb_351,858,10.0
tmdb_351,912,10.0
tmdb_351,950,10.0
tmdb_351,951,8.0
tmdb_351,1249,6.0
tmdb_351,1250,8.0
tmdb_351,1259,10.0
tmdb_351,1269,10.0
tmdb_351,1580,10.0
tmdb_351,1673,8.0
tmdb_351,1968,10.0
tmdb_351,2291,8.0
tmdb_351,2668,10.0
tmdb_351,2791,10.0
tmdb_351,3512,8.0
tmdb_352,260,10.0
tmdb_352,296,8.0
tmdb_352,316,6.0
tmdb_352,318,10.0
tmdb_352,480,9.0
tmdb_352,551,8.0
tmdb_352,593,8.0
tmdb_352,1213,5.0
tmdb_352,1259,8.0
tmdb_352,1278,8.0
tmdb_352,1732,8.0
tmdb_352,1907,8.0
tmdb_352,2115,7.0
tmdb_352,2959,9.0
tmdb_352,3114,8.0
tmdb_352,4886,7.0
tmdb_352,5146,6.0
tmdb_352,5971,9.0
tmdb_352,6283,8.0
tmdb_352,27904,5.0
tmdb_352,31658,8.0
tmdb_352,32456,6.0
tmdb_352,58559,9.0
tmdb_353,2,4.0
tmdb_353,19,5.0
tmdb_353,21,6.0
tmdb_353,62,7.0
tmdb_353,93,3.0
tmdb_353,95,5.0
tmdb_353,104,7.0
tmdb_353,110,7.0
tmdb_353,112,4.0
tmdb_353,150,4.0
tmdb_353,153,3.0
tmdb_353,161,6.0
tmdb_353,163,7.0
tmdb_353,165,7.0
tmdb_353,170,4.0
tmdb_353,180,5.0
tmdb_353,204,3.0
tmdb_353,231,5.0
tmdb_353,253,6.0
tmdb_353,260,6.0
tmdb_353,292,2.0
tmdb_353,293,7.0
tmdb_353,296,7.0
tmdb_353,315,4.0
tmdb_353,316,6.0
tmdb_353,317,3.0
tmdb_353,318,8.0
tmdb_353,344,6.0
tmdb_353,349,6.0
tmdb_353,364,4.0
tmdb_353,377,3.0
tmdb_353,380,4.0
tmdb_353,410,3.0
tmdb_353,434,3.0
tmdb_353,440,6.0
tmdb_353,442,2.0
tmdb_353,454,2.0
tmdb_353,457,6.0
tmdb_353,480,6.0
tmdb_353,500,2.0
tmdb_353,502,1.0
tmdb_353,586,5.0
tmdb_353,588,6.0
tmdb_353,590,6.0
tmdb_353,592,5.0
tmdb_353,593,7.0
tmdb_353,597,3.0
tmdb_353,637,2.0
tmdb_353,648,3.0
tmdb_353,708,4.0
tmdb_353,745,5.0
tmdb_353,750,6.0
tmdb_353,780,3.0
tmdb_353,784,2.0
tmdb_353,786,2.0
tmdb_353,818,3.0
tmdb_353,832,4.0
tmdb_353,849,2.0
tmdb_353,858,7.0
tmdb_353,924,6.0
tmdb_353,1073,4.0
tmdb_353,1089,6.0
tmdb_353,1090,7.0
tmdb_353,1250,6.0
tmdb_353,1259,6.0
tmdb_353,1262,7.0
tmdb_353,1265,6.0
tmdb_353,1367,3.0
tmdb_353,1370,4.0
tmdb_353,1377,4.0
tmdb_353,1387,7.0
tmdb_353,1389,2.0
tmdb_353,1391,4.0
tmdb_353,1393,5.0
tmdb_353,1408,7.0
tmdb_353,1562,2.0
tmdb_353,1580,2.0
tmdb_353,1587,7.0
tmdb_353,1610,7.0
tmdb_353,1653,7.0
tmdb_353,1676,5.0
tmdb_353,1682,6.0
tmdb_353,1690,4.0
tmdb_353,1721,3.0
tmdb_353,1917,6.0
tmdb_353,1918,4.0
tmdb_353,1975,3.0
tmdb_353,1976,2.0
tmdb_353,2000,7.0
tmdb_353,2001,5.0
tmdb_353,2002,5.0
tmdb_353,2005,5.0
tmdb_353,2011,6.0
tmdb_353,2012,6.0
tmdb_353,2018,2.0
tmdb_353,2028,6.0
tmdb_353,2054,2.0
tmdb_353,2115,6.0
tmdb_353,2268,7.0
tmdb_353,2355,6.0
tmdb_353,2460,2.0
tmdb_353,2516,1.0
tmdb_353,2662,4.0
tmdb_353,2699,7.0
tmdb_353,2761,6.0
tmdb_353,2762,7.0
tmdb_353,2959,8.0
tmdb_353,3033,7.0
tmdb_353,3052,6.0
tmdb_353,3114,6.0
tmdb_353,3175,2.0
tmdb_353,3682,6.0
tmdb_353,4011,8.0
tmdb_353,4034,3.0
tmdb_353,4105,6.0
tmdb_353,4148,5.0
tmdb_353,4369,7.0
tmdb_353,4638,2.0
tmdb_353,4701,3.0
tmdb_353,4816,7.0
tmdb_353,4886,6.0
tmdb_353,4958,4.0
tmdb_353,4973,6.0
tmdb_353,4974,5.0
tmdb_353,4993,4.0
tmdb_353,5040,5.0
tmdb_353,5055,6.0
tmdb_353,5064,7.0
tmdb_353,5255,3.0
tmdb_353,5558,5.0
tmdb_353,5833,6.0
tmdb_353,6283,5.0
tmdb_353,6537,6.0
tmdb_353,6593,3.0
tmdb_353,6615,4.0
tmdb_353,6934,5.0
tmdb_353,6936,7.0
tmdb_353,6957,6.0
tmdb_353,7007,7.0
tmdb_353,7090,5.0
tmdb_353,7445,8.0
tmdb_353,8010,6.0
tmdb_353,8340,7.0
tmdb_353,8363,5.0
tmdb_353,8464,7.0
tmdb_353,8665,7.0
tmdb_353,8810,3.0
tmdb_353,8860,1.0
tmdb_353,8874,7.0
tmdb_353,8961,6.0
tmdb_353,8983,5.0
tmdb_353,26555,2.0
tmdb_353,30707,7.0
tmdb_353,30793,6.0
tmdb_353,31221,3.0
tmdb_353,32029,7.0
tmdb_353,34334,4.0
tmdb_353,37380,5.0
tmdb_353,40723,4.0
tmdb_353,40815,6.0
tmdb_353,41566,6.0
tmdb_353,42738,5.0
tmdb_353,43904,5.0
tmdb_353,43919,4.0
tmdb_353,44004,5.0
tmdb_353,44191,8.0
tmdb_353,45431,4.0
tmdb_353,45722,6.0
tmdb_353,45726,5.0
tmdb_353,48385,2.0
tmdb_353,49530,8.0
tmdb_353,58559,8.0
tmdb_354,11,10.0
tmdb_354,112,10.0
tmdb_354,153,6.0
tmdb_354,165,4.0
tmdb_354,173,8.0
tmdb_354,232,10.0
tmdb_354,235,10.0
tmdb_354,253,6.0
tmdb_354,265,10.0
tmdb_354,288,6.0
tmdb_354,316,6.0
tmdb_354,318,10.0
tmdb_354,329,6.0
tmdb_354,344,4.0
tmdb_354,348,10.0
tmdb_354,349,8.0
tmdb_354,364,6.0
tmdb_354,377,8.0
tmdb_354,380,8.0
tmdb_354,410,10.0
tmdb_354,440,10.0
tmdb_354,442,8.0
tmdb_354,457,8.0
tmdb_354,466,8.0
tmdb_354,475,10.0
tmdb_354,480,6.0
tmdb_354,497,10.0
tmdb_354,527,10.0
tmdb_354,551,8.0
tmdb_354,552,6.0
tmdb_354,587,2.0
tmdb_354,588,4.0
tmdb_354,590,6.0
tmdb_354,592,8.0
tmdb_354,593,10.0
tmdb_354,594,6.0
tmdb_354,595,8.0
tmdb_354,596,8.0
tmdb_354,597,6.0
tmdb_354,1073,10.0
tmdb_355,2,6.0
tmdb_355,6,8.0
tmdb_355,19,6.0
tmdb_355,70,6.0
tmdb_355,95,6.0
tmdb_355,110,8.0
tmdb_355,150,6.0
tmdb_355,153,6.0
tmdb_355,165,6.0
tmdb_355,168,6.0
tmdb_355,173,3.0
tmdb_355,185,5.0
tmdb_355,231,7.0
tmdb_355,253,9.0
tmdb_355,260,10.0
tmdb_355,292,7.0
tmdb_355,293,9.0
tmdb_355,296,9.0
tmdb_355,316,8.0
tmdb_355,318,10.0
tmdb_355,344,6.0
tmdb_355,364,8.0
tmdb_355,377,8.0
tmdb_355,380,7.0
tmdb_355,434,7.0
tmdb_355,442,8.0
tmdb_355,454,8.0
tmdb_355,457,6.0
tmdb_355,480,7.0
tmdb_355,500,4.0
tmdb_355,508,8.0
tmdb_355,527,8.0
tmdb_355,541,9.0
tmdb_355,551,8.0
tmdb_355,588,6.0
tmdb_355,590,8.0
tmdb_355,592,7.0
tmdb_355,593,9.0
tmdb_355,597,5.0
tmdb_355,648,7.0
tmdb_355,750,7.0
tmdb_355,778,9.0
tmdb_355,780,6.0
tmdb_355,858,10.0
tmdb_355,902,7.0
tmdb_355,919,9.0
tmdb_355,924,10.0
tmdb_355,968,9.0
tmdb_355,1073,7.0
tmdb_355,1089,9.0
tmdb_355,1090,8.0
tmdb_355,1092,8.0
tmdb_355,1127,8.0
tmdb_355,1253,9.0
tmdb_355,1259,8.0
tmdb_355,1265,8.0
tmdb_355,1380,5.0
tmdb_355,1387,8.0
tmdb_355,1393,6.0
tmdb_355,1580,8.0
tmdb_355,1584,9.0
tmdb_355,1645,8.0
tmdb_355,1676,8.0
tmdb_355,1721,4.0
tmdb_355,1732,8.0
tmdb_355,1892,7.0
tmdb_355,1909,6.0
tmdb_355,1917,3.0
tmdb_355,1921,8.0
tmdb_355,1961,8.0
tmdb_355,1994,6.0
tmdb_355,1997,8.0
tmdb_355,2012,7.0
tmdb_355,2028,9.0
tmdb_355,2115,9.0
tmdb_355,2232,8.0
tmdb_355,2288,8.0
tmdb_355,2428,4.0
tmdb_355,2455,9.0
tmdb_355,2459,8.0
tmdb_355,2699,4.0
tmdb_355,2762,9.0
tmdb_355,2959,10.0
tmdb_355,3052,7.0
tmdb_355,3062,7.0
tmdb_355,3114,6.0
tmdb_355,3593,3.0
tmdb_355,3686,7.0
tmdb_355,4011,10.0
tmdb_355,4105,7.0
tmdb_355,4148,7.0
tmdb_355,4226,8.0
tmdb_355,4641,4.0
tmdb_355,4643,5.0
tmdb_355,4886,8.0
tmdb_355,4896,5.0
tmdb_355,4973,9.0
tmdb_355,4993,9.0
tmdb_355,4995,7.0
tmdb_355,5065,7.0
tmdb_355,5816,6.0
tmdb_355,5833,6.0
tmdb_355,6016,2.0
tmdb_355,6537,6.0
tmdb_355,6934,6.0
tmdb_355,6947,7.0
tmdb_355,7347,7.0
tmdb_355,7454,4.0
tmdb_355,7980,6.0
tmdb_355,8464,7.0
tmdb_355,8665,7.0
tmdb_355,8810,6.0
tmdb_355,8874,8.0
tmdb_355,8961,9.0
tmdb_355,31658,8.0
tmdb_355,31696,6.0
tmdb_355,37380,4.0
tmdb_355,40815,7.0
tmdb_355,44191,7.0
tmdb_355,45722,5.0
tmdb_355,54272,8.0
tmdb_355,58559,10.0
tmdb_356,144,6.0
tmdb_356,207,6.0
tmdb_356,338,4.0
tmdb_356,799,7.0
tmdb_356,994,7.0
tmdb_356,2360,1.0
tmdb_356,2501,10.0
tmdb_356,2722,7.0
tmdb_357,19,8.0
tmdb_357,58,10.0
tmdb_357,141,6.0
tmdb_357,158,6.0
tmdb_357,161,8.0
tmdb_357,203,8.0
tmdb_357,223,8.0
tmdb_357,231,8.0
tmdb_357,249,10.0
tmdb_357,253,10.0
tmdb_357,265,10.0
tmdb_357,272,8.0
tmdb_357,277,6.0
tmdb_357,329,6.0
tmdb_357,342,10.0
tmdb_357,344,8.0
tmdb_357,364,10.0
tmdb_357,410,6.0
tmdb_357,454,8.0
tmdb_357,551,10.0
tmdb_357,581,10.0
tmdb_357,588,10.0
tmdb_357,592,8.0
tmdb_357,595,10.0
tmdb_357,745,10.0
tmdb_358,3,2.0
tmdb_358,5,4.0
tmdb_358,6,6.0
tmdb_358,11,6.0
tmdb_358,12,2.0
tmdb_358,17,10.0
tmdb_358,19,2.0
tmdb_358,21,8.0
tmdb_358,58,10.0
tmdb_358,64,2.0
tmdb_358,65,2.0
tmdb_358,70,2.0
tmdb_358,81,2.0
tmdb_358,102,2.0
tmdb_358,104,2.0
tmdb_358,110,2.0
tmdb_358,111,10.0
tmdb_358,116,10.0
tmdb_358,140,6.0
tmdb_358,141,6.0
tmdb_358,144,8.0
tmdb_358,153,4.0
tmdb_358,215,10.0
tmdb_358,223,10.0
tmdb_358,224,8.0
tmdb_358,231,2.0
tmdb_358,236,8.0
tmdb_358,237,6.0
tmdb_358,246,10.0
tmdb_358,252,6.0
tmdb_358,260,10.0
tmdb_358,276,4.0
tmdb_358,289,6.0
tmdb_358,296,10.0
tmdb_358,317,4.0
tmdb_358,318,10.0
tmdb_358,337,6.0
tmdb_358,339,6.0
tmdb_358,344,2.0
tmdb_358,348,10.0
tmdb_358,364,8.0
tmdb_358,377,6.0
tmdb_358,378,4.0
tmdb_358,380,4.0
tmdb_358,414,4.0
tmdb_358,429,2.0
tmdb_358,434,4.0
tmdb_358,435,4.0
tmdb_358,440,8.0
tmdb_358,441,8.0
tmdb_358,457,4.0
tmdb_358,466,2.0
tmdb_358,470,2.0
tmdb_358,492,8.0
tmdb_358,493,8.0
tmdb_358,500,8.0
tmdb_358,505,2.0
tmdb_358,509,8.0
tmdb_358,527,10.0
tmdb_358,539,6.0
tmdb_358,543,4.0
tmdb_358,551,4.0
tmdb_358,552,2.0
tmdb_358,585,8.0
tmdb_358,586,6.0
tmdb_358,587,8.0
tmdb_358,588,10.0
tmdb_358,592,8.0
tmdb_358,593,10.0
tmdb_358,594,8.0
tmdb_358,595,10.0
tmdb_358,596,6.0
tmdb_358,597,8.0
tmdb_358,605,4.0
tmdb_358,608,10.0
tmdb_358,663,2.0
tmdb_358,673,4.0
tmdb_358,707,4.0
tmdb_358,708,6.0
tmdb_358,710,2.0
tmdb_358,762,2.0
tmdb_358,765,2.0
tmdb_358,778,8.0
tmdb_358,783,6.0
tmdb_358,784,2.0
tmdb_358,788,8.0
tmdb_358,802,8.0
tmdb_358,804,4.0
tmdb_358,829,2.0
tmdb_358,838,4.0
tmdb_358,858,10.0
tmdb_358,869,6.0
tmdb_358,898,10.0
tmdb_358,899,10.0
tmdb_358,900,10.0
tmdb_358,902,10.0
tmdb_358,905,10.0
tmdb_358,907,8.0
tmdb_358,909,8.0
tmdb_358,910,10.0
tmdb_358,911,8.0
tmdb_358,912,10.0
tmdb_358,913,10.0
tmdb_358,914,6.0
tmdb_358,919,10.0
tmdb_358,920,6.0
tmdb_358,921,10.0
tmdb_358,922,10.0
tmdb_358,923,10.0
tmdb_358,926,10.0
tmdb_358,928,8.0
tmdb_358,934,8.0
tmdb_358,942,8.0
tmdb_358,946,8.0
tmdb_358,951,10.0
tmdb_358,953,10.0
tmdb_358,954,10.0
tmdb_358,1023,10.0
tmdb_358,1059,2.0
tmdb_358,1073,8.0
tmdb_358,1088,6.0
tmdb_358,1089,6.0
tmdb_358,1091,2.0
tmdb_358,1093,2.0
tmdb_358,1125,6.0
tmdb_358,1213,10.0
tmdb_358,1244,10.0
tmdb_358,1247,10.0
tmdb_358,1250,10.0
tmdb_358,1257,4.0
tmdb_358,1259,8.0
tmdb_358,1265,10.0
tmdb_358,1266,10.0
tmdb_358,1267,10.0
tmdb_358,1269,8.0
tmdb_358,1272,10.0
tmdb_358,1278,10.0
tmdb_358,1279,8.0
tmdb_358,1281,10.0
tmdb_358,1282,8.0
tmdb_358,1285,6.0
tmdb_358,1358,10.0
tmdb_358,1359,4.0
tmdb_358,1376,6.0
tmdb_358,1377,4.0
tmdb_358,1378,2.0
tmdb_358,1379,2.0
tmdb_358,1380,10.0
tmdb_358,1381,6.0
tmdb_358,1387,6.0
tmdb_358,1391,2.0
tmdb_358,1393,8.0
tmdb_358,1396,6.0
tmdb_358,1414,10.0
tmdb_358,1416,6.0
tmdb_358,1441,6.0
tmdb_358,1479,2.0
tmdb_358,1485,8.0
tmdb_358,1487,8.0
tmdb_358,1541,4.0
tmdb_358,1556,2.0
tmdb_358,1562,2.0
tmdb_358,1566,8.0
tmdb_358,1580,6.0
tmdb_358,1581,2.0
tmdb_358,1597,6.0
tmdb_358,1610,6.0
tmdb_358,1620,6.0
tmdb_358,1627,2.0
tmdb_358,1629,2.0
tmdb_358,1641,8.0
tmdb_358,1642,4.0
tmdb_358,1645,8.0
tmdb_358,1646,2.0
tmdb_358,1647,2.0
tmdb_358,1688,8.0
tmdb_358,1689,2.0
tmdb_358,1694,10.0
tmdb_358,1701,8.0
tmdb_358,1721,4.0
tmdb_358,1729,8.0
tmdb_358,1732,8.0
tmdb_358,1835,4.0
tmdb_358,1863,2.0
tmdb_358,1883,8.0
tmdb_358,1888,4.0
tmdb_358,1894,6.0
tmdb_358,1911,8.0
tmdb_358,1912,8.0
tmdb_358,1918,4.0
tmdb_358,1934,10.0
tmdb_358,1938,10.0
tmdb_358,1939,10.0
tmdb_358,1940,10.0
tmdb_358,1942,10.0
tmdb_358,1944,10.0
tmdb_358,1945,10.0
tmdb_358,1946,8.0
tmdb_358,1947,8.0
tmdb_358,1950,10.0
tmdb_358,1954,10.0
tmdb_358,1958,8.0
tmdb_358,1959,4.0
tmdb_358,1963,10.0
tmdb_358,1966,6.0
tmdb_358,1968,8.0
tmdb_358,2000,8.0
tmdb_358,2001,6.0
tmdb_358,2002,4.0
tmdb_358,2003,4.0
tmdb_358,2004,2.0
tmdb_358,2011,6.0
tmdb_358,2012,4.0
tmdb_358,2014,6.0
tmdb_358,2015,6.0
tmdb_358,2018,8.0
tmdb_358,2020,8.0
tmdb_358,2023,2.0
tmdb_358,2028,8.0
tmdb_358,2044,4.0
tmdb_358,2054,6.0
tmdb_358,2064,10.0
tmdb_358,2078,6.0
tmdb_358,2080,8.0
tmdb_358,2082,2.0
tmdb_358,2085,6.0
tmdb_358,2095,6.0
tmdb_358,2098,2.0
tmdb_358,2099,8.0
tmdb_358,2100,8.0
tmdb_358,2108,6.0
tmdb_358,2109,6.0
tmdb_358,2110,6.0
tmdb_358,2111,4.0
tmdb_358,2112,4.0
tmdb_358,2124,4.0
tmdb_358,2125,8.0
tmdb_358,2133,2.0
tmdb_358,2134,4.0
tmdb_358,2135,8.0
tmdb_358,2141,6.0
tmdb_358,2144,8.0
tmdb_358,2241,4.0
tmdb_358,2252,8.0
tmdb_358,2253,2.0
tmdb_358,2255,2.0
tmdb_358,2259,4.0
tmdb_358,2261,4.0
tmdb_358,2262,4.0
tmdb_358,2266,4.0
tmdb_358,2268,6.0
tmdb_358,2286,2.0
tmdb_358,2289,10.0
tmdb_358,2290,6.0
tmdb_358,2291,6.0
tmdb_358,2297,2.0
tmdb_358,2300,10.0
tmdb_358,2302,8.0
tmdb_358,2321,10.0
tmdb_358,2324,10.0
tmdb_358,2335,4.0
tmdb_358,2355,8.0
tmdb_358,2359,10.0
tmdb_358,2371,8.0
tmdb_358,2383,2.0
tmdb_358,2395,10.0
tmdb_358,2447,2.0
tmdb_358,2463,8.0
tmdb_358,2469,2.0
tmdb_358,2470,8.0
tmdb_358,2539,8.0
tmdb_358,2567,6.0
tmdb_358,2605,4.0
tmdb_358,2616,6.0
tmdb_358,2657,2.0
tmdb_358,2671,10.0
tmdb_358,2690,8.0
tmdb_358,2699,2.0
tmdb_358,2728,8.0
tmdb_358,2750,10.0
tmdb_358,2762,10.0
tmdb_358,2770,8.0
tmdb_358,2779,10.0
tmdb_358,2791,8.0
tmdb_358,2805,4.0
tmdb_358,2973,10.0
tmdb_358,3019,8.0
tmdb_358,3033,4.0
tmdb_358,3035,8.0
tmdb_358,3040,6.0
tmdb_358,3043,2.0
tmdb_358,3060,4.0
tmdb_358,3062,6.0
tmdb_358,3072,8.0
tmdb_358,3087,6.0
tmdb_358,3104,8.0
tmdb_358,3114,10.0
tmdb_358,3146,2.0
tmdb_358,3396,8.0
tmdb_358,3418,6.0
tmdb_358,3469,10.0
tmdb_358,3525,6.0
tmdb_358,3526,8.0
tmdb_358,3529,4.0
tmdb_358,3536,6.0
tmdb_358,3543,10.0
tmdb_358,3549,4.0
tmdb_358,3591,8.0
tmdb_358,3600,6.0
tmdb_358,5060,6.0
tmdb_359,58,9.0
tmdb_359,215,8.0
tmdb_359,290,7.0
tmdb_359,306,9.0
tmdb_359,307,9.0
tmdb_359,318,8.0
tmdb_359,364,9.0
tmdb_359,527,8.0
tmdb_359,590,6.0
tmdb_359,858,7.0
tmdb_359,912,6.0
tmdb_359,922,7.0
tmdb_359,1635,6.0
tmdb_359,1779,6.0
tmdb_359,1959,9.0
tmdb_359,2324,6.0
tmdb_359,2959,7.0
tmdb_359,4973,7.0
tmdb_359,8014,8.0
tmdb_359,8656,9.0
tmdb_359,26587,10.0
tmdb_359,30707,6.0
tmdb_360,111,10.0
tmdb_360,161,10.0
tmdb_360,457,10.0
tmdb_360,593,10.0
tmdb_360,608,8.0
tmdb_360,628,8.0
tmdb_360,924,8.0
tmdb_360,1089,8.0
tmdb_360,1358,8.0
tmdb_360,1562,4.0
tmdb_360,1732,8.0
tmdb_360,2058,6.0
tmdb_360,2160,8.0
tmdb_360,2313,4.0
tmdb_360,2616,4.0
tmdb_360,3101,10.0
tmdb_360,3763,6.0
tmdb_361,3,8.0
tmdb_361,12,6.0
tmdb_361,14,8.0
tmdb_361,17,10.0
tmdb_361,25,8.0
tmdb_361,58,6.0
tmdb_361,65,6.0
tmdb_361,66,8.0
tmdb_361,74,8.0
tmdb_361,76,8.0
tmdb_361,79,6.0
tmdb_361,86,6.0
tmdb_361,88,8.0
tmdb_361,100,6.0
tmdb_361,107,8.0
tmdb_361,135,6.0
tmdb_361,140,6.0
tmdb_361,260,10.0
tmdb_361,494,6.0
tmdb_361,608,6.0
tmdb_361,609,6.0
tmdb_361,628,6.0
tmdb_361,631,8.0
tmdb_361,637,8.0
tmdb_361,640,6.0
tmdb_361,647,8.0
tmdb_361,648,6.0
tmdb_361,653,10.0
tmdb_361,661,8.0
tmdb_361,671,8.0
tmdb_361,673,8.0
tmdb_361,707,6.0
tmdb_361,711,8.0
tmdb_361,761,8.0
tmdb_361,762,6.0
tmdb_361,765,4.0
tmdb_361,778,6.0
tmdb_361,780,10.0
tmdb_361,783,8.0
tmdb_361,786,6.0
tmdb_361,788,8.0
tmdb_361,802,6.0
tmdb_361,805,8.0
tmdb_361,830,6.0
tmdb_361,832,8.0
tmdb_361,839,10.0
tmdb_361,858,8.0
tmdb_361,1073,8.0
tmdb_361,1367,10.0
tmdb_361,1393,6.0
tmdb_361,1405,6.0
tmdb_362,70,7.0
tmdb_362,235,6.0
tmdb_362,288,8.0
tmdb_362,293,10.0
tmdb_362,296,9.0
tmdb_362,318,10.0
tmdb_362,541,9.0
tmdb_362,551,10.0
tmdb_362,592,8.0
tmdb_362,593,10.0
tmdb_362,616,7.0
tmdb_362,750,8.0
tmdb_362,858,8.0
tmdb_362,903,7.0
tmdb_362,924,6.0
tmdb_362,996,4.0
tmdb_362,1125,7.0
tmdb_362,1213,8.0
tmdb_362,1265,7.0
tmdb_362,1732,9.0
tmdb_362,1884,5.0
tmdb_362,1961,7.0
tmdb_362,2028,5.0
tmdb_362,2115,7.0
tmdb_362,2324,9.0
tmdb_362,2470,5.0
tmdb_362,2762,8.0
tmdb_362,2770,4.0
tmdb_362,2959,5.0
tmdb_362,4011,8.0
tmdb_362,4226,7.0
tmdb_362,4296,7.0
tmdb_362,4973,10.0
tmdb_362,4993,6.0
tmdb_362,8327,9.0
tmdb_362,8961,9.0
tmdb_362,8970,8.0
tmdb_362,27523,10.0
tmdb_362,30793,8.0
tmdb_362,33166,9.0
tmdb_362,45722,8.0
tmdb_362,58559,10.0
tmdb_363,110,2.0
tmdb_363,198,8.0
tmdb_363,256,4.0
tmdb_363,260,10.0
tmdb_363,316,4.0
tmdb_363,322,4.0
tmdb_363,327,4.0
tmdb_363,346,6.0
tmdb_363,364,8.0
tmdb_363,379,4.0
tmdb_363,480,8.0
tmdb_363,527,10.0
tmdb_363,541,10.0
tmdb_363,551,8.0
tmdb_363,588,8.0
tmdb_363,594,10.0
tmdb_363,595,10.0
tmdb_363,596,10.0
tmdb_363,608,10.0
tmdb_363,616,8.0
tmdb_363,661,6.0
tmdb_363,709,4.0
tmdb_363,745,10.0
tmdb_363,750,8.0
tmdb_363,780,4.0
tmdb_363,783,8.0
tmdb_363,899,10.0
tmdb_363,900,8.0
tmdb_363,901,8.0
tmdb_363,914,10.0
tmdb_363,919,10.0
tmdb_363,926,10.0
tmdb_363,948,8.0
tmdb_363,949,8.0
tmdb_363,1023,8.0
tmdb_363,1024,6.0
tmdb_363,1088,4.0
tmdb_363,1093,6.0
tmdb_363,1103,10.0
tmdb_363,1127,8.0
tmdb_363,1282,10.0
tmdb_363,1371,4.0
tmdb_363,1372,4.0
tmdb_363,1374,8.0
tmdb_363,1375,6.0
tmdb_363,1376,8.0
tmdb_363,1380,10.0
tmdb_363,1381,4.0
tmdb_363,1391,8.0
tmdb_363,1416,10.0
tmdb_363,1544,4.0
tmdb_363,1566,8.0
tmdb_363,1573,8.0
tmdb_363,1584,10.0
tmdb_363,1648,8.0
tmdb_363,1653,8.0
tmdb_363,1676,2.0
tmdb_363,1680,6.0
tmdb_363,1682,10.0
tmdb_363,1688,8.0
tmdb_363,1690,8.0
tmdb_363,1701,4.0
tmdb_363,1907,6.0
tmdb_363,1917,2.0
tmdb_363,1921,8.0
tmdb_363,1947,10.0
tmdb_363,1951,10.0
tmdb_363,1965,8.0
tmdb_363,2010,10.0
tmdb_363,2011,6.0
tmdb_363,2012,4.0
tmdb_363,2018,8.0
tmdb_363,2021,4.0
tmdb_363,2028,2.0
tmdb_363,2048,8.0
tmdb_363,2054,6.0
tmdb_363,2078,10.0
tmdb_363,2080,8.0
tmdb_363,2084,4.0
tmdb_363,2085,8.0
tmdb_363,2087,8.0
tmdb_363,2094,8.0
tmdb_363,2105,6.0
tmdb_363,2112,10.0
tmdb_363,2135,8.0
tmdb_363,2140,10.0
tmdb_363,2289,10.0
tmdb_363,2294,8.0
tmdb_363,2355,8.0
tmdb_363,2357,8.0
tmdb_363,2436,8.0
tmdb_363,2455,6.0
tmdb_363,2486,6.0
tmdb_363,2525,4.0
tmdb_363,2528,8.0
tmdb_363,2546,6.0
tmdb_363,2565,8.0
tmdb_363,2575,8.0
tmdb_363,2640,8.0
tmdb_363,2642,2.0
tmdb_363,2657,8.0
tmdb_363,2671,8.0
tmdb_363,2690,8.0
tmdb_363,2699,4.0
tmdb_363,2731,8.0
tmdb_363,2762,8.0
tmdb_363,2959,6.0
tmdb_363,3034,6.0
tmdb_364,293,1.0
tmdb_364,306,1.0
tmdb_364,318,9.0
tmdb_364,541,3.0
tmdb_364,1265,10.0
tmdb_364,1732,9.0
tmdb_364,8464,9.0
tmdb_364,31658,4.0
tmdb_364,45722,9.0
tmdb_365,150,10.0
tmdb_365,364,8.0
tmdb_365,480,9.0
tmdb_365,909,10.0
tmdb_365,914,10.0
tmdb_365,1103,10.0
tmdb_365,1380,9.0
tmdb_365,1580,9.0
tmdb_365,1947,10.0
tmdb_365,1961,10.0
tmdb_365,2012,10.0
tmdb_365,2642,9.0
tmdb_365,3101,6.0
tmdb_365,3635,8.0
tmdb_365,4816,6.0
tmdb_365,4993,10.0
tmdb_365,4995,10.0
tmdb_365,5481,8.0
tmdb_365,5991,10.0
tmdb_365,8665,10.0
tmdb_365,8833,8.0
tmdb_365,8961,9.0
tmdb_365,8984,8.0
tmdb_365,58559,6.0
tmdb_366,24,8.0
tmdb_366,2134,6.0
tmdb_366,2642,5.0
tmdb_366,2761,7.0
tmdb_366,4011,8.0
tmdb_366,4886,8.0
tmdb_366,4973,10.0
tmdb_366,8874,8.0
tmdb_366,8961,10.0
tmdb_366,45431,9.0
tmdb_366,47518,9.0
tmdb_366,56152,6.0
tmdb_366,61348,1.0
tmdb_367,6,4.0
tmdb_367,21,6.0
tmdb_367,95,8.0
tmdb_367,160,5.0
tmdb_367,172,4.0
tmdb_367,173,1.0
tmdb_367,223,7.0
tmdb_367,260,10.0
tmdb_367,380,9.0
tmdb_367,440,8.0
tmdb_367,457,9.0
tmdb_367,490,8.0
tmdb_367,539,6.0
tmdb_367,541,10.0
tmdb_367,608,9.0
tmdb_367,750,8.0
tmdb_367,911,7.0
tmdb_367,1089,8.0
tmdb_367,1127,6.0
tmdb_367,1269,9.0
tmdb_367,1378,7.0
tmdb_367,1387,8.0
tmdb_367,1542,8.0
tmdb_367,1556,3.0
tmdb_367,1580,6.0
tmdb_367,1610,10.0
tmdb_367,1641,8.0
tmdb_367,1845,4.0
tmdb_367,1917,7.0
tmdb_367,1968,8.0
tmdb_367,2000,9.0
tmdb_367,2001,7.0
tmdb_367,2005,4.0
tmdb_367,2028,8.0
tmdb_367,2109,1.0
tmdb_367,2288,9.0
tmdb_367,2302,7.0
tmdb_367,2321,6.0
tmdb_367,2699,8.0
tmdb_367,3104,9.0
tmdb_367,3107,7.0
tmdb_367,3175,8.0
tmdb_367,3526,7.0
tmdb_367,3981,8.0
tmdb_367,4011,9.0
tmdb_367,4351,7.0
tmdb_367,4499,1.0
tmdb_367,4627,8.0
tmdb_367,4629,4.0
tmdb_367,4638,6.0
tmdb_367,4643,8.0
tmdb_367,4680,4.0
tmdb_367,4706,8.0
tmdb_367,4723,8.0
tmdb_367,4734,4.0
tmdb_367,4887,4.0
tmdb_367,4954,6.0
tmdb_367,6003,8.0
tmdb_367,6974,10.0
tmdb_367,7093,1.0
tmdb_367,8366,7.0
tmdb_367,8665,8.0
tmdb_367,8689,8.0
tmdb_367,8810,7.0
tmdb_367,8874,7.0
tmdb_367,8968,5.0
tmdb_367,32029,6.0
tmdb_367,34334,6.0
tmdb_367,37720,6.0
tmdb_367,37727,5.0
tmdb_367,42738,6.0
tmdb_368,260,8.0
tmdb_368,265,8.0
tmdb_368,541,10.0
tmdb_368,593,8.0
tmdb_368,920,6.0
tmdb_368,1073,8.0
tmdb_368,1377,4.0
tmdb_368,1387,6.0
tmdb_368,3101,6.0
tmdb_368,3175,6.0
tmdb_368,3176,10.0
tmdb_369,2,6.0
tmdb_369,21,6.0
tmdb_369,110,10.0
tmdb_369,150,8.0
tmdb_369,153,6.0
tmdb_369,165,6.0
tmdb_369,185,6.0
tmdb_369,253,8.0
tmdb_369,288,6.0
tmdb_369,292,6.0
tmdb_369,296,8.0
tmdb_369,316,6.0
tmdb_369,317,6.0
tmdb_369,318,10.0
tmdb_369,329,6.0
tmdb_369,339,8.0
tmdb_369,344,6.0
tmdb_369,349,6.0
tmdb_369,350,8.0
tmdb_369,364,8.0
tmdb_369,377,8.0
tmdb_369,380,4.0
tmdb_369,410,6.0
tmdb_369,434,6.0
tmdb_369,440,8.0
tmdb_369,442,6.0
tmdb_369,454,8.0
tmdb_369,457,8.0
tmdb_369,480,8.0
tmdb_369,500,8.0
tmdb_369,509,8.0
tmdb_369,527,10.0
tmdb_369,539,8.0
tmdb_369,587,10.0
tmdb_369,588,8.0
tmdb_369,590,10.0
tmdb_369,592,8.0
tmdb_369,595,8.0
tmdb_369,597,8.0
tmdb_370,110,8.0
tmdb_370,168,6.0
tmdb_370,235,8.0
tmdb_370,260,9.0
tmdb_370,288,8.0
tmdb_370,318,10.0
tmdb_370,329,6.0
tmdb_370,466,6.0
tmdb_370,509,8.0
tmdb_370,527,8.0
tmdb_370,541,7.0
tmdb_370,585,8.0
tmdb_370,780,6.0
tmdb_370,912,8.0
tmdb_370,924,9.0
tmdb_370,953,9.0
tmdb_370,1088,6.0
tmdb_370,1092,6.0
tmdb_370,1265,9.0
tmdb_370,1285,8.0
tmdb_370,1371,7.0
tmdb_370,1372,6.0
tmdb_370,1374,8.0
tmdb_370,1375,9.0
tmdb_370,1580,7.0
tmdb_370,1584,10.0
tmdb_370,1645,9.0
tmdb_370,1673,7.0
tmdb_370,2153,4.0
tmdb_370,2470,6.0
tmdb_370,2502,7.0
tmdb_370,2617,8.0
tmdb_370,2640,8.0
tmdb_370,2762,10.0
tmdb_370,2770,8.0
tmdb_370,2959,9.0
tmdb_370,3033,8.0
tmdb_370,3052,9.0
tmdb_370,4105,10.0
tmdb_370,4226,8.0
tmdb_370,4349,8.0
tmdb_370,4975,7.0
tmdb_370,4993,10.0
tmdb_370,6615,7.0
tmdb_370,7445,8.0
tmdb_370,8810,6.0
tmdb_370,8874,9.0
tmdb_371,17,9.0
tmdb_371,110,9.0
tmdb_371,293,8.0
tmdb_371,296,9.0
tmdb_371,318,10.0
tmdb_371,587,8.0
tmdb_371,593,9.0
tmdb_371,1089,9.0
tmdb_371,1645,9.0
tmdb_371,1653,5.0
tmdb_371,1721,10.0
tmdb_371,1835,7.0
tmdb_371,2000,8.0
tmdb_371,2001,8.0
tmdb_371,2028,8.0
tmdb_371,2058,8.0
tmdb_371,2324,7.0
tmdb_371,2762,7.0
tmdb_371,2959,8.0
tmdb_371,4011,9.0
tmdb_371,4973,9.0
tmdb_371,4993,3.0
tmdb_371,4995,9.0
tmdb_371,5956,6.0
tmdb_371,5995,7.0
tmdb_371,6187,9.0
tmdb_371,6373,7.0
tmdb_371,8665,6.0
tmdb_371,8981,9.0
tmdb_371,8984,6.0
tmdb_371,30707,9.0
tmdb_371,32029,10.0
tmdb_371,45722,8.0
tmdb_371,49530,8.0
tmdb_371,59421,8.0
tmdb_371,74458,8.0
tmdb_371,91690,10.0
tmdb_371,115210,8.0
tmdb_372,242,6.0
tmdb_372,265,6.0
tmdb_372,539,8.0
tmdb_372,597,10.0
tmdb_372,902,8.0
tmdb_372,907,8.0
tmdb_372,912,8.0
tmdb_372,916,8.0
tmdb_372,955,8.0
tmdb_372,1088,8.0
tmdb_372,1278,4.0
tmdb_372,1537,8.0
tmdb_372,1641,8.0
tmdb_372,2671,10.0
tmdb_372,2791,4.0
tmdb_373,16,8.0
tmdb_373,25,8.0
tmdb_373,111,8.0
tmdb_373,162,10.0
tmdb_373,246,10.0
tmdb_373,260,8.0
tmdb_373,265,8.0
tmdb_373,296,10.0
tmdb_373,318,10.0
tmdb_373,348,8.0
tmdb_373,457,8.0
tmdb_373,527,8.0
tmdb_373,608,10.0
tmdb_373,778,10.0
tmdb_373,800,8.0
tmdb_373,858,10.0
tmdb_373,921,8.0
tmdb_373,994,10.0
tmdb_373,1073,8.0
tmdb_373,1090,8.0
tmdb_373,1091,2.0
tmdb_373,1124,8.0
tmdb_373,1244,8.0
tmdb_373,1245,10.0
tmdb_373,1246,8.0
tmdb_373,1252,10.0
tmdb_373,1259,8.0
tmdb_373,1273,8.0
tmdb_373,1278,6.0
tmdb_373,1285,8.0
tmdb_373,1381,4.0
tmdb_373,1387,8.0
tmdb_373,1394,10.0
tmdb_373,1537,8.0
tmdb_373,1594,8.0
tmdb_373,1639,6.0
tmdb_373,1678,8.0
tmdb_373,1682,6.0
tmdb_373,1721,6.0
tmdb_373,1885,8.0
tmdb_373,1913,8.0
tmdb_373,1921,4.0
tmdb_373,1922,8.0
tmdb_373,1923,8.0
tmdb_373,1954,8.0
tmdb_373,1958,6.0
tmdb_373,1961,8.0
tmdb_373,1965,8.0
tmdb_373,1968,6.0
tmdb_373,2003,6.0
tmdb_373,2011,4.0
tmdb_373,2013,6.0
tmdb_373,2020,8.0
tmdb_373,2022,8.0
tmdb_373,2028,6.0
tmdb_373,2054,6.0
tmdb_373,2064,8.0
tmdb_373,2088,4.0
tmdb_373,2100,6.0
tmdb_373,2108,8.0
tmdb_373,2109,8.0
tmdb_373,2112,6.0
tmdb_373,2114,6.0
tmdb_373,2134,4.0
tmdb_373,2144,6.0
tmdb_373,2241,6.0
tmdb_373,2246,4.0
tmdb_373,2255,6.0
tmdb_373,2262,6.0
tmdb_373,2290,8.0
tmdb_373,2291,8.0
tmdb_373,2294,6.0
tmdb_373,2302,6.0
tmdb_373,2312,8.0
tmdb_373,2313,8.0
tmdb_373,2324,10.0
tmdb_373,2349,6.0
tmdb_373,2371,2.0
tmdb_373,2383,2.0
tmdb_373,2395,10.0
tmdb_373,2457,6.0
tmdb_373,2463,6.0
tmdb_373,2469,6.0
tmdb_373,2528,6.0
tmdb_373,2539,6.0
tmdb_373,2567,6.0
tmdb_373,2617,6.0
tmdb_373,2657,6.0
tmdb_373,2750,8.0
tmdb_373,2770,6.0
tmdb_373,2779,6.0
tmdb_373,2791,8.0
tmdb_373,2924,8.0
tmdb_373,2926,8.0
tmdb_373,2973,10.0
tmdb_373,5060,8.0
tmdb_374,1961,8.0
tmdb_374,2028,8.0
tmdb_374,4886,6.0
tmdb_374,5481,4.0
tmdb_374,5927,2.0
tmdb_375,110,6.0
tmdb_375,150,10.0
tmdb_375,165,6.0
tmdb_375,231,2.0
tmdb_375,253,10.0
tmdb_375,288,8.0
tmdb_375,296,8.0
tmdb_375,316,6.0
tmdb_375,329,8.0
tmdb_375,344,4.0
tmdb_375,349,10.0
tmdb_375,377,10.0
tmdb_375,380,8.0
tmdb_375,434,6.0
tmdb_375,454,10.0
tmdb_375,457,8.0
tmdb_375,480,8.0
tmdb_375,588,2.0
tmdb_375,590,6.0
tmdb_375,592,8.0
tmdb_375,593,10.0
tmdb_375,595,2.0
tmdb_376,318,8.0
tmdb_376,527,10.0
tmdb_376,593,10.0
tmdb_376,858,8.0
tmdb_376,910,10.0
tmdb_376,912,8.0
tmdb_376,920,10.0
tmdb_376,922,10.0
tmdb_376,926,8.0
tmdb_376,942,6.0
tmdb_376,1247,10.0
tmdb_376,1254,10.0
tmdb_376,1267,8.0
tmdb_376,1938,8.0
tmdb_376,1945,10.0
tmdb_376,1956,10.0
tmdb_376,1957,6.0
tmdb_376,1961,10.0
tmdb_376,3549,8.0
tmdb_376,3980,6.0
tmdb_376,4226,4.0
tmdb_376,4234,6.0
tmdb_377,262,8.0
tmdb_377,542,7.0
tmdb_377,595,9.0
tmdb_377,934,6.0
tmdb_377,2124,7.0
tmdb_377,30793,10.0
tmdb_377,41566,8.0
tmdb_377,54272,7.0
tmdb_378,293,8.0
tmdb_378,296,9.0
tmdb_378,318,8.0
tmdb_378,527,8.0
tmdb_378,551,8.0
tmdb_378,750,8.0
tmdb_378,778,9.0
tmdb_378,902,7.0
tmdb_378,903,8.0
tmdb_378,1073,6.0
tmdb_378,1089,8.0
tmdb_378,1244,7.0
tmdb_378,1265,6.0
tmdb_378,1271,7.0
tmdb_378,1285,7.0
tmdb_378,1653,7.0
tmdb_378,1884,7.0
tmdb_378,1968,7.0
tmdb_378,2291,8.0
tmdb_378,2502,6.0
tmdb_378,2959,9.0
tmdb_378,4011,8.0
tmdb_378,4226,9.0
tmdb_378,4886,1.0
tmdb_378,5991,6.0
tmdb_378,5995,8.0
tmdb_378,7451,4.0
tmdb_378,8665,1.0
tmdb_378,8961,1.0
tmdb_378,8984,1.0
tmdb_378,30793,8.0
tmdb_378,56715,8.0
tmdb_378,58559,1.0
tmdb_378,74458,7.0
tmdb_378,104374,8.0
tmdb_379,110,8.0
tmdb_379,296,9.0
tmdb_379,318,10.0
tmdb_379,457,7.0
tmdb_379,527,9.0
tmdb_379,593,8.0
tmdb_379,778,9.0
tmdb_379,1586,2.0
tmdb_379,1682,7.0
tmdb_379,1717,4.0
tmdb_379,1732,9.0
tmdb_379,1831,8.0
tmdb_379,1955,8.0
tmdb_379,1961,8.0
tmdb_379,2002,6.0
tmdb_379,2028,9.0
tmdb_379,2324,8.0
tmdb_379,2762,7.0
tmdb_379,2959,8.0
tmdb_379,4973,7.0
tmdb_379,4993,8.0
tmdb_379,5995,9.0
tmdb_379,6947,6.0
tmdb_379,8665,7.0
tmdb_379,30707,7.0
tmdb_379,58559,8.0
tmdb_380,6,8.0
tmdb_380,11,4.0
tmdb_380,16,8.0
tmdb_380,19,8.0
tmdb_380,21,8.0
tmdb_380,22,6.0
tmdb_380,24,6.0
tmdb_380,25,8.0
tmdb_380,81,5.0
tmdb_380,104,8.0
tmdb_380,110,10.0
tmdb_380,145,6.0
tmdb_380,150,8.0
tmdb_380,161,8.0
tmdb_380,180,6.0
tmdb_380,185,1.0
tmdb_380,196,4.0
tmdb_380,223,10.0
tmdb_380,235,4.0
tmdb_380,246,8.0
tmdb_380,253,8.0
tmdb_380,260,8.0
tmdb_380,293,8.0
tmdb_380,296,10.0
tmdb_380,300,8.0
tmdb_380,316,8.0
tmdb_380,318,8.0
tmdb_380,322,8.0
tmdb_380,327,2.0
tmdb_380,337,4.0
tmdb_380,339,4.0
tmdb_380,344,8.0
tmdb_380,379,8.0
tmdb_380,380,6.0
tmdb_380,410,6.0
tmdb_380,438,6.0
tmdb_380,480,8.0
tmdb_380,508,8.0
tmdb_380,539,3.0
tmdb_380,541,8.0
tmdb_380,542,6.0
tmdb_380,543,8.0
tmdb_380,587,4.0
tmdb_380,588,8.0
tmdb_380,590,8.0
tmdb_380,592,9.0
tmdb_380,593,10.0
tmdb_380,597,6.0
tmdb_380,608,8.0
tmdb_380,628,8.0
tmdb_380,647,8.0
tmdb_380,653,6.0
tmdb_380,708,6.0
tmdb_380,750,9.0
tmdb_380,780,8.0
tmdb_380,788,6.0
tmdb_380,802,8.0
tmdb_380,810,1.0
tmdb_380,829,2.0
tmdb_380,832,8.0
tmdb_380,849,4.0
tmdb_380,858,9.0
tmdb_380,880,4.0
tmdb_380,924,10.0
tmdb_380,968,8.0
tmdb_380,1073,8.0
tmdb_380,1089,8.0
tmdb_380,1090,10.0
tmdb_380,1246,7.0
tmdb_380,1257,8.0
tmdb_380,1265,8.0
tmdb_380,1267,8.0
tmdb_380,1272,9.0
tmdb_380,1285,8.0
tmdb_380,1358,8.0
tmdb_380,1374,8.0
tmdb_380,1387,8.0
tmdb_380,1391,2.0
tmdb_380,1393,8.0
tmdb_380,1394,8.0
tmdb_380,1405,6.0
tmdb_380,1441,6.0
tmdb_380,1544,6.0
tmdb_380,1573,6.0
tmdb_380,1580,6.0
tmdb_380,1584,8.0
tmdb_380,1586,2.0
tmdb_380,1591,8.0
tmdb_380,1608,4.0
tmdb_380,1610,8.0
tmdb_380,1639,8.0
tmdb_380,1645,7.0
tmdb_380,1646,6.0
tmdb_380,1648,8.0
tmdb_380,1653,8.0
tmdb_380,1667,4.0
tmdb_380,1672,8.0
tmdb_380,1676,6.0
tmdb_380,1682,8.0
tmdb_380,1713,1.0
tmdb_380,1721,6.0
tmdb_380,1729,6.0
tmdb_380,1779,4.0
tmdb_380,1810,6.0
tmdb_380,1831,4.0
tmdb_380,1833,4.0
tmdb_380,1882,4.0
tmdb_380,1883,6.0
tmdb_380,1894,4.0
tmdb_380,1909,6.0
tmdb_380,1911,6.0
tmdb_380,1917,8.0
tmdb_380,1923,10.0
tmdb_380,1961,8.0
tmdb_380,1968,8.0
tmdb_380,2000,8.0
tmdb_380,2009,8.0
tmdb_380,2028,10.0
tmdb_380,2034,4.0
tmdb_380,2058,4.0
tmdb_380,2064,8.0
tmdb_380,2105,8.0
tmdb_380,2108,6.0
tmdb_380,2109,8.0
tmdb_380,2124,8.0
tmdb_380,2195,6.0
tmdb_380,2268,8.0
tmdb_380,2288,6.0
tmdb_380,2291,8.0
tmdb_380,2302,6.0
tmdb_380,2324,8.0
tmdb_380,2334,8.0
tmdb_380,2355,8.0
tmdb_380,2359,8.0
tmdb_380,2395,8.0
tmdb_380,2428,2.0
tmdb_380,2433,8.0
tmdb_380,2455,8.0
tmdb_380,2501,8.0
tmdb_380,2502,8.0
tmdb_380,2539,8.0
tmdb_380,2574,1.0
tmdb_380,2587,6.0
tmdb_380,2605,6.0
tmdb_380,2613,6.0
tmdb_380,2616,4.0
tmdb_380,2671,8.0
tmdb_380,2687,8.0
tmdb_380,2694,6.0
tmdb_380,2722,4.0
tmdb_380,2759,4.0
tmdb_380,2761,6.0
tmdb_380,2762,10.0
tmdb_380,2770,4.0
tmdb_380,2771,4.0
tmdb_380,2779,8.0
tmdb_380,2791,8.0
tmdb_380,2805,6.0
tmdb_380,2841,6.0
tmdb_380,2860,4.0
tmdb_380,2882,4.0
tmdb_380,2959,10.0
tmdb_380,2976,4.0
tmdb_380,3033,10.0
tmdb_380,3052,8.0
tmdb_380,3053,6.0
tmdb_380,3054,2.0
tmdb_380,3082,6.0
tmdb_380,3088,8.0
tmdb_380,3114,10.0
tmdb_380,3146,4.0
tmdb_380,3173,8.0
tmdb_380,3175,6.0
tmdb_380,3176,6.0
tmdb_380,3480,8.0
tmdb_380,3536,6.0
tmdb_380,3593,2.0
tmdb_380,3786,6.0
tmdb_380,4011,8.0
tmdb_380,4025,4.0
tmdb_380,4105,5.0
tmdb_380,4226,10.0
tmdb_380,4247,6.0
tmdb_380,4369,4.0
tmdb_380,4638,4.0
tmdb_380,4643,7.0
tmdb_380,4734,8.0
tmdb_380,4816,4.0
tmdb_380,4823,5.0
tmdb_380,4886,8.0
tmdb_380,4887,6.0
tmdb_380,4889,6.0
tmdb_380,4896,6.0
tmdb_380,4973,9.0
tmdb_380,4974,8.0
tmdb_380,4975,8.0
tmdb_380,4993,9.0
tmdb_380,4995,8.0
tmdb_380,5055,9.0
tmdb_380,5481,9.0
tmdb_380,5528,6.0
tmdb_380,5816,6.0
tmdb_380,5927,2.0
tmdb_380,5991,6.0
tmdb_380,5995,8.0
tmdb_380,6003,8.0
tmdb_380,6373,6.0
tmdb_380,6537,6.0
tmdb_380,6615,5.0
tmdb_380,6934,8.0
tmdb_380,6936,8.0
tmdb_380,6947,6.0
tmdb_380,6957,10.0
tmdb_380,7090,7.0
tmdb_380,7294,4.0
tmdb_380,7346,6.0
tmdb_380,7348,6.0
tmdb_380,7445,6.0
tmdb_380,7451,7.0
tmdb_380,8130,6.0
tmdb_380,8366,7.0
tmdb_380,8464,8.0
tmdb_380,8645,7.0
tmdb_380,8665,8.0
tmdb_380,8810,6.0
tmdb_380,8860,6.0
tmdb_380,8871,7.0
tmdb_380,8874,6.0
tmdb_380,8931,7.0
tmdb_380,8961,10.0
tmdb_380,8970,8.0
tmdb_380,8983,8.0
tmdb_380,8984,4.0
tmdb_380,27706,7.0
tmdb_380,27899,6.0
tmdb_380,27904,6.0
tmdb_380,30707,8.0
tmdb_380,30793,8.0
tmdb_380,31221,6.0
tmdb_380,31685,5.0
tmdb_380,31696,6.0
tmdb_380,33166,9.0
tmdb_380,33660,8.0
tmdb_380,34334,4.0
tmdb_380,34530,2.0
tmdb_380,37380,6.0
tmdb_380,37727,3.0
tmdb_380,37853,6.0
tmdb_380,41566,5.0
tmdb_380,42725,8.0
tmdb_380,42738,6.0
tmdb_380,43936,4.0
tmdb_380,44191,9.0
tmdb_380,45186,7.0
tmdb_380,45928,6.0
tmdb_380,46976,8.0
tmdb_380,48319,4.0
tmdb_380,48385,7.0
tmdb_380,49530,8.0
tmdb_380,51540,7.0
tmdb_380,54272,6.0
tmdb_380,54281,7.0
tmdb_380,56715,6.0
tmdb_380,58156,4.0
tmdb_380,58559,10.0
tmdb_380,63859,8.0
tmdb_380,65642,6.0
tmdb_380,67087,8.0
tmdb_380,69278,4.0
tmdb_380,69526,2.0
tmdb_380,71520,5.0
tmdb_380,71668,4.0
tmdb_380,74458,8.0
tmdb_380,80219,7.0
tmdb_380,83613,5.0
tmdb_380,84154,8.0
tmdb_380,84944,7.0
tmdb_380,84954,5.0
tmdb_380,85510,8.0
tmdb_380,86332,6.0
tmdb_380,89072,7.0
tmdb_380,89492,8.0
tmdb_380,98369,6.0
tmdb_381,5,8.0
tmdb_381,25,10.0
tmdb_381,186,6.0
tmdb_381,207,8.0
tmdb_381,217,6.0
tmdb_381,218,4.0
tmdb_381,252,6.0
tmdb_381,289,10.0
tmdb_381,339,8.0
tmdb_381,380,4.0
tmdb_381,442,2.0
tmdb_381,480,6.0
tmdb_381,539,8.0
tmdb_381,588,10.0
tmdb_381,593,4.0
tmdb_381,595,10.0
tmdb_381,597,6.0
tmdb_381,608,2.0
tmdb_381,697,8.0
tmdb_381,708,10.0
tmdb_381,780,4.0
tmdb_381,786,8.0
tmdb_381,830,8.0
tmdb_381,832,8.0
tmdb_381,848,6.0
tmdb_381,858,10.0
tmdb_381,914,8.0
tmdb_381,1367,6.0
tmdb_381,1485,6.0
tmdb_381,1499,2.0
tmdb_381,1580,8.0
tmdb_381,1584,4.0
tmdb_381,1608,2.0
tmdb_381,1678,10.0
tmdb_381,1721,10.0
tmdb_381,1917,4.0
tmdb_381,1918,2.0
tmdb_381,1961,10.0
tmdb_381,2001,2.0
tmdb_381,2058,8.0
tmdb_381,2085,6.0
tmdb_381,2294,10.0
tmdb_381,2324,10.0
tmdb_381,2469,6.0
tmdb_381,2671,4.0
tmdb_381,2687,6.0
tmdb_381,2762,10.0
tmdb_381,3054,10.0
tmdb_381,3114,10.0
tmdb_381,3173,2.0
tmdb_381,4474,10.0
tmdb_382,2,6.0
tmdb_382,5,6.0
tmdb_382,11,10.0
tmdb_382,17,8.0
tmdb_382,62,7.0
tmdb_382,104,2.0
tmdb_382,150,6.0
tmdb_382,158,5.0
tmdb_382,216,4.0
tmdb_382,231,2.0
tmdb_382,260,7.0
tmdb_382,261,10.0
tmdb_382,262,6.0
tmdb_382,265,4.0
tmdb_382,317,6.0
tmdb_382,318,6.0
tmdb_382,339,4.0
tmdb_382,364,6.0
tmdb_382,500,6.0
tmdb_382,539,6.0
tmdb_382,586,6.0
tmdb_382,588,6.0
tmdb_382,595,8.0
tmdb_382,605,8.0
tmdb_382,783,6.0
tmdb_382,838,6.0
tmdb_382,899,10.0
tmdb_382,900,6.0
tmdb_382,916,8.0
tmdb_382,953,8.0
tmdb_382,988,5.0
tmdb_382,1073,6.0
tmdb_382,1246,4.0
tmdb_382,1247,4.0
tmdb_382,1282,4.0
tmdb_382,1367,6.0
tmdb_382,1380,7.0
tmdb_382,1387,4.0
tmdb_382,1393,6.0
tmdb_382,1416,6.0
tmdb_382,1580,6.0
tmdb_382,1584,4.0
tmdb_382,1682,4.0
tmdb_382,1688,7.0
tmdb_382,1721,4.0
tmdb_382,1835,4.0
tmdb_382,1917,4.0
tmdb_382,1957,8.0
tmdb_382,2018,6.0
tmdb_382,2042,8.0
tmdb_382,2059,10.0
tmdb_382,2080,8.0
tmdb_382,2082,8.0
tmdb_382,2084,8.0
tmdb_382,2085,7.0
tmdb_382,2087,8.0
tmdb_382,2125,6.0
tmdb_382,2324,6.0
tmdb_382,2501,7.0
tmdb_382,2502,2.0
tmdb_382,2671,6.0
tmdb_382,3051,4.0
tmdb_382,3114,6.0
tmdb_382,3160,4.0
tmdb_382,3489,8.0
tmdb_382,3549,6.0
tmdb_382,3594,10.0
tmdb_382,4025,6.0
tmdb_382,4226,2.0
tmdb_382,4816,2.0
tmdb_382,4823,6.0
tmdb_382,4886,10.0
tmdb_382,4896,8.0
tmdb_382,4973,10.0
tmdb_382,4993,8.0
tmdb_382,4995,6.0
tmdb_382,5064,5.0
tmdb_382,5066,4.0
tmdb_382,5620,4.0
tmdb_382,5816,8.0
tmdb_382,5995,6.0
tmdb_382,6593,6.0
tmdb_382,6936,10.0
tmdb_382,7451,6.0
tmdb_382,8643,7.0
tmdb_382,8866,7.0
tmdb_382,8873,6.0
tmdb_382,8916,6.0
tmdb_382,8961,10.0
tmdb_382,8965,6.0
tmdb_382,8970,7.0
tmdb_382,27706,4.0
tmdb_382,27815,6.0
tmdb_382,40815,8.0
tmdb_382,41566,10.0
tmdb_382,46919,8.0
tmdb_382,46972,7.0
tmdb_382,48385,2.0
tmdb_382,48791,10.0
tmdb_382,54276,8.0
tmdb_382,56171,4.0
tmdb_382,78101,4.0
tmdb_382,84954,4.0
tmdb_382,89492,7.0
tmdb_383,6,6.0
tmdb_383,14,6.0
tmdb_383,21,6.0
tmdb_383,25,4.0
tmdb_383,62,8.0
tmdb_383,68,6.0
tmdb_383,83,6.0
tmdb_383,95,6.0
tmdb_383,100,6.0
tmdb_383,110,6.0
tmdb_383,141,6.0
tmdb_383,150,8.0
tmdb_383,198,6.0
tmdb_383,260,10.0
tmdb_383,288,6.0
tmdb_383,296,10.0
tmdb_383,380,4.0
tmdb_383,457,10.0
tmdb_383,494,8.0
tmdb_383,562,8.0
tmdb_383,608,10.0
tmdb_383,628,8.0
tmdb_383,637,6.0
tmdb_383,640,6.0
tmdb_383,648,8.0
tmdb_383,671,6.0
tmdb_383,704,6.0
tmdb_383,707,4.0
tmdb_383,766,10.0
tmdb_383,780,8.0
tmdb_383,784,4.0
tmdb_383,786,6.0
tmdb_383,802,6.0
tmdb_383,805,6.0
tmdb_383,832,8.0
tmdb_383,836,4.0
tmdb_383,1049,8.0
tmdb_383,1073,6.0
tmdb_383,1419,6.0
tmdb_384,19,6.0
tmdb_384,70,8.0
tmdb_384,95,4.0
tmdb_384,110,9.0
tmdb_384,145,7.0
tmdb_384,153,6.0
tmdb_384,160,2.0
tmdb_384,165,7.0
tmdb_384,168,6.0
tmdb_384,172,4.0
tmdb_384,173,8.0
tmdb_384,193,5.0
tmdb_384,223,6.0
tmdb_384,231,8.0
tmdb_384,260,9.0
tmdb_384,288,9.0
tmdb_384,296,9.0
tmdb_384,303,6.0
tmdb_384,315,5.0
tmdb_384,344,7.0
tmdb_384,364,6.0
tmdb_384,377,8.0
tmdb_384,379,7.0
tmdb_384,380,9.0
tmdb_384,393,5.0
tmdb_384,434,8.0
tmdb_384,442,8.0
tmdb_384,454,6.0
tmdb_384,457,6.0
tmdb_384,466,8.0
tmdb_384,480,7.0
tmdb_384,481,6.0
tmdb_384,500,6.0
tmdb_384,507,6.0
tmdb_384,527,6.0
tmdb_384,541,8.0
tmdb_384,592,8.0
tmdb_384,648,8.0
tmdb_384,653,3.0
tmdb_384,673,6.0
tmdb_384,778,6.0
tmdb_384,780,6.0
tmdb_384,784,3.0
tmdb_384,786,6.0
tmdb_384,836,4.0
tmdb_384,880,3.0
tmdb_384,990,5.0
tmdb_384,996,7.0
tmdb_384,1059,8.0
tmdb_384,1092,6.0
tmdb_384,1278,6.0
tmdb_384,1377,7.0
tmdb_384,1405,6.0
tmdb_384,1407,8.0
tmdb_384,1408,6.0
tmdb_384,1479,6.0
tmdb_384,1485,6.0
tmdb_384,1497,7.0
tmdb_384,1499,2.0
tmdb_384,1544,6.0
tmdb_384,1552,8.0
tmdb_384,1562,6.0
tmdb_384,1573,9.0
tmdb_384,1580,8.0
tmdb_384,1587,7.0
tmdb_384,1608,6.0
tmdb_384,1616,7.0
tmdb_384,1644,6.0
tmdb_384,1653,4.0
tmdb_384,1676,7.0
tmdb_384,1682,6.0
tmdb_384,1717,6.0
tmdb_384,1721,8.0
tmdb_384,1732,7.0
tmdb_384,1835,5.0
tmdb_384,1909,8.0
tmdb_384,1911,5.0
tmdb_384,1912,5.0
tmdb_384,1917,5.0
tmdb_384,1918,7.0
tmdb_384,1923,9.0
tmdb_384,2000,8.0
tmdb_384,2001,8.0
tmdb_384,2002,7.0
tmdb_384,2006,7.0
tmdb_384,2011,9.0
tmdb_384,2012,7.0
tmdb_384,2028,6.0
tmdb_384,2054,5.0
tmdb_384,2115,8.0
tmdb_384,2153,4.0
tmdb_384,2193,5.0
tmdb_384,2291,7.0
tmdb_384,2428,6.0
tmdb_384,2605,5.0
tmdb_384,2640,7.0
tmdb_384,2671,8.0
tmdb_384,2762,6.0
tmdb_384,2959,8.0
tmdb_384,3173,7.0
tmdb_384,3484,6.0
tmdb_384,3489,6.0
tmdb_384,3635,7.0
tmdb_384,4011,8.0
tmdb_384,4226,8.0
tmdb_384,4228,6.0
tmdb_384,4351,7.0
tmdb_384,4369,5.0
tmdb_384,4558,6.0
tmdb_384,4638,5.0
tmdb_384,4816,10.0
tmdb_384,4896,6.0
tmdb_384,4974,6.0
tmdb_384,4993,8.0
tmdb_384,5040,7.0
tmdb_384,5816,6.0
tmdb_384,5915,7.0
tmdb_384,5956,8.0
tmdb_384,6003,9.0
tmdb_384,6537,7.0
tmdb_384,6793,6.0
tmdb_384,6934,8.0
tmdb_384,6957,7.0
tmdb_384,7007,6.0
tmdb_384,7346,6.0
tmdb_384,7445,6.0
tmdb_384,7451,8.0
tmdb_384,7454,5.0
tmdb_384,8373,5.0
tmdb_384,8665,5.0
tmdb_384,8810,4.0
tmdb_384,8870,5.0
tmdb_384,8981,10.0
tmdb_384,8984,4.0
tmdb_384,27706,8.0
tmdb_384,30707,8.0
tmdb_384,30793,6.0
tmdb_384,31221,5.0
tmdb_384,31685,6.0
tmdb_384,31696,4.0
tmdb_384,33166,8.0
tmdb_384,33688,2.0
tmdb_384,39446,7.0
tmdb_384,41566,6.0
tmdb_384,42718,7.0
tmdb_384,42738,5.0
tmdb_384,43919,4.0
tmdb_384,44191,6.0
tmdb_384,44694,7.0
tmdb_384,45186,7.0
tmdb_384,45722,8.0
tmdb_384,46972,5.0
tmdb_384,48385,2.0
tmdb_384,49314,7.0
tmdb_384,49530,6.0
tmdb_384,51935,7.0
tmdb_384,52717,7.0
tmdb_384,54272,8.0
tmdb_384,55261,7.0
tmdb_384,56156,7.0
tmdb_384,58559,8.0
tmdb_385,6,10.0
tmdb_385,11,8.0
tmdb_385,16,10.0
tmdb_385,17,6.0
tmdb_385,19,6.0
tmdb_385,21,8.0
tmdb_385,22,6.0
tmdb_385,25,6.0
tmdb_385,95,4.0
tmdb_385,105,6.0
tmdb_385,110,6.0
tmdb_385,111,10.0
tmdb_385,145,8.0
tmdb_385,150,8.0
tmdb_385,160,4.0
tmdb_385,161,8.0
tmdb_385,163,2.0
tmdb_385,165,8.0
tmdb_385,173,6.0
tmdb_385,185,6.0
tmdb_385,196,6.0
tmdb_385,204,2.0
tmdb_385,207,6.0
tmdb_385,218,6.0
tmdb_385,222,6.0
tmdb_385,223,6.0
tmdb_385,227,6.0
tmdb_385,231,8.0
tmdb_385,235,10.0
tmdb_385,236,6.0
tmdb_385,237,6.0
tmdb_385,246,4.0
tmdb_385,253,6.0
tmdb_385,256,6.0
tmdb_385,261,8.0
tmdb_385,265,8.0
tmdb_385,266,6.0
tmdb_385,272,6.0
tmdb_385,273,6.0
tmdb_385,277,4.0
tmdb_385,288,8.0
tmdb_385,292,6.0
tmdb_385,293,8.0
tmdb_385,296,10.0
tmdb_385,300,8.0
tmdb_385,315,8.0
tmdb_385,316,6.0
tmdb_385,317,6.0
tmdb_385,318,10.0
tmdb_385,337,10.0
tmdb_385,339,6.0
tmdb_385,342,6.0
tmdb_385,344,4.0
tmdb_385,348,6.0
tmdb_385,349,10.0
tmdb_385,350,8.0
tmdb_385,377,8.0
tmdb_385,380,6.0
tmdb_385,410,6.0
tmdb_385,434,6.0
tmdb_385,435,6.0
tmdb_385,440,8.0
tmdb_385,442,6.0
tmdb_385,454,6.0
tmdb_385,457,8.0
tmdb_385,468,8.0
tmdb_385,480,8.0
tmdb_385,500,8.0
tmdb_385,508,6.0
tmdb_385,509,8.0
tmdb_385,527,8.0
tmdb_385,539,6.0
tmdb_385,553,6.0
tmdb_385,586,6.0
tmdb_385,587,6.0
tmdb_385,590,6.0
tmdb_385,593,10.0
tmdb_385,597,6.0
tmdb_385,608,10.0
tmdb_386,16,8.0
tmdb_386,25,8.0
tmdb_386,111,8.0
tmdb_386,299,8.0
tmdb_386,306,8.0
tmdb_386,307,6.0
tmdb_386,308,8.0
tmdb_386,342,6.0
tmdb_386,380,4.0
tmdb_386,431,6.0
tmdb_386,435,2.0
tmdb_386,508,8.0
tmdb_386,527,10.0
tmdb_386,543,6.0
tmdb_386,552,4.0
tmdb_386,920,8.0
tmdb_386,1093,6.0
tmdb_386,1246,8.0
tmdb_386,1376,4.0
tmdb_386,1619,6.0
tmdb_386,1644,4.0
tmdb_386,1676,6.0
tmdb_386,1682,6.0
tmdb_386,1917,2.0
tmdb_386,1923,6.0
tmdb_386,1967,6.0
tmdb_386,2011,6.0
tmdb_386,2428,4.0
tmdb_386,2671,6.0
tmdb_386,2722,4.0
tmdb_386,2761,6.0
tmdb_386,2762,8.0
tmdb_386,2769,4.0
tmdb_386,2805,4.0
tmdb_386,2959,10.0
tmdb_386,3053,8.0
tmdb_386,3114,6.0
tmdb_386,3160,8.0
tmdb_386,3176,6.0
tmdb_386,3418,6.0
tmdb_386,3593,2.0
tmdb_386,4148,4.0
tmdb_386,4226,8.0
tmdb_386,4235,8.0
tmdb_386,5064,6.0
tmdb_387,11,8.0
tmdb_387,21,8.0
tmdb_387,104,6.0
tmdb_387,111,10.0
tmdb_387,141,8.0
tmdb_387,235,8.0
tmdb_387,300,8.0
tmdb_387,318,10.0
tmdb_387,322,10.0
tmdb_387,344,4.0
tmdb_387,348,10.0
tmdb_387,527,6.0
tmdb_387,585,8.0
tmdb_387,593,8.0
tmdb_387,596,10.0
tmdb_387,608,10.0
tmdb_387,635,10.0
tmdb_387,750,10.0
tmdb_387,858,10.0
tmdb_387,897,8.0
tmdb_387,898,10.0
tmdb_387,899,10.0
tmdb_387,900,8.0
tmdb_387,901,10.0
tmdb_387,902,8.0
tmdb_387,905,10.0
tmdb_387,907,10.0
tmdb_387,909,10.0
tmdb_387,910,8.0
tmdb_387,911,10.0
tmdb_387,912,10.0
tmdb_387,913,8.0
tmdb_387,914,10.0
tmdb_387,916,8.0
tmdb_387,918,10.0
tmdb_387,919,10.0
tmdb_387,920,8.0
tmdb_387,923,10.0
tmdb_387,924,8.0
tmdb_387,926,10.0
tmdb_387,929,8.0
tmdb_387,931,8.0
tmdb_387,934,8.0
tmdb_387,935,10.0
tmdb_387,936,8.0
tmdb_387,938,8.0
tmdb_387,939,8.0
tmdb_387,940,8.0
tmdb_387,942,10.0
tmdb_387,946,10.0
tmdb_387,948,8.0
tmdb_387,949,10.0
tmdb_387,950,10.0
tmdb_387,951,10.0
tmdb_387,953,10.0
tmdb_387,954,10.0
tmdb_387,962,8.0
tmdb_387,1088,8.0
tmdb_387,1103,8.0
tmdb_387,1124,8.0
tmdb_387,1213,10.0
tmdb_387,1247,10.0
tmdb_387,1250,10.0
tmdb_387,1253,6.0
tmdb_387,1254,10.0
tmdb_387,1259,8.0
tmdb_387,1269,8.0
tmdb_387,1281,8.0
tmdb_387,1284,8.0
tmdb_387,1380,2.0
tmdb_387,1394,8.0
tmdb_387,1396,6.0
tmdb_387,1416,8.0
tmdb_387,1641,8.0
tmdb_387,1673,8.0
tmdb_387,1694,6.0
tmdb_387,1732,8.0
tmdb_387,1883,8.0
tmdb_387,1923,10.0
tmdb_387,1926,4.0
tmdb_387,1933,10.0
tmdb_387,1934,10.0
tmdb_387,1938,10.0
tmdb_387,1939,10.0
tmdb_387,1940,6.0
tmdb_387,1942,10.0
tmdb_387,1944,8.0
tmdb_387,1945,10.0
tmdb_387,1946,10.0
tmdb_387,1947,8.0
tmdb_387,1950,8.0
tmdb_387,1957,8.0
tmdb_387,2020,6.0
tmdb_387,2028,10.0
tmdb_387,2069,6.0
tmdb_387,2078,8.0
tmdb_387,2080,8.0
tmdb_387,2108,8.0
tmdb_387,2176,8.0
tmdb_387,2182,8.0
tmdb_387,2202,8.0
tmdb_387,2204,8.0
tmdb_387,2212,8.0
tmdb_387,2266,4.0
tmdb_387,2289,6.0
tmdb_387,2300,8.0
tmdb_387,2302,10.0
tmdb_387,2321,8.0
tmdb_387,2395,8.0
tmdb_387,2539,8.0
tmdb_387,2728,6.0
tmdb_387,2770,6.0
tmdb_387,2791,8.0
tmdb_387,2929,8.0
tmdb_387,2981,10.0
tmdb_387,3011,10.0
tmdb_387,3035,10.0
tmdb_387,3061,8.0
tmdb_387,3086,6.0
tmdb_387,3088,8.0
tmdb_387,3093,6.0
tmdb_387,3146,6.0
tmdb_387,3423,8.0
tmdb_387,3469,8.0
tmdb_387,3543,8.0
tmdb_387,3549,4.0
tmdb_387,3600,6.0
tmdb_387,3604,10.0
tmdb_388,6,10.0
tmdb_388,14,8.0
tmdb_388,16,6.0
tmdb_388,20,2.0
tmdb_388,22,8.0
tmdb_388,25,8.0
tmdb_388,62,6.0
tmdb_388,70,6.0
tmdb_388,82,4.0
tmdb_388,88,6.0
tmdb_388,100,4.0
tmdb_388,101,8.0
tmdb_388,104,4.0
tmdb_388,105,4.0
tmdb_388,110,10.0
tmdb_388,111,10.0
tmdb_388,122,6.0
tmdb_388,144,6.0
tmdb_388,145,6.0
tmdb_388,150,9.0
tmdb_388,159,9.0
tmdb_388,163,8.0
tmdb_388,165,6.0
tmdb_388,180,4.0
tmdb_388,186,5.0
tmdb_388,193,2.0
tmdb_388,198,6.0
tmdb_388,204,4.0
tmdb_388,216,4.0
tmdb_388,223,8.0
tmdb_388,231,10.0
tmdb_388,235,8.0
tmdb_388,246,10.0
tmdb_388,247,6.0
tmdb_388,253,6.0
tmdb_388,260,9.0
tmdb_388,266,4.0
tmdb_388,272,8.0
tmdb_388,288,2.0
tmdb_388,292,2.0
tmdb_388,293,4.0
tmdb_388,296,10.0
tmdb_388,300,8.0
tmdb_388,318,10.0
tmdb_388,322,8.0
tmdb_388,330,6.0
tmdb_388,337,8.0
tmdb_388,338,4.0
tmdb_388,340,4.0
tmdb_388,344,4.0
tmdb_388,349,10.0
tmdb_388,363,8.0
tmdb_388,364,6.0
tmdb_388,377,8.0
tmdb_388,423,6.0
tmdb_388,431,8.0
tmdb_388,434,8.0
tmdb_388,440,8.0
tmdb_388,441,8.0
tmdb_388,442,4.0
tmdb_388,454,6.0
tmdb_388,457,10.0
tmdb_388,466,6.0
tmdb_388,467,4.0
tmdb_388,475,8.0
tmdb_388,479,8.0
tmdb_388,480,8.0
tmdb_388,482,8.0
tmdb_388,493,8.0
tmdb_388,507,8.0
tmdb_388,508,10.0
tmdb_388,524,8.0
tmdb_388,527,10.0
tmdb_388,534,8.0
tmdb_388,535,8.0
tmdb_388,541,10.0
tmdb_388,543,6.0
tmdb_388,544,2.0
tmdb_388,553,4.0
tmdb_388,586,6.0
tmdb_388,587,8.0
tmdb_388,590,10.0
tmdb_388,592,6.0
tmdb_388,593,8.0
tmdb_388,597,6.0
tmdb_388,608,10.0
tmdb_388,648,8.0
tmdb_388,663,8.0
tmdb_388,671,8.0
tmdb_388,750,8.0
tmdb_388,759,10.0
tmdb_388,778,10.0
tmdb_388,780,2.0
tmdb_388,784,8.0
tmdb_388,787,10.0
tmdb_388,788,8.0
tmdb_388,832,8.0
tmdb_388,850,10.0
tmdb_388,858,10.0
tmdb_388,861,6.0
tmdb_388,866,8.0
tmdb_388,912,8.0
tmdb_388,919,8.0
tmdb_388,920,8.0
tmdb_388,923,8.0
tmdb_388,924,10.0
tmdb_388,953,8.0
tmdb_388,991,8.0
tmdb_388,1073,10.0
tmdb_388,1089,8.0
tmdb_388,1090,10.0
tmdb_388,1092,4.0
tmdb_388,1093,4.0
tmdb_388,1127,8.0
tmdb_388,1213,10.0
tmdb_388,1245,10.0
tmdb_388,1246,10.0
tmdb_388,1247,10.0
tmdb_388,1248,8.0
tmdb_388,1250,10.0
tmdb_388,1252,10.0
tmdb_388,1254,8.0
tmdb_388,1259,10.0
tmdb_388,1262,10.0
tmdb_388,1265,8.0
tmdb_388,1266,10.0
tmdb_388,1267,9.0
tmdb_388,1271,6.0
tmdb_388,1279,8.0
tmdb_388,1280,8.0
tmdb_388,1358,8.0
tmdb_388,1366,8.0
tmdb_388,1370,8.0
tmdb_388,1376,8.0
tmdb_388,1378,8.0
tmdb_388,1379,8.0
tmdb_388,1387,9.0
tmdb_388,1393,8.0
tmdb_388,1394,6.0
tmdb_388,1396,8.0
tmdb_388,1404,4.0
tmdb_388,1405,6.0
tmdb_388,1408,10.0
tmdb_388,1485,8.0
tmdb_388,1552,4.0
tmdb_388,1562,2.0
tmdb_388,1573,8.0
tmdb_388,1580,6.0
tmdb_388,1584,8.0
tmdb_388,1587,8.0
tmdb_388,1590,6.0
tmdb_388,1594,4.0
tmdb_388,1597,6.0
tmdb_388,1610,10.0
tmdb_388,1620,6.0
tmdb_388,1635,8.0
tmdb_388,1639,6.0
tmdb_388,1641,8.0
tmdb_388,1645,8.0
tmdb_388,1653,8.0
tmdb_388,1673,10.0
tmdb_388,1682,7.0
tmdb_388,1687,2.0
tmdb_388,1690,6.0
tmdb_388,1717,4.0
tmdb_388,1719,8.0
tmdb_388,1721,8.0
tmdb_388,1729,6.0
tmdb_388,1732,10.0
tmdb_388,1779,4.0
tmdb_388,1792,6.0
tmdb_388,1810,8.0
tmdb_388,1816,8.0
tmdb_388,1834,8.0
tmdb_388,1836,8.0
tmdb_388,1840,6.0
tmdb_388,1845,8.0
tmdb_388,1883,8.0
tmdb_388,1885,2.0
tmdb_388,1887,4.0
tmdb_388,1909,6.0
tmdb_388,1912,8.0
tmdb_388,1917,2.0
tmdb_388,1918,4.0
tmdb_388,1921,8.0
tmdb_388,1922,6.0
tmdb_388,1923,10.0
tmdb_388,1927,10.0
tmdb_388,1946,10.0
tmdb_388,1958,8.0
tmdb_388,1961,10.0
tmdb_388,1966,8.0
tmdb_388,1968,8.0
tmdb_388,1970,4.0
tmdb_388,1996,6.0
tmdb_388,2000,8.0
tmdb_388,2001,6.0
tmdb_388,2002,6.0
tmdb_388,2005,10.0
tmdb_388,2006,8.0
tmdb_388,2009,6.0
tmdb_388,2011,6.0
tmdb_388,2012,6.0
tmdb_388,2013,8.0
tmdb_388,2020,8.0
tmdb_388,2022,9.0
tmdb_388,2023,8.0
tmdb_388,2028,10.0
tmdb_388,2067,8.0
tmdb_388,2108,8.0
tmdb_388,2109,8.0
tmdb_388,2112,8.0
tmdb_388,2114,8.0
tmdb_388,2115,10.0
tmdb_388,2133,4.0
tmdb_388,2134,6.0
tmdb_388,2140,6.0
tmdb_388,2166,8.0
tmdb_388,2169,2.0
tmdb_388,2253,4.0
tmdb_388,2263,6.0
tmdb_388,2268,10.0
tmdb_388,2280,6.0
tmdb_388,2282,6.0
tmdb_388,2289,8.0
tmdb_388,2302,10.0
tmdb_388,2321,8.0
tmdb_388,2334,6.0
tmdb_388,2335,6.0
tmdb_388,2359,8.0
tmdb_388,2370,8.0
tmdb_388,2395,8.0
tmdb_388,2428,2.0
tmdb_388,2470,6.0
tmdb_388,2502,8.0
tmdb_388,2574,4.0
tmdb_388,2610,8.0
tmdb_388,2639,6.0
tmdb_388,2640,8.0
tmdb_388,2728,10.0
tmdb_388,2734,8.0
tmdb_388,2750,8.0
tmdb_388,2761,8.0
tmdb_388,2762,8.0
tmdb_388,2770,6.0
tmdb_388,2791,10.0
tmdb_388,2912,6.0
tmdb_388,2959,6.0
tmdb_388,2976,6.0
tmdb_388,2979,4.0
tmdb_388,2990,4.0
tmdb_388,3019,8.0
tmdb_388,3033,8.0
tmdb_388,3034,8.0
tmdb_388,3036,10.0
tmdb_388,3052,6.0
tmdb_388,3060,8.0
tmdb_388,3072,6.0
tmdb_388,3077,8.0
tmdb_388,3090,10.0
tmdb_388,3101,8.0
tmdb_388,3104,6.0
tmdb_388,3117,8.0
tmdb_388,3145,2.0
tmdb_388,3160,8.0
tmdb_388,3426,6.0
tmdb_388,3509,6.0
tmdb_388,3526,8.0
tmdb_388,3683,10.0
tmdb_388,3686,8.0
tmdb_388,3902,9.0
tmdb_388,4011,4.0
tmdb_388,4034,10.0
tmdb_388,4226,10.0
tmdb_388,4235,8.0
tmdb_388,4326,9.0
tmdb_388,4351,8.0
tmdb_388,4564,7.0
tmdb_388,4641,10.0
tmdb_388,4643,2.0
tmdb_388,4688,10.0
tmdb_388,4723,8.0
tmdb_388,4816,6.0
tmdb_388,4896,6.0
tmdb_388,4965,8.0
tmdb_388,4967,6.0
tmdb_388,4975,2.0
tmdb_388,4977,8.0
tmdb_388,4993,10.0
tmdb_388,4995,6.0
tmdb_388,5060,10.0
tmdb_388,5064,8.0
tmdb_388,5425,4.0
tmdb_388,5680,8.0
tmdb_388,5876,7.0
tmdb_388,5902,9.0
tmdb_388,5956,6.0
tmdb_388,5995,10.0
tmdb_388,6016,8.0
tmdb_388,6373,5.0
tmdb_388,6440,10.0
tmdb_388,6552,9.0
tmdb_388,6620,9.0
tmdb_388,6934,8.0
tmdb_388,6947,9.0
tmdb_388,6957,8.0
tmdb_388,6974,8.0
tmdb_388,7090,8.0
tmdb_388,7348,8.0
tmdb_388,8337,8.0
tmdb_388,8464,8.0
tmdb_388,8645,7.0
tmdb_388,8665,8.0
tmdb_388,8873,7.0
tmdb_388,8983,8.0
tmdb_388,27721,9.0
tmdb_388,27850,5.0
tmdb_388,27904,7.0
tmdb_388,30707,8.0
tmdb_388,32298,7.0
tmdb_388,33817,7.0
tmdb_388,39414,8.0
tmdb_388,41566,6.0
tmdb_388,42418,9.0
tmdb_388,45722,8.0
tmdb_388,54272,8.0
tmdb_388,58559,8.0
tmdb_389,2,8.0
tmdb_389,5,8.0
tmdb_389,19,2.0
tmdb_389,22,6.0
tmdb_389,62,8.0
tmdb_389,74,8.0
tmdb_389,95,10.0
tmdb_389,110,10.0
tmdb_389,135,8.0
tmdb_389,150,8.0
tmdb_389,153,6.0
tmdb_389,160,6.0
tmdb_389,161,8.0
tmdb_389,163,2.0
tmdb_389,168,8.0
tmdb_389,172,6.0
tmdb_389,173,4.0
tmdb_389,185,8.0
tmdb_389,204,6.0
tmdb_389,207,8.0
tmdb_389,225,4.0
tmdb_389,231,2.0
tmdb_389,236,6.0
tmdb_389,237,6.0
tmdb_389,238,6.0
tmdb_389,248,8.0
tmdb_389,252,8.0
tmdb_389,253,4.0
tmdb_389,256,6.0
tmdb_389,266,8.0
tmdb_389,274,6.0
tmdb_389,276,6.0
tmdb_389,292,8.0
tmdb_389,316,8.0
tmdb_389,318,10.0
tmdb_389,339,6.0
tmdb_389,344,4.0
tmdb_389,349,8.0
tmdb_389,380,10.0
tmdb_389,381,4.0
tmdb_389,434,10.0
tmdb_389,588,8.0
tmdb_389,590,10.0
tmdb_389,595,8.0
tmdb_390,3,10.0
tmdb_390,11,10.0
tmdb_390,14,4.0
tmdb_390,15,6.0
tmdb_390,17,8.0
tmdb_390,21,10.0
tmdb_390,62,6.0
tmdb_390,65,4.0
tmdb_390,95,6.0
tmdb_390,102,6.0
tmdb_390,104,2.0
tmdb_390,110,6.0
tmdb_390,112,8.0
tmdb_390,135,4.0
tmdb_390,141,10.0
tmdb_390,153,6.0
tmdb_390,165,8.0
tmdb_390,168,6.0
tmdb_390,173,6.0
tmdb_390,185,6.0
tmdb_390,204,6.0
tmdb_390,227,6.0
tmdb_390,260,10.0
tmdb_390,296,10.0
tmdb_390,303,6.0
tmdb_390,315,6.0
tmdb_390,316,8.0
tmdb_390,339,10.0
tmdb_390,349,6.0
tmdb_390,377,10.0
tmdb_390,379,6.0
tmdb_390,380,10.0
tmdb_390,423,6.0
tmdb_390,434,6.0
tmdb_390,438,6.0
tmdb_390,440,6.0
tmdb_390,457,6.0
tmdb_390,480,10.0
tmdb_390,494,8.0
tmdb_390,507,6.0
tmdb_390,539,10.0
tmdb_390,541,6.0
tmdb_390,548,6.0
tmdb_390,592,6.0
tmdb_390,608,8.0
tmdb_390,609,6.0
tmdb_390,613,6.0
tmdb_390,628,4.0
tmdb_390,637,4.0
tmdb_390,640,6.0
tmdb_390,647,4.0
tmdb_390,648,4.0
tmdb_390,653,8.0
tmdb_390,667,4.0
tmdb_390,673,2.0
tmdb_390,694,2.0
tmdb_390,708,8.0
tmdb_390,710,4.0
tmdb_390,742,2.0
tmdb_390,778,4.0
tmdb_390,780,10.0
tmdb_390,786,8.0
tmdb_390,788,6.0
tmdb_390,801,6.0
tmdb_390,802,8.0
tmdb_390,809,6.0
tmdb_390,810,4.0
tmdb_390,813,6.0
tmdb_390,818,4.0
tmdb_390,830,8.0
tmdb_390,832,6.0
tmdb_390,837,6.0
tmdb_390,838,8.0
tmdb_390,849,6.0
tmdb_390,858,10.0
tmdb_390,861,8.0
tmdb_390,870,2.0
tmdb_390,880,2.0
tmdb_390,891,2.0
tmdb_390,991,4.0
tmdb_390,1049,8.0
tmdb_390,1363,6.0
tmdb_390,1370,6.0
tmdb_390,1371,6.0
tmdb_390,1372,6.0
tmdb_390,1373,6.0
tmdb_390,1374,10.0
tmdb_390,1375,6.0
tmdb_390,1376,10.0
tmdb_390,1377,6.0
tmdb_390,1393,10.0
tmdb_390,1405,2.0
tmdb_390,1410,4.0
tmdb_390,1429,8.0
tmdb_390,1499,4.0
tmdb_390,1544,10.0
tmdb_390,1562,6.0
tmdb_390,2019,6.0
tmdb_391,17,8.0
tmdb_391,35,10.0
tmdb_391,58,10.0
tmdb_391,96,2.0
tmdb_391,110,8.0
tmdb_391,111,6.0
tmdb_391,144,10.0
tmdb_391,150,4.0
tmdb_391,162,10.0
tmdb_391,222,8.0
tmdb_391,233,8.0
tmdb_391,272,10.0
tmdb_391,277,2.0
tmdb_391,280,8.0
tmdb_391,299,6.0
tmdb_391,300,8.0
tmdb_391,302,8.0
tmdb_391,318,10.0
tmdb_391,319,6.0
tmdb_391,331,6.0
tmdb_391,342,4.0
tmdb_391,347,8.0
tmdb_391,381,2.0
tmdb_391,475,8.0
tmdb_391,481,8.0
tmdb_391,493,6.0
tmdb_391,497,8.0
tmdb_391,501,8.0
tmdb_391,506,6.0
tmdb_391,508,4.0
tmdb_391,509,10.0
tmdb_391,521,8.0
tmdb_391,522,10.0
tmdb_391,527,10.0
tmdb_391,531,8.0
tmdb_391,534,10.0
tmdb_391,535,10.0
tmdb_391,537,6.0
tmdb_391,587,2.0
tmdb_391,590,6.0
tmdb_391,592,6.0
tmdb_391,778,10.0
tmdb_391,838,8.0
tmdb_391,892,10.0
tmdb_391,924,6.0
tmdb_391,1245,6.0
tmdb_391,1246,6.0
tmdb_391,1249,8.0
tmdb_391,1254,10.0
tmdb_391,1262,6.0
tmdb_391,1268,8.0
tmdb_391,1271,8.0
tmdb_391,1273,10.0
tmdb_391,1277,8.0
tmdb_391,1279,6.0
tmdb_391,1283,8.0
tmdb_391,1419,6.0
tmdb_391,1596,6.0
tmdb_391,1611,10.0
tmdb_391,1641,8.0
tmdb_391,1643,10.0
tmdb_391,1673,6.0
tmdb_391,1721,2.0
tmdb_391,1722,6.0
tmdb_391,2019,10.0
tmdb_392,169,3.0
tmdb_392,605,8.0
tmdb_392,1566,4.0
tmdb_392,2567,4.0
tmdb_392,2926,8.0
tmdb_392,2959,8.0
tmdb_392,3034,4.0
tmdb_392,4973,8.0
tmdb_392,46976,6.0
tmdb_392,58559,9.0
tmdb_393,16,5.0
tmdb_393,187,7.0
tmdb_393,235,9.0
tmdb_393,435,4.0
tmdb_393,497,8.0
tmdb_393,585,4.0
tmdb_393,594,5.0
tmdb_393,753,7.0
tmdb_393,801,6.0
tmdb_393,920,7.0
tmdb_393,934,4.0
tmdb_393,1247,8.0
tmdb_393,1387,8.0
tmdb_393,1394,9.0
tmdb_393,1580,3.0
tmdb_393,1584,7.0
tmdb_393,1923,7.0
tmdb_393,1968,8.0
tmdb_393,2453,3.0
tmdb_393,3104,7.0
tmdb_393,5065,3.0
tmdb_393,5820,9.0
tmdb_393,5917,3.0
tmdb_393,5995,9.0
tmdb_393,6466,8.0
tmdb_393,6477,6.0
tmdb_394,95,6.0
tmdb_394,110,5.0
tmdb_394,165,8.0
tmdb_394,185,7.0
tmdb_394,246,5.0
tmdb_394,256,7.0
tmdb_394,260,6.0
tmdb_394,277,5.0
tmdb_394,288,7.0
tmdb_394,296,9.0
tmdb_394,316,6.0
tmdb_394,318,6.0
tmdb_394,344,3.0
tmdb_394,364,6.0
tmdb_394,377,6.0
tmdb_394,380,6.0
tmdb_394,454,6.0
tmdb_394,500,7.0
tmdb_394,527,1.0
tmdb_394,585,4.0
tmdb_394,590,4.0
tmdb_394,592,7.0
tmdb_394,597,7.0
tmdb_394,608,10.0
tmdb_394,648,9.0
tmdb_394,745,4.0
tmdb_394,750,7.0
tmdb_394,780,6.0
tmdb_394,838,9.0
tmdb_394,858,6.0
tmdb_394,899,7.0
tmdb_394,912,7.0
tmdb_394,914,7.0
tmdb_394,926,6.0
tmdb_394,1089,6.0
tmdb_394,1092,6.0
tmdb_394,1213,7.0
tmdb_394,1265,8.0
tmdb_394,1285,10.0
tmdb_394,1375,7.0
tmdb_394,1580,8.0
tmdb_394,1721,4.0
tmdb_394,1968,9.0
tmdb_394,2000,8.0
tmdb_394,2028,2.0
tmdb_394,2115,8.0
tmdb_394,2291,6.0
tmdb_394,2762,9.0
tmdb_394,2791,8.0
tmdb_394,3022,3.0
tmdb_394,3052,9.0
tmdb_394,4886,6.0
tmdb_394,4896,9.0
tmdb_394,4993,4.0
tmdb_394,5816,9.0
tmdb_394,5850,1.0
tmdb_394,6077,9.0
tmdb_394,6644,1.0
tmdb_394,8275,1.0
tmdb_394,8491,4.0
tmdb_394,8665,8.0
tmdb_394,8961,6.0
tmdb_394,25874,1.0
tmdb_394,26009,1.0
tmdb_394,26268,8.0
tmdb_394,26342,7.0
tmdb_394,26425,7.0
tmdb_394,27351,2.0
tmdb_394,27857,1.0
tmdb_394,31364,1.0
tmdb_394,42783,3.0
tmdb_394,58559,6.0
tmdb_394,70846,1.0
tmdb_394,84312,2.0
tmdb_395,110,6.0
tmdb_395,260,10.0
tmdb_395,415,4.0
tmdb_395,671,10.0
tmdb_395,1374,8.0
tmdb_395,1375,8.0
tmdb_395,1376,8.0
tmdb_395,2010,8.0
tmdb_395,2023,2.0
tmdb_395,2455,4.0
tmdb_395,2640,4.0
tmdb_396,2,6.0
tmdb_396,11,6.0
tmdb_396,12,8.0
tmdb_396,15,8.0
tmdb_396,17,8.0
tmdb_396,24,6.0
tmdb_396,65,4.0
tmdb_396,66,4.0
tmdb_396,76,6.0
tmdb_396,93,8.0
tmdb_396,110,6.0
tmdb_396,150,10.0
tmdb_396,153,6.0
tmdb_396,158,6.0
tmdb_396,160,6.0
tmdb_396,161,8.0
tmdb_396,168,4.0
tmdb_396,170,6.0
tmdb_396,172,6.0
tmdb_396,173,6.0
tmdb_396,177,6.0
tmdb_396,185,6.0
tmdb_396,196,6.0
tmdb_396,198,8.0
tmdb_396,234,6.0
tmdb_396,236,8.0
tmdb_396,237,6.0
tmdb_396,241,6.0
tmdb_396,249,6.0
tmdb_396,252,8.0
tmdb_396,253,8.0
tmdb_396,257,8.0
tmdb_396,272,6.0
tmdb_396,273,6.0
tmdb_396,274,6.0
tmdb_396,275,6.0
tmdb_396,276,6.0
tmdb_396,279,4.0
tmdb_396,289,6.0
tmdb_396,292,8.0
tmdb_396,302,8.0
tmdb_396,303,6.0
tmdb_396,316,8.0
tmdb_396,317,6.0
tmdb_396,327,6.0
tmdb_396,329,4.0
tmdb_396,338,6.0
tmdb_396,339,8.0
tmdb_396,340,6.0
tmdb_396,342,6.0
tmdb_396,344,4.0
tmdb_396,364,8.0
tmdb_396,380,6.0
tmdb_396,405,4.0
tmdb_396,410,6.0
tmdb_396,434,6.0
tmdb_396,435,4.0
tmdb_396,440,6.0
tmdb_396,442,6.0
tmdb_396,455,6.0
tmdb_396,457,6.0
tmdb_396,466,4.0
tmdb_396,468,8.0
tmdb_396,475,8.0
tmdb_396,480,10.0
tmdb_396,489,2.0
tmdb_396,494,8.0
tmdb_396,497,10.0
tmdb_396,500,6.0
tmdb_396,505,6.0
tmdb_396,508,6.0
tmdb_396,533,6.0
tmdb_396,539,6.0
tmdb_396,542,6.0
tmdb_396,543,4.0
tmdb_396,546,6.0
tmdb_396,551,6.0
tmdb_396,552,6.0
tmdb_396,553,8.0
tmdb_396,575,6.0
tmdb_396,586,6.0
tmdb_396,587,6.0
tmdb_396,588,4.0
tmdb_396,590,10.0
tmdb_396,592,8.0
tmdb_396,593,10.0
tmdb_396,594,6.0
tmdb_396,595,8.0
tmdb_396,596,6.0
tmdb_396,597,6.0
tmdb_396,637,6.0
tmdb_396,648,10.0
tmdb_396,653,8.0
tmdb_396,780,8.0
tmdb_396,786,6.0
tmdb_396,799,8.0
tmdb_396,880,8.0
tmdb_397,637,5.0
tmdb_397,1591,5.0
tmdb_397,2761,7.0
tmdb_397,2989,8.0
tmdb_397,2990,8.0
tmdb_397,5971,9.0
tmdb_397,6283,8.0
tmdb_397,8961,8.0
tmdb_397,31658,8.0
tmdb_397,45431,7.0
tmdb_397,63859,7.0
tmdb_397,70862,6.0
tmdb_397,71520,6.0
tmdb_398,173,10.0
tmdb_398,593,6.0
tmdb_398,648,8.0
tmdb_398,1073,6.0
tmdb_398,1374,6.0
tmdb_398,1376,6.0
tmdb_398,1380,10.0
tmdb_398,1923,10.0
tmdb_398,1967,8.0
tmdb_398,2000,8.0
tmdb_398,2001,8.0
tmdb_398,2111,8.0
tmdb_398,2115,8.0
tmdb_398,2134,8.0
tmdb_398,2140,8.0
tmdb_398,3087,8.0
tmdb_398,3104,8.0
tmdb_398,3396,8.0
tmdb_398,3480,8.0
tmdb_399,25,8.0
tmdb_399,193,4.0
tmdb_399,194,8.0
tmdb_399,296,10.0
tmdb_399,300,8.0
tmdb_399,318,8.0
tmdb_399,434,4.0
tmdb_399,457,6.0
tmdb_399,480,6.0
tmdb_399,481,2.0
tmdb_399,509,8.0
tmdb_399,586,2.0
tmdb_399,588,6.0
tmdb_399,593,8.0
tmdb_399,597,6.0
tmdb_400,21,8.0
tmdb_400,110,10.0
tmdb_400,150,8.0
tmdb_400,153,6.0
tmdb_400,160,4.0
tmdb_400,161,6.0
tmdb_400,165,8.0
tmdb_400,185,2.0
tmdb_400,225,6.0
tmdb_400,231,6.0
tmdb_400,253,6.0
tmdb_400,266,6.0
tmdb_400,288,6.0
tmdb_400,292,6.0
tmdb_400,296,10.0
tmdb_400,300,6.0
tmdb_400,316,6.0
tmdb_400,317,6.0
tmdb_400,318,10.0
tmdb_400,329,8.0
tmdb_400,344,6.0
tmdb_400,348,8.0
tmdb_400,349,6.0
tmdb_400,364,8.0
tmdb_400,377,8.0
tmdb_400,380,8.0
tmdb_400,410,6.0
tmdb_400,434,6.0
tmdb_400,435,6.0
tmdb_400,454,6.0
tmdb_400,457,8.0
tmdb_400,480,10.0
tmdb_400,500,6.0
tmdb_400,527,8.0
tmdb_400,539,6.0
tmdb_400,586,8.0
tmdb_400,587,6.0
tmdb_400,588,8.0
tmdb_400,590,8.0
tmdb_400,592,8.0
tmdb_400,593,10.0
tmdb_400,594,10.0
tmdb_400,595,8.0
tmdb_400,596,8.0
tmdb_400,597,6.0
tmdb_400,608,8.0
tmdb_401,260,10.0
tmdb_401,329,10.0
tmdb_401,466,8.0
tmdb_401,541,10.0
tmdb_401,594,10.0
tmdb_401,671,10.0
tmdb_401,674,10.0
tmdb_401,742,6.0
tmdb_401,879,6.0
tmdb_401,924,10.0
tmdb_401,1091,4.0
tmdb_401,1127,6.0
tmdb_401,1253,10.0
tmdb_401,1265,10.0
tmdb_401,1372,8.0
tmdb_401,1374,10.0
tmdb_401,1375,10.0
tmdb_401,1376,10.0
tmdb_401,1580,10.0
tmdb_401,1584,10.0
tmdb_401,1676,8.0
tmdb_401,2004,4.0
tmdb_401,2005,2.0
tmdb_401,2105,8.0
tmdb_401,2111,8.0
tmdb_401,2355,8.0
tmdb_401,2363,10.0
tmdb_401,2455,10.0
tmdb_401,2527,6.0
tmdb_401,2528,8.0
tmdb_401,2640,6.0
tmdb_401,2657,10.0
tmdb_401,3033,10.0
tmdb_401,3175,10.0
tmdb_401,3699,8.0
tmdb_401,3934,8.0
tmdb_402,11,9.0
tmdb_402,13,9.0
tmdb_402,150,9.0
tmdb_402,216,8.0
tmdb_402,239,9.0
tmdb_402,258,7.0
tmdb_402,260,8.0
tmdb_402,364,8.0
tmdb_402,539,9.0
tmdb_402,587,8.0
tmdb_402,588,8.0
tmdb_402,595,8.0
tmdb_402,596,6.0
tmdb_402,750,6.0
tmdb_402,780,8.0
tmdb_402,858,5.0
tmdb_402,1246,7.0
tmdb_402,1265,9.0
tmdb_402,1376,6.0
tmdb_402,1377,7.0
tmdb_402,1393,6.0
tmdb_402,1566,6.0
tmdb_402,1580,7.0
tmdb_402,1584,9.0
tmdb_402,1608,7.0
tmdb_402,1682,8.0
tmdb_402,1721,6.0
tmdb_402,1835,8.0
tmdb_402,1918,6.0
tmdb_402,1968,8.0
tmdb_402,2011,10.0
tmdb_402,2012,8.0
tmdb_402,2123,6.0
tmdb_402,2335,9.0
tmdb_402,2447,8.0
tmdb_402,2762,6.0
tmdb_402,2791,7.0
tmdb_402,4369,6.0
tmdb_402,4701,7.0
tmdb_402,4823,7.0
tmdb_402,4974,5.0
tmdb_402,4993,8.0
tmdb_402,4995,6.0
tmdb_402,5066,8.0
tmdb_402,5481,7.0
tmdb_402,5816,8.0
tmdb_402,5971,8.0
tmdb_402,6283,8.0
tmdb_402,6537,6.0
tmdb_402,6934,5.0
tmdb_402,7346,7.0
tmdb_402,7451,6.0
tmdb_402,8866,7.0
tmdb_402,8961,7.0
tmdb_402,8984,7.0
tmdb_402,30793,6.0
tmdb_402,31658,8.0
tmdb_402,31696,7.0
tmdb_402,39435,6.0
tmdb_402,40815,8.0
tmdb_402,44004,8.0
tmdb_402,45722,7.0
tmdb_402,46972,7.0
tmdb_402,46976,8.0
tmdb_402,47518,8.0
tmdb_402,49526,7.0
tmdb_402,54276,8.0
tmdb_402,56152,8.0
tmdb_402,58559,7.0
tmdb_402,63859,7.0
tmdb_402,69069,8.0
tmdb_402,69526,6.0
tmdb_402,79224,5.0
tmdb_402,86332,7.0
tmdb_402,98491,10.0
tmdb_402,104374,10.0
tmdb_403,25,6.0
tmdb_403,141,6.0
tmdb_403,247,10.0
tmdb_403,253,6.0
tmdb_403,296,6.0
tmdb_403,593,6.0
tmdb_403,1255,10.0
tmdb_403,1387,10.0
tmdb_404,6,8.0
tmdb_404,216,8.0
tmdb_404,593,10.0
tmdb_404,780,6.0
tmdb_404,858,10.0
tmdb_404,1393,6.0
tmdb_404,1580,8.0
tmdb_404,2023,8.0
tmdb_404,2269,6.0
tmdb_404,2976,6.0
tmdb_404,4226,8.0
tmdb_404,4885,4.0
tmdb_404,4896,8.0
tmdb_404,5470,8.0
tmdb_405,85,8.0
tmdb_405,105,7.0
tmdb_405,110,4.0
tmdb_405,168,5.0
tmdb_405,257,3.0
tmdb_405,260,10.0
tmdb_405,277,8.0
tmdb_405,315,7.0
tmdb_405,339,8.0
tmdb_405,349,8.0
tmdb_405,350,8.0
tmdb_405,377,4.0
tmdb_405,380,5.0
tmdb_405,423,10.0
tmdb_405,434,2.0
tmdb_405,457,10.0
tmdb_405,468,6.0
tmdb_405,509,10.0
tmdb_405,531,8.0
tmdb_405,586,8.0
tmdb_405,590,9.0
tmdb_405,648,4.0
tmdb_405,653,3.0
tmdb_405,674,6.0
tmdb_405,780,8.0
tmdb_405,858,10.0
tmdb_405,897,9.0
tmdb_405,910,6.0
tmdb_405,912,10.0
tmdb_405,916,9.0
tmdb_405,920,10.0
tmdb_405,931,9.0
tmdb_405,947,8.0
tmdb_405,951,9.0
tmdb_405,955,8.0
tmdb_405,1246,9.0
tmdb_405,1250,4.0
tmdb_405,1265,10.0
tmdb_405,1266,9.0
tmdb_405,1282,10.0
tmdb_405,1370,7.0
tmdb_405,1374,8.0
tmdb_405,1375,6.0
tmdb_405,1552,6.0
tmdb_405,1556,2.0
tmdb_405,1580,9.0
tmdb_405,1608,5.0
tmdb_405,1610,8.0
tmdb_405,1639,4.0
tmdb_405,1722,7.0
tmdb_405,1792,7.0
tmdb_405,1917,2.0
tmdb_405,1918,5.0
tmdb_405,1927,8.0
tmdb_405,1956,7.0
tmdb_405,1957,7.0
tmdb_405,1958,8.0
tmdb_405,1961,8.0
tmdb_405,2000,9.0
tmdb_405,2001,7.0
tmdb_405,2002,7.0
tmdb_405,2011,5.0
tmdb_405,2012,8.0
tmdb_405,2023,10.0
tmdb_405,2080,7.0
tmdb_405,2108,7.0
tmdb_405,2115,8.0
tmdb_405,2151,8.0
tmdb_405,2193,8.0
tmdb_405,2202,6.0
tmdb_405,2207,8.0
tmdb_405,2259,8.0
tmdb_405,2269,6.0
tmdb_405,2302,8.0
tmdb_405,2312,9.0
tmdb_405,2355,8.0
tmdb_405,2469,6.0
tmdb_405,2470,10.0
tmdb_405,2501,10.0
tmdb_405,2617,3.0
tmdb_405,2621,8.0
tmdb_405,2657,7.0
tmdb_405,2728,8.0
tmdb_405,2734,3.0
tmdb_405,2779,8.0
tmdb_405,2791,5.0
tmdb_405,2929,1.0
tmdb_405,2989,7.0
tmdb_405,2990,8.0
tmdb_405,2993,7.0
tmdb_405,3028,6.0
tmdb_405,3082,7.0
tmdb_405,3088,9.0
tmdb_405,3125,2.0
tmdb_405,3176,1.0
tmdb_405,3478,8.0
tmdb_405,3577,9.0
tmdb_405,3635,8.0
tmdb_405,3638,7.0
tmdb_405,3681,7.0
tmdb_405,3682,6.0
tmdb_405,3699,8.0
tmdb_405,3763,10.0
tmdb_405,3764,3.0
tmdb_405,4025,7.0
tmdb_405,4254,2.0
tmdb_405,4296,7.0
tmdb_405,4327,7.0
tmdb_405,4339,6.0
tmdb_405,4478,7.0
tmdb_405,4587,7.0
tmdb_405,4643,7.0
tmdb_405,4727,9.0
tmdb_405,4806,8.0
tmdb_405,4857,9.0
tmdb_405,4889,10.0
tmdb_405,4896,9.0
tmdb_405,4933,6.0
tmdb_405,4958,7.0
tmdb_405,4993,9.0
tmdb_405,4995,9.0
tmdb_405,5061,1.0
tmdb_405,5470,8.0
tmdb_405,5506,7.0
tmdb_405,5602,9.0
tmdb_405,5620,7.0
tmdb_405,5622,9.0
tmdb_405,5651,5.0
tmdb_405,5801,8.0
tmdb_405,5816,9.0
tmdb_405,5955,8.0
tmdb_405,5995,10.0
tmdb_405,6078,7.0
tmdb_405,6166,8.0
tmdb_405,6461,9.0
tmdb_405,6947,8.0
tmdb_405,8665,7.0
tmdb_405,8675,10.0
tmdb_406,111,10.0
tmdb_406,364,7.0
tmdb_406,541,8.0
tmdb_406,750,10.0
tmdb_406,858,8.0
tmdb_406,902,9.0
tmdb_406,912,7.0
tmdb_406,923,7.0
tmdb_406,924,10.0
tmdb_406,1244,9.0
tmdb_406,1873,7.0
tmdb_406,2010,7.0
tmdb_406,2268,7.0
tmdb_406,3114,7.0
tmdb_406,4928,8.0
tmdb_406,4993,10.0
tmdb_406,5971,9.0
tmdb_406,8933,10.0
tmdb_406,25771,9.0
tmdb_406,31658,10.0
tmdb_406,44191,10.0
tmdb_407,14,8.0
tmdb_407,25,8.0
tmdb_407,58,10.0
tmdb_407,73,10.0
tmdb_407,144,8.0
tmdb_407,150,10.0
tmdb_407,162,8.0
tmdb_407,171,10.0
tmdb_407,178,10.0
tmdb_407,223,8.0
tmdb_407,246,10.0
tmdb_407,253,6.0
tmdb_407,265,8.0
tmdb_407,290,8.0
tmdb_407,296,10.0
tmdb_407,300,10.0
tmdb_407,318,8.0
tmdb_407,319,8.0
tmdb_407,334,10.0
tmdb_407,337,8.0
tmdb_407,342,8.0
tmdb_407,345,10.0
tmdb_407,348,10.0
tmdb_407,377,8.0
tmdb_407,388,8.0
tmdb_407,454,6.0
tmdb_407,457,8.0
tmdb_407,501,6.0
tmdb_407,506,10.0
tmdb_407,509,8.0
tmdb_407,527,8.0
tmdb_407,534,10.0
tmdb_407,549,10.0
tmdb_407,551,10.0
tmdb_407,562,6.0
tmdb_407,581,10.0
tmdb_407,593,8.0
tmdb_407,608,10.0
tmdb_407,628,6.0
tmdb_407,745,10.0
tmdb_407,778,10.0
tmdb_407,806,4.0
tmdb_407,838,8.0
tmdb_407,1249,8.0
tmdb_407,1279,6.0
tmdb_407,1358,8.0
tmdb_407,1375,6.0
tmdb_407,1393,6.0
tmdb_407,1407,6.0
tmdb_407,1411,8.0
tmdb_407,1441,8.0
tmdb_407,1498,6.0
tmdb_407,1573,6.0
tmdb_407,1610,6.0
tmdb_407,1619,8.0
tmdb_407,1639,8.0
tmdb_407,1641,8.0
tmdb_407,1643,8.0
tmdb_407,1673,10.0
tmdb_407,1678,8.0
tmdb_407,1683,10.0
tmdb_407,1701,8.0
tmdb_407,1719,10.0
tmdb_407,1730,10.0
tmdb_407,1732,4.0
tmdb_407,1734,10.0
tmdb_407,1870,8.0
tmdb_407,1873,10.0
tmdb_407,1880,8.0
tmdb_407,1909,8.0
tmdb_407,1923,6.0
tmdb_407,1966,10.0
tmdb_407,2028,8.0
tmdb_407,2029,10.0
tmdb_407,2071,10.0
tmdb_407,2108,8.0
tmdb_407,2112,8.0
tmdb_407,2171,8.0
tmdb_407,2268,6.0
tmdb_407,2282,8.0
tmdb_407,2291,10.0
tmdb_407,2297,6.0
tmdb_407,2395,10.0
tmdb_407,2447,6.0
tmdb_407,2501,10.0
tmdb_407,2575,8.0
tmdb_407,2721,10.0
tmdb_407,2762,10.0
tmdb_407,2959,10.0
tmdb_407,3007,8.0
tmdb_407,3052,6.0
tmdb_407,3060,8.0
tmdb_407,3079,10.0
tmdb_407,3082,6.0
tmdb_407,3083,8.0
tmdb_407,3145,6.0
tmdb_407,3160,8.0
tmdb_407,3175,10.0
tmdb_407,3176,10.0
tmdb_407,3179,8.0
tmdb_407,3594,8.0
tmdb_407,3598,10.0
tmdb_407,3635,6.0
tmdb_407,4024,8.0
tmdb_407,4034,10.0
tmdb_407,4226,10.0
tmdb_407,4235,10.0
tmdb_407,4896,6.0
tmdb_407,4973,10.0
tmdb_407,4975,6.0
tmdb_407,4993,10.0
tmdb_407,4995,8.0
tmdb_407,5483,8.0
tmdb_407,5816,8.0
tmdb_407,5902,9.0
tmdb_407,5956,2.0
tmdb_407,5991,10.0
tmdb_407,5995,9.0
tmdb_407,6440,9.0
tmdb_407,6620,10.0
tmdb_407,8665,8.0
tmdb_407,8879,9.0
tmdb_407,8966,8.0
tmdb_407,36527,9.0
tmdb_407,40815,8.0
tmdb_407,41566,8.0
tmdb_408,16,4.0
tmdb_408,17,8.0
tmdb_408,18,10.0
tmdb_408,21,10.0
tmdb_408,55,2.0
tmdb_408,73,10.0
tmdb_408,101,6.0
tmdb_408,104,6.0
tmdb_408,123,10.0
tmdb_408,150,6.0
tmdb_408,175,10.0
tmdb_408,180,10.0
tmdb_408,222,10.0
tmdb_408,223,8.0
tmdb_408,260,10.0
tmdb_408,265,8.0
tmdb_408,291,4.0
tmdb_408,296,8.0
tmdb_408,309,10.0
tmdb_408,314,10.0
tmdb_408,319,10.0
tmdb_408,327,10.0
tmdb_408,342,6.0
tmdb_408,345,8.0
tmdb_408,410,4.0
tmdb_408,440,6.0
tmdb_408,454,4.0
tmdb_408,457,6.0
tmdb_408,522,6.0
tmdb_408,539,6.0
tmdb_408,541,10.0
tmdb_408,588,6.0
tmdb_408,590,4.0
tmdb_408,593,6.0
tmdb_408,595,6.0
tmdb_408,608,8.0
tmdb_408,671,10.0
tmdb_408,680,10.0
tmdb_408,778,10.0
tmdb_408,780,8.0
tmdb_408,866,10.0
tmdb_408,903,8.0
tmdb_408,910,6.0
tmdb_408,914,4.0
tmdb_408,919,6.0
tmdb_408,1051,6.0
tmdb_408,1059,10.0
tmdb_408,1089,10.0
tmdb_408,1246,8.0
tmdb_408,1252,8.0
tmdb_408,1257,10.0
tmdb_408,1259,8.0
tmdb_408,1265,4.0
tmdb_408,1268,8.0
tmdb_408,1273,10.0
tmdb_408,1279,8.0
tmdb_408,1280,10.0
tmdb_408,1285,8.0
tmdb_408,1361,6.0
tmdb_408,1394,10.0
tmdb_408,1407,8.0
tmdb_408,1408,8.0
tmdb_408,1411,4.0
tmdb_408,1429,10.0
tmdb_408,1441,6.0
tmdb_408,1537,10.0
tmdb_408,1552,10.0
tmdb_408,1573,8.0
tmdb_408,1584,8.0
tmdb_408,1620,10.0
tmdb_408,1639,10.0
tmdb_408,1641,10.0
tmdb_408,1644,8.0
tmdb_408,1648,2.0
tmdb_408,1673,4.0
tmdb_408,1682,10.0
tmdb_408,1701,2.0
tmdb_408,1717,8.0
tmdb_408,1721,8.0
tmdb_408,1732,8.0
tmdb_408,1836,2.0
tmdb_408,1873,10.0
tmdb_408,1885,10.0
tmdb_408,1907,6.0
tmdb_408,1909,10.0
tmdb_408,1914,8.0
tmdb_408,1917,8.0
tmdb_408,1919,8.0
tmdb_408,1920,6.0
tmdb_408,1923,8.0
tmdb_408,1954,2.0
tmdb_408,1956,6.0
tmdb_408,1961,6.0
tmdb_408,1967,8.0
tmdb_408,1968,8.0
tmdb_408,2006,8.0
tmdb_408,2014,4.0
tmdb_408,2018,8.0
tmdb_408,2019,10.0
tmdb_408,2046,8.0
tmdb_408,2058,8.0
tmdb_408,2059,4.0
tmdb_408,2064,8.0
tmdb_408,2071,8.0
tmdb_408,2094,6.0
tmdb_408,2109,10.0
tmdb_408,2114,8.0
tmdb_408,2115,4.0
tmdb_408,2125,10.0
tmdb_408,2133,6.0
tmdb_408,2142,6.0
tmdb_408,2144,8.0
tmdb_408,2161,8.0
tmdb_408,2195,10.0
tmdb_408,2232,10.0
tmdb_408,2268,6.0
tmdb_408,2282,10.0
tmdb_408,2291,4.0
tmdb_408,2302,4.0
tmdb_408,2348,10.0
tmdb_408,2363,10.0
tmdb_408,2371,2.0
tmdb_408,2433,4.0
tmdb_408,2447,2.0
tmdb_408,2470,4.0
tmdb_408,2620,10.0
tmdb_408,2640,6.0
tmdb_408,2657,8.0
tmdb_408,2671,2.0
tmdb_408,2694,2.0
tmdb_408,2699,2.0
tmdb_409,15,2.0
tmdb_409,16,8.0
tmdb_409,21,10.0
tmdb_409,22,2.0
tmdb_409,25,8.0
tmdb_409,30,10.0
tmdb_409,35,8.0
tmdb_409,85,10.0
tmdb_409,110,8.0
tmdb_409,150,8.0
tmdb_409,153,6.0
tmdb_409,154,8.0
tmdb_409,165,4.0
tmdb_409,194,10.0
tmdb_409,204,8.0
tmdb_409,213,10.0
tmdb_409,223,8.0
tmdb_409,231,8.0
tmdb_409,232,10.0
tmdb_409,235,8.0
tmdb_409,265,10.0
tmdb_409,268,8.0
tmdb_409,272,10.0
tmdb_409,280,10.0
tmdb_409,290,10.0
tmdb_409,292,4.0
tmdb_409,296,10.0
tmdb_409,306,10.0
tmdb_409,307,10.0
tmdb_409,308,10.0
tmdb_409,309,10.0
tmdb_409,318,10.0
tmdb_409,319,10.0
tmdb_409,331,8.0
tmdb_409,348,10.0
tmdb_409,349,6.0
tmdb_409,380,6.0
tmdb_409,431,8.0
tmdb_409,434,8.0
tmdb_409,590,8.0
tmdb_409,592,6.0
tmdb_409,673,10.0
tmdb_410,110,10.0
tmdb_410,165,6.0
tmdb_410,231,6.0
tmdb_410,260,9.0
tmdb_410,296,2.0
tmdb_410,316,9.0
tmdb_410,318,10.0
tmdb_410,344,6.0
tmdb_410,377,9.0
tmdb_410,380,8.0
tmdb_410,480,10.0
tmdb_410,500,8.0
tmdb_410,527,1.0
tmdb_410,608,2.0
tmdb_410,648,10.0
tmdb_410,1265,10.0
tmdb_410,4993,10.0
tmdb_410,8665,9.0
tmdb_410,8961,9.0
tmdb_411,24,10.0
tmdb_411,105,8.0
tmdb_411,318,10.0
tmdb_411,527,10.0
tmdb_411,608,8.0
tmdb_411,858,8.0
tmdb_411,912,6.0
tmdb_411,1584,8.0
tmdb_411,1956,4.0
tmdb_411,1997,10.0
tmdb_411,2324,2.0
tmdb_411,2501,8.0
tmdb_411,2762,8.0
tmdb_411,3076,6.0
tmdb_412,19,6.0
tmdb_412,27,6.0
tmdb_412,110,6.0
tmdb_412,140,8.0
tmdb_412,185,6.0
tmdb_412,193,4.0
tmdb_412,231,6.0
tmdb_412,260,6.0
tmdb_412,296,6.0
tmdb_412,318,4.0
tmdb_412,337,4.0
tmdb_412,339,8.0
tmdb_412,342,6.0
tmdb_412,344,6.0
tmdb_412,364,8.0
tmdb_412,377,6.0
tmdb_412,500,6.0
tmdb_412,550,4.0
tmdb_412,588,8.0
tmdb_412,619,6.0
tmdb_412,662,2.0
tmdb_412,708,6.0
tmdb_412,754,8.0
tmdb_412,784,2.0
tmdb_412,804,6.0
tmdb_412,805,6.0
tmdb_412,832,6.0
tmdb_412,833,2.0
tmdb_412,837,6.0
tmdb_412,912,4.0
tmdb_412,1265,4.0
tmdb_412,1377,8.0
tmdb_412,1393,10.0
tmdb_412,1407,10.0
tmdb_412,1485,6.0
tmdb_412,1544,4.0
tmdb_412,1562,2.0
tmdb_412,1580,6.0
tmdb_412,1608,4.0
tmdb_412,1644,8.0
tmdb_412,1676,6.0
tmdb_412,1682,8.0
tmdb_412,1721,8.0
tmdb_412,1722,8.0
tmdb_412,1833,2.0
tmdb_412,1835,10.0
tmdb_412,1895,4.0
tmdb_412,1909,8.0
tmdb_412,1917,8.0
tmdb_412,2026,4.0
tmdb_412,2028,8.0
tmdb_412,2029,6.0
tmdb_412,2107,6.0
tmdb_412,2294,6.0
tmdb_412,2355,6.0
tmdb_412,2428,2.0
tmdb_412,2433,4.0
tmdb_412,2447,8.0
tmdb_412,2539,2.0
tmdb_412,2546,6.0
tmdb_412,2567,6.0
tmdb_412,2605,8.0
tmdb_412,2617,4.0
tmdb_412,2687,6.0
tmdb_412,2722,6.0
tmdb_412,2762,10.0
tmdb_412,2770,2.0
tmdb_412,2805,6.0
tmdb_412,2959,8.0
tmdb_412,3052,8.0
tmdb_412,3053,2.0
tmdb_412,3082,8.0
tmdb_412,3114,8.0
tmdb_412,3146,6.0
tmdb_412,3173,4.0
tmdb_412,3484,6.0
tmdb_412,3511,2.0
tmdb_412,3512,4.0
tmdb_412,3536,6.0
tmdb_412,3598,4.0
tmdb_412,3981,2.0
tmdb_412,4011,8.0
tmdb_412,4025,4.0
tmdb_412,4034,6.0
tmdb_412,4148,4.0
tmdb_412,4228,6.0
tmdb_412,4255,4.0
tmdb_413,6,10.0
tmdb_413,17,6.0
tmdb_413,25,8.0
tmdb_413,62,8.0
tmdb_413,95,8.0
tmdb_413,112,6.0
tmdb_413,141,6.0
tmdb_413,494,6.0
tmdb_413,648,8.0
tmdb_413,694,6.0
tmdb_413,708,8.0
tmdb_413,780,8.0
tmdb_413,786,8.0
tmdb_413,800,8.0
tmdb_413,832,8.0
tmdb_413,1073,8.0
tmdb_414,21,8.0
tmdb_414,24,4.0
tmdb_414,28,8.0
tmdb_414,288,4.0
tmdb_414,346,6.0
tmdb_414,380,4.0
tmdb_414,439,2.0
tmdb_414,524,6.0
tmdb_414,612,6.0
tmdb_414,619,2.0
tmdb_414,700,4.0
tmdb_414,907,8.0
tmdb_414,953,6.0
tmdb_414,1244,8.0
tmdb_414,1552,2.0
tmdb_414,1636,2.0
tmdb_414,1912,8.0
tmdb_414,2028,4.0
tmdb_414,2134,6.0
tmdb_414,2141,6.0
tmdb_414,2359,6.0
tmdb_414,3101,6.0
tmdb_414,4025,4.0
tmdb_414,4148,2.0
tmdb_414,4203,2.0
tmdb_414,4550,4.0
tmdb_414,4578,4.0
tmdb_414,4932,6.0
tmdb_414,4973,10.0
tmdb_414,5646,8.0
tmdb_414,5651,6.0
tmdb_414,5816,8.0
tmdb_415,110,10.0
tmdb_415,150,6.0
tmdb_415,161,8.0
tmdb_415,165,6.0
tmdb_415,185,8.0
tmdb_415,292,10.0
tmdb_415,296,6.0
tmdb_415,316,10.0
tmdb_415,329,8.0
tmdb_415,349,10.0
tmdb_415,380,10.0
tmdb_415,434,6.0
tmdb_415,454,10.0
tmdb_415,457,10.0
tmdb_415,480,10.0
tmdb_415,588,6.0
tmdb_415,590,6.0
tmdb_415,592,6.0
tmdb_415,595,6.0
tmdb_415,780,8.0
tmdb_416,3,8.0
tmdb_416,11,8.0
tmdb_416,19,6.0
tmdb_416,20,6.0
tmdb_416,22,8.0
tmdb_416,62,10.0
tmdb_416,74,6.0
tmdb_416,86,6.0
tmdb_416,88,6.0
tmdb_416,104,6.0
tmdb_416,122,6.0
tmdb_416,140,6.0
tmdb_416,150,6.0
tmdb_416,153,6.0
tmdb_416,158,4.0
tmdb_416,161,8.0
tmdb_416,165,8.0
tmdb_416,168,8.0
tmdb_416,186,6.0
tmdb_416,193,2.0
tmdb_416,195,8.0
tmdb_416,215,6.0
tmdb_416,216,8.0
tmdb_416,217,4.0
tmdb_416,225,8.0
tmdb_416,231,6.0
tmdb_416,235,8.0
tmdb_416,236,6.0
tmdb_416,237,8.0
tmdb_416,246,10.0
tmdb_416,248,6.0
tmdb_416,253,6.0
tmdb_416,273,6.0
tmdb_416,288,6.0
tmdb_416,296,6.0
tmdb_416,300,6.0
tmdb_416,315,4.0
tmdb_416,329,6.0
tmdb_416,344,8.0
tmdb_416,349,8.0
tmdb_416,364,6.0
tmdb_416,377,6.0
tmdb_416,380,6.0
tmdb_416,381,8.0
tmdb_416,433,6.0
tmdb_416,434,6.0
tmdb_416,435,6.0
tmdb_416,437,6.0
tmdb_416,440,6.0
tmdb_416,442,6.0
tmdb_416,445,2.0
tmdb_416,454,6.0
tmdb_416,457,8.0
tmdb_416,466,6.0
tmdb_416,480,6.0
tmdb_416,481,6.0
tmdb_416,489,2.0
tmdb_416,500,6.0
tmdb_416,508,8.0
tmdb_416,511,6.0
tmdb_416,524,8.0
tmdb_416,539,8.0
tmdb_416,540,4.0
tmdb_416,543,8.0
tmdb_416,550,6.0
tmdb_416,585,6.0
tmdb_416,586,6.0
tmdb_416,587,6.0
tmdb_416,592,6.0
tmdb_416,593,8.0
tmdb_416,594,6.0
tmdb_416,597,8.0
tmdb_416,648,6.0
tmdb_416,765,6.0
tmdb_416,780,6.0
tmdb_416,784,4.0
tmdb_416,786,8.0
tmdb_416,788,6.0
tmdb_416,802,6.0
tmdb_416,805,8.0
tmdb_417,104,5.0
tmdb_417,110,10.0
tmdb_417,158,1.0
tmdb_417,161,7.0
tmdb_417,165,6.0
tmdb_417,260,8.0
tmdb_417,261,7.0
tmdb_417,349,8.0
tmdb_417,457,8.0
tmdb_417,588,1.0
tmdb_417,608,8.0
tmdb_417,780,8.0
tmdb_417,832,10.0
tmdb_417,903,8.0
tmdb_417,920,6.0
tmdb_417,923,7.0
tmdb_417,1090,9.0
tmdb_417,1125,8.0
tmdb_417,1250,8.0
tmdb_417,1265,9.0
tmdb_417,1272,8.0
tmdb_417,1278,9.0
tmdb_417,1370,7.0
tmdb_417,1393,8.0
tmdb_417,1580,8.0
tmdb_417,1608,8.0
tmdb_417,1610,8.0
tmdb_417,1687,8.0
tmdb_417,1792,7.0
tmdb_417,1923,1.0
tmdb_417,1950,8.0
tmdb_417,1961,10.0
tmdb_417,2028,10.0
tmdb_417,2054,1.0
tmdb_417,2109,8.0
tmdb_417,2324,10.0
tmdb_417,2359,8.0
tmdb_417,2502,7.0
tmdb_417,2671,8.0
tmdb_417,3114,7.0
tmdb_417,4499,9.0
tmdb_417,4857,8.0
tmdb_417,4886,8.0
tmdb_417,4958,3.0
tmdb_417,4993,9.0
tmdb_417,5602,8.0
tmdb_417,5991,1.0
tmdb_417,5995,10.0
tmdb_417,6934,6.0
tmdb_417,6947,8.0
tmdb_417,7090,8.0
tmdb_417,7348,8.0
tmdb_417,7980,7.0
tmdb_417,8827,9.0
tmdb_417,8961,9.0
tmdb_417,8984,9.0
tmdb_418,2,4.0
tmdb_418,95,7.0
tmdb_418,150,8.0
tmdb_418,153,4.0
tmdb_418,158,8.0
tmdb_418,339,9.0
tmdb_418,344,5.0
tmdb_418,350,7.0
tmdb_418,364,9.0
tmdb_418,377,6.0
tmdb_418,380,8.0
tmdb_418,434,7.0
tmdb_418,442,6.0
tmdb_418,480,10.0
tmdb_418,500,6.0
tmdb_418,586,8.0
tmdb_418,590,7.0
tmdb_418,592,6.0
tmdb_418,597,10.0
tmdb_418,648,7.0
tmdb_418,673,3.0
tmdb_418,778,1.0
tmdb_418,780,9.0
tmdb_418,783,7.0
tmdb_418,805,8.0
tmdb_418,1088,10.0
tmdb_418,1092,6.0
tmdb_418,1380,7.0
tmdb_418,1407,7.0
tmdb_418,1416,5.0
tmdb_418,1562,3.0
tmdb_418,1566,6.0
tmdb_418,1580,8.0
tmdb_418,1645,7.0
tmdb_418,1688,8.0
tmdb_418,1721,9.0
tmdb_418,1722,6.0
tmdb_418,1835,8.0
tmdb_418,1882,7.0
tmdb_418,1923,5.0
tmdb_418,1961,7.0
tmdb_418,2080,7.0
tmdb_418,2324,9.0
tmdb_418,2470,6.0
tmdb_418,2617,8.0
tmdb_418,2687,10.0
tmdb_418,2762,7.0
tmdb_418,3512,6.0
tmdb_418,4034,3.0
tmdb_418,4232,4.0
tmdb_418,4254,7.0
tmdb_418,4347,7.0
tmdb_418,4369,10.0
tmdb_418,4638,8.0
tmdb_418,4639,8.0
tmdb_418,4887,8.0
tmdb_418,4896,10.0
tmdb_418,4975,3.0
tmdb_418,4993,10.0
tmdb_418,4995,9.0
tmdb_418,5816,9.0
tmdb_418,6537,6.0
tmdb_418,6934,7.0
tmdb_418,8916,8.0
tmdb_418,8961,8.0
tmdb_418,8984,8.0
tmdb_418,31427,9.0
tmdb_418,31903,10.0
tmdb_418,37727,8.0
tmdb_418,40815,9.0
tmdb_419,21,7.0
tmdb_419,105,7.0
tmdb_419,342,9.0
tmdb_419,508,9.0
tmdb_419,527,9.0
tmdb_419,590,7.0
tmdb_419,647,7.0
tmdb_419,783,8.0
tmdb_419,858,7.0
tmdb_419,1641,9.0
tmdb_419,1682,6.0
tmdb_419,1722,5.0
tmdb_419,2001,5.0
tmdb_419,2054,6.0
tmdb_419,2302,9.0
tmdb_419,2321,6.0
tmdb_419,2539,8.0
tmdb_419,2762,9.0
tmdb_419,2959,4.0
tmdb_419,3114,7.0
tmdb_419,4886,7.0
tmdb_419,5876,9.0
tmdb_419,5991,6.0
tmdb_419,8961,9.0
tmdb_420,107,8.0
tmdb_420,144,8.0
tmdb_420,249,4.0
tmdb_420,342,10.0
tmdb_420,480,4.0
tmdb_420,497,8.0
tmdb_420,531,6.0
tmdb_420,541,8.0
tmdb_420,552,10.0
tmdb_420,562,8.0
tmdb_420,593,4.0
tmdb_420,594,6.0
tmdb_420,595,8.0
tmdb_420,596,6.0
tmdb_420,616,6.0
tmdb_420,661,6.0
tmdb_420,750,10.0
tmdb_420,828,8.0
tmdb_420,898,10.0
tmdb_420,903,10.0
tmdb_420,907,6.0
tmdb_420,910,8.0
tmdb_420,912,6.0
tmdb_420,913,6.0
tmdb_420,914,6.0
tmdb_420,923,8.0
tmdb_420,953,6.0
tmdb_420,1023,10.0
tmdb_420,1073,10.0
tmdb_420,1103,6.0
tmdb_420,1125,8.0
tmdb_420,1247,8.0
tmdb_420,1250,6.0
tmdb_420,1259,10.0
tmdb_420,1266,8.0
tmdb_420,1269,6.0
tmdb_420,1272,6.0
tmdb_420,1278,8.0
tmdb_420,1280,8.0
tmdb_420,1282,6.0
tmdb_420,1374,8.0
tmdb_420,1380,4.0
tmdb_420,1394,4.0
tmdb_420,1405,2.0
tmdb_420,1411,8.0
tmdb_420,1721,4.0
tmdb_420,5060,6.0
tmdb_421,11,10.0
tmdb_421,110,10.0
tmdb_421,150,8.0
tmdb_421,158,6.0
tmdb_421,160,2.0
tmdb_421,165,4.0
tmdb_421,168,6.0
tmdb_421,173,2.0
tmdb_421,186,6.0
tmdb_421,236,6.0
tmdb_421,252,4.0
tmdb_421,253,4.0
tmdb_421,261,6.0
tmdb_421,265,4.0
tmdb_421,266,6.0
tmdb_421,292,6.0
tmdb_421,293,2.0
tmdb_421,300,6.0
tmdb_421,315,2.0
tmdb_421,316,10.0
tmdb_421,317,4.0
tmdb_421,318,10.0
tmdb_421,337,8.0
tmdb_421,339,6.0
tmdb_421,344,2.0
tmdb_421,349,10.0
tmdb_421,350,8.0
tmdb_421,364,6.0
tmdb_421,377,8.0
tmdb_421,380,6.0
tmdb_421,410,4.0
tmdb_421,434,4.0
tmdb_421,440,6.0
tmdb_421,454,8.0
tmdb_421,457,8.0
tmdb_421,480,2.0
tmdb_421,588,6.0
tmdb_421,590,10.0
tmdb_421,593,6.0
tmdb_421,595,6.0
tmdb_422,25,10.0
tmdb_422,62,6.0
tmdb_422,70,6.0
tmdb_422,163,8.0
tmdb_422,296,10.0
tmdb_422,300,8.0
tmdb_422,314,10.0
tmdb_422,318,10.0
tmdb_422,377,8.0
tmdb_422,480,6.0
tmdb_422,509,10.0
tmdb_422,539,6.0
tmdb_422,593,10.0
tmdb_422,597,8.0
tmdb_422,608,10.0
tmdb_422,671,8.0
tmdb_422,745,10.0
tmdb_422,848,6.0
tmdb_422,858,8.0
tmdb_422,902,10.0
tmdb_422,1089,10.0
tmdb_422,1092,8.0
tmdb_422,1213,8.0
tmdb_422,1265,6.0
tmdb_422,1266,8.0
tmdb_422,1268,8.0
tmdb_422,1271,8.0
tmdb_422,1393,6.0
tmdb_422,1441,6.0
tmdb_422,1610,8.0
tmdb_422,1619,10.0
tmdb_422,1639,10.0
tmdb_422,1721,6.0
tmdb_422,1909,4.0
tmdb_422,1977,4.0
tmdb_422,2028,8.0
tmdb_422,2268,8.0
tmdb_422,2291,8.0
tmdb_422,2324,10.0
tmdb_422,2359,10.0
tmdb_422,2791,8.0
tmdb_422,2841,6.0
tmdb_422,3007,8.0
tmdb_422,3052,10.0
tmdb_422,3107,8.0
tmdb_422,3114,8.0
tmdb_422,3418,10.0
tmdb_422,4025,6.0
tmdb_423,16,7.0
tmdb_423,88,6.0
tmdb_423,110,7.0
tmdb_423,111,10.0
tmdb_423,112,8.0
tmdb_423,153,4.0
tmdb_423,165,5.0
tmdb_423,180,7.0
tmdb_423,216,2.0
tmdb_423,223,8.0
tmdb_423,247,10.0
tmdb_423,293,6.0
tmdb_423,296,9.0
tmdb_423,318,8.0
tmdb_423,344,3.0
tmdb_423,380,5.0
tmdb_423,431,8.0
tmdb_423,441,8.0
tmdb_423,501,10.0
tmdb_423,541,9.0
tmdb_423,551,6.0
tmdb_423,588,3.0
tmdb_423,592,5.0
tmdb_423,608,8.0
tmdb_423,678,8.0
tmdb_423,745,9.0
tmdb_423,750,9.0
tmdb_423,778,7.0
tmdb_423,849,6.0
tmdb_423,858,9.0
tmdb_423,903,9.0
tmdb_423,913,9.0
tmdb_423,953,8.0
tmdb_423,968,8.0
tmdb_423,1073,9.0
tmdb_423,1089,10.0
tmdb_423,1090,7.0
tmdb_423,1103,7.0
tmdb_423,1213,7.0
tmdb_423,1247,7.0
tmdb_423,1252,10.0
tmdb_423,1253,7.0
tmdb_423,1255,8.0
tmdb_423,1266,9.0
tmdb_423,1272,9.0
tmdb_423,1278,8.0
tmdb_423,1281,7.0
tmdb_423,1285,9.0
tmdb_423,1374,8.0
tmdb_423,1391,8.0
tmdb_423,1405,7.0
tmdb_423,1573,7.0
tmdb_423,1584,8.0
tmdb_423,1587,7.0
tmdb_423,1588,2.0
tmdb_423,1590,2.0
tmdb_423,1594,7.0
tmdb_423,1673,10.0
tmdb_423,1682,6.0
tmdb_423,1729,10.0
tmdb_423,1732,10.0
tmdb_423,1884,9.0
tmdb_423,1907,3.0
tmdb_423,1921,7.0
tmdb_423,1954,6.0
tmdb_423,2000,6.0
tmdb_423,2002,6.0
tmdb_423,2003,8.0
tmdb_423,2012,6.0
tmdb_423,2019,7.0
tmdb_423,2023,8.0
tmdb_423,2078,5.0
tmdb_423,2109,8.0
tmdb_423,2134,6.0
tmdb_423,2144,7.0
tmdb_423,2148,9.0
tmdb_423,2186,8.0
tmdb_423,2288,10.0
tmdb_423,2324,7.0
tmdb_423,2371,7.0
tmdb_423,2502,9.0
tmdb_423,2539,4.0
tmdb_423,2788,6.0
tmdb_423,2959,9.0
tmdb_423,3033,7.0
tmdb_423,3037,8.0
tmdb_423,3101,3.0
tmdb_423,3175,5.0
tmdb_423,3396,7.0
tmdb_423,3635,7.0
tmdb_423,3681,7.0
tmdb_423,4011,6.0
tmdb_423,4105,7.0
tmdb_423,4226,9.0
tmdb_423,4499,8.0
tmdb_423,4552,7.0
tmdb_423,4558,5.0
tmdb_423,4643,1.0
tmdb_423,4734,3.0
tmdb_423,4886,3.0
tmdb_423,4993,6.0
tmdb_423,5060,8.0
tmdb_423,5481,3.0
tmdb_423,6373,4.0
tmdb_423,6936,7.0
tmdb_423,6957,8.0
tmdb_423,8464,8.0
tmdb_423,8874,9.0
tmdb_423,8914,7.0
tmdb_423,8984,4.0
tmdb_423,27397,8.0
tmdb_423,31658,10.0
tmdb_423,37727,2.0
tmdb_423,40732,7.0
tmdb_423,42632,5.0
tmdb_423,44191,6.0
tmdb_423,48385,9.0
tmdb_423,51540,9.0
tmdb_423,58559,10.0
tmdb_423,74458,8.0
tmdb_424,348,6.0
tmdb_424,475,9.0
tmdb_424,745,9.0
tmdb_424,910,7.0
tmdb_424,1250,6.0
tmdb_424,1573,7.0
tmdb_424,1641,8.0
tmdb_424,1912,7.0
tmdb_424,1965,7.0
tmdb_424,2160,9.0
tmdb_424,2302,4.0
tmdb_424,2395,7.0
tmdb_424,2770,8.0
tmdb_424,4226,8.0
tmdb_425,3,1.0
tmdb_425,104,6.0
tmdb_425,260,7.0
tmdb_425,266,8.0
tmdb_425,293,7.0
tmdb_425,318,6.0
tmdb_425,442,3.0
tmdb_425,527,10.0
tmdb_425,553,5.0
tmdb_425,593,9.0
tmdb_425,708,2.0
tmdb_425,858,8.0
tmdb_425,1584,6.0
tmdb_425,1610,7.0
tmdb_425,2028,9.0
tmdb_425,2762,10.0
tmdb_425,2959,6.0
tmdb_425,3114,9.0
tmdb_425,4011,7.0
tmdb_425,4226,4.0
tmdb_425,4327,8.0
tmdb_425,4886,6.0
tmdb_425,4973,1.0
tmdb_425,4993,8.0
tmdb_425,8961,6.0
tmdb_426,2,6.0
tmdb_426,150,9.0
tmdb_426,173,4.0
tmdb_426,293,9.0
tmdb_426,318,6.0
tmdb_426,364,4.0
tmdb_426,377,6.0
tmdb_426,527,9.0
tmdb_426,586,7.0
tmdb_426,587,5.0
tmdb_426,593,7.0
tmdb_426,780,8.0
tmdb_426,858,9.0
tmdb_426,1090,5.0
tmdb_426,1213,8.0
tmdb_426,1246,6.0
tmdb_426,1262,3.0
tmdb_426,1266,5.0
tmdb_426,1573,9.0
tmdb_426,1580,6.0
tmdb_426,1645,9.0
tmdb_426,1721,8.0
tmdb_426,1917,7.0
tmdb_426,1961,8.0
tmdb_426,1997,6.0
tmdb_426,2012,5.0
tmdb_426,2028,9.0
tmdb_426,2054,7.0
tmdb_426,2324,8.0
tmdb_426,2355,7.0
tmdb_426,2459,4.0
tmdb_426,2762,9.0
tmdb_426,2959,8.0
tmdb_426,3114,6.0
tmdb_426,4011,5.0
tmdb_426,4886,8.0
tmdb_426,4896,8.0
tmdb_426,4993,10.0
tmdb_426,4995,9.0
tmdb_426,5816,8.0
tmdb_426,5956,9.0
tmdb_426,5995,9.0
tmdb_426,6537,6.0
tmdb_426,6934,9.0
tmdb_426,8645,2.0
tmdb_426,8961,8.0
tmdb_426,30707,9.0
tmdb_426,30793,8.0
tmdb_426,31696,9.0
tmdb_426,39446,9.0
tmdb_426,40815,8.0
tmdb_426,41566,6.0
tmdb_426,44191,8.0
tmdb_426,45722,9.0
tmdb_426,48385,6.0
tmdb_426,55872,7.0
tmdb_426,58559,9.0
tmdb_426,74545,3.0
tmdb_426,79553,7.0
tmdb_427,246,10.0
tmdb_427,910,10.0
tmdb_427,919,10.0
tmdb_427,927,10.0
tmdb_427,1267,10.0
tmdb_427,1610,8.0
tmdb_427,1834,10.0
tmdb_427,1947,10.0
tmdb_427,2165,8.0
tmdb_427,2202,10.0
tmdb_427,2324,4.0
tmdb_427,2330,8.0
tmdb_427,2331,10.0
tmdb_427,2357,10.0
tmdb_427,2436,4.0
tmdb_427,2501,10.0
tmdb_427,2575,6.0
tmdb_427,2611,8.0
tmdb_427,2612,10.0
tmdb_427,2690,8.0
tmdb_427,2721,8.0
tmdb_427,2759,4.0
tmdb_427,2762,6.0
tmdb_427,2891,8.0
tmdb_427,2959,8.0
tmdb_427,3007,8.0
tmdb_427,3079,6.0
tmdb_427,3083,10.0
tmdb_427,3114,8.0
tmdb_427,3175,6.0
tmdb_427,3176,8.0
tmdb_427,3594,6.0
tmdb_427,3989,8.0
tmdb_427,4034,8.0
tmdb_427,4226,10.0
tmdb_427,4235,8.0
tmdb_427,4252,10.0
tmdb_427,4375,8.0
tmdb_427,4641,8.0
tmdb_427,4722,8.0
tmdb_427,4723,8.0
tmdb_427,4772,8.0
tmdb_427,4965,4.0
tmdb_427,4973,10.0
tmdb_427,5375,9.0
tmdb_427,5902,6.0
tmdb_427,5955,8.0
tmdb_427,5991,10.0
tmdb_427,6016,10.0
tmdb_427,6552,9.0
tmdb_427,6620,10.0
tmdb_427,6935,8.0
tmdb_427,7451,8.0
tmdb_427,8011,8.0
tmdb_427,8129,3.0
tmdb_427,8366,7.0
tmdb_427,8464,10.0
tmdb_427,8645,9.0
tmdb_427,8860,1.0
tmdb_427,8873,5.0
tmdb_427,8874,8.0
tmdb_427,8938,10.0
tmdb_427,8951,8.0
tmdb_427,8961,7.0
tmdb_427,8966,7.0
tmdb_427,8970,8.0
tmdb_427,8973,8.0
tmdb_427,27850,7.0
tmdb_427,30707,6.0
tmdb_427,33138,8.0
tmdb_427,33166,10.0
tmdb_427,44694,7.0
tmdb_427,56152,9.0
tmdb_427,68347,9.0
tmdb_427,72720,8.0
tmdb_428,2,6.0
tmdb_428,16,10.0
tmdb_428,111,10.0
tmdb_428,153,3.0
tmdb_428,223,9.0
tmdb_428,231,8.0
tmdb_428,256,4.0
tmdb_428,260,10.0
tmdb_428,296,10.0
tmdb_428,329,5.0
tmdb_428,344,7.0
tmdb_428,364,10.0
tmdb_428,480,6.0
tmdb_428,500,2.0
tmdb_428,508,6.0
tmdb_428,586,7.0
tmdb_428,588,8.0
tmdb_428,592,8.0
tmdb_428,593,9.0
tmdb_428,595,7.0
tmdb_428,608,9.0
tmdb_428,616,5.0
tmdb_428,858,10.0
tmdb_428,912,6.0
tmdb_428,919,6.0
tmdb_428,924,10.0
tmdb_428,1073,10.0
tmdb_428,1089,10.0
tmdb_428,1213,10.0
tmdb_428,1244,10.0
tmdb_428,1259,9.0
tmdb_428,1265,8.0
tmdb_428,1387,8.0
tmdb_428,1405,6.0
tmdb_428,1580,8.0
tmdb_428,1721,2.0
tmdb_428,1732,10.0
tmdb_428,1826,1.0
tmdb_428,1917,1.0
tmdb_428,1968,10.0
tmdb_428,2011,10.0
tmdb_428,2054,5.0
tmdb_428,2115,8.0
tmdb_428,2324,5.0
tmdb_428,2502,10.0
tmdb_428,2762,6.0
tmdb_428,2959,10.0
tmdb_428,3114,10.0
tmdb_428,3175,7.0
tmdb_428,4226,8.0
tmdb_428,4822,10.0
tmdb_428,4886,8.0
tmdb_428,4896,7.0
tmdb_428,4993,8.0
tmdb_428,4995,8.0
tmdb_428,5816,7.0
tmdb_428,6440,9.0
tmdb_428,8859,1.0
tmdb_428,8961,8.0
tmdb_428,25771,5.0
tmdb_428,40815,7.0
tmdb_428,45722,4.0
tmdb_428,48385,10.0
tmdb_428,58559,10.0
tmdb_428,61348,1.0
tmdb_428,84944,6.0
tmdb_429,123,8.0
tmdb_429,593,8.0
tmdb_429,1644,1.0
tmdb_429,2959,6.0
tmdb_429,4226,3.0
tmdb_429,4973,6.0
tmdb_429,4993,4.0
tmdb_429,5971,5.0
tmdb_429,8915,4.0
tmdb_430,3,3.0
tmdb_430,6,8.0
tmdb_430,19,4.0
tmdb_430,21,10.0
tmdb_430,25,9.0
tmdb_430,69,8.0
tmdb_430,104,4.0
tmdb_430,110,8.0
tmdb_430,141,8.0
tmdb_430,147,9.0
tmdb_430,150,8.0
tmdb_430,153,2.0
tmdb_430,185,7.0
tmdb_430,223,5.0
tmdb_430,231,10.0
tmdb_430,235,10.0
tmdb_430,253,10.0
tmdb_430,260,7.0
tmdb_430,292,10.0
tmdb_430,293,10.0
tmdb_430,296,9.0
tmdb_430,316,8.0
tmdb_430,318,10.0
tmdb_430,337,9.0
tmdb_430,344,8.0
tmdb_430,349,9.0
tmdb_430,364,10.0
tmdb_430,380,10.0
tmdb_430,442,1.0
tmdb_430,454,6.0
tmdb_430,457,10.0
tmdb_430,480,8.0
tmdb_430,494,2.0
tmdb_430,497,3.0
tmdb_430,500,8.0
tmdb_430,539,4.0
tmdb_430,553,8.0
tmdb_430,587,8.0
tmdb_430,588,9.0
tmdb_430,590,8.0
tmdb_430,592,7.0
tmdb_430,593,8.0
tmdb_430,594,5.0
tmdb_430,595,7.0
tmdb_430,597,8.0
tmdb_430,608,8.0
tmdb_430,648,9.0
tmdb_430,653,1.0
tmdb_430,665,6.0
tmdb_430,714,9.0
tmdb_430,745,10.0
tmdb_430,778,10.0
tmdb_430,780,5.0
tmdb_430,858,9.0
tmdb_430,968,7.0
tmdb_430,1073,8.0
tmdb_430,1089,9.0
tmdb_430,1090,5.0
tmdb_430,1259,8.0
tmdb_430,1265,10.0
tmdb_430,1285,8.0
tmdb_430,1393,9.0
tmdb_430,1394,8.0
tmdb_430,1580,10.0
tmdb_430,1584,2.0
tmdb_430,1610,7.0
tmdb_430,1721,5.0
tmdb_430,1732,9.0
tmdb_430,1917,6.0
tmdb_430,1921,10.0
tmdb_430,1923,9.0
tmdb_430,1961,8.0
tmdb_430,1968,9.0
tmdb_430,2010,9.0
tmdb_430,2012,7.0
tmdb_430,2028,8.0
tmdb_430,2064,8.0
tmdb_430,2140,8.0
tmdb_430,2291,10.0
tmdb_430,2324,8.0
tmdb_430,2640,4.0
tmdb_430,2762,8.0
tmdb_430,2788,9.0
tmdb_430,2924,10.0
tmdb_430,2959,10.0
tmdb_430,3019,10.0
tmdb_430,3114,9.0
tmdb_430,3160,9.0
tmdb_430,3581,7.0
tmdb_430,4011,9.0
tmdb_430,4034,8.0
tmdb_430,4226,10.0
tmdb_430,4235,10.0
tmdb_430,4349,10.0
tmdb_430,4499,9.0
tmdb_430,4641,8.0
tmdb_430,4886,10.0
tmdb_430,4896,7.0
tmdb_430,4973,10.0
tmdb_430,4993,7.0
tmdb_430,4995,7.0
tmdb_430,5816,7.0
tmdb_430,6016,10.0
tmdb_430,6440,10.0
tmdb_430,6461,10.0
tmdb_430,7090,9.0
tmdb_430,8665,1.0
tmdb_430,8961,10.0
tmdb_430,26509,9.0
tmdb_430,30793,9.0
tmdb_430,40815,7.0
tmdb_430,41566,4.0
tmdb_430,41571,8.0
tmdb_430,42013,4.0
tmdb_430,42734,9.0
tmdb_430,42738,9.0
tmdb_430,44191,7.0
tmdb_430,45722,8.0
tmdb_431,5,9.0
tmdb_431,17,10.0
tmdb_431,110,10.0
tmdb_431,150,8.0
tmdb_431,186,5.0
tmdb_431,215,10.0
tmdb_431,223,10.0
tmdb_431,236,6.0
tmdb_431,246,8.0
tmdb_431,247,8.0
tmdb_431,260,10.0
tmdb_431,318,10.0
tmdb_431,337,10.0
tmdb_431,350,6.0
tmdb_431,377,4.0
tmdb_431,457,9.0
tmdb_431,497,10.0
tmdb_431,527,9.0
tmdb_431,587,8.0
tmdb_431,628,10.0
tmdb_431,661,6.0
tmdb_431,832,6.0
tmdb_431,898,9.0
tmdb_431,899,9.0
tmdb_431,902,6.0
tmdb_431,910,10.0
tmdb_431,911,8.0
tmdb_431,912,8.0
tmdb_431,914,6.0
tmdb_431,919,8.0
tmdb_431,920,2.0
tmdb_431,923,8.0
tmdb_431,928,9.0
tmdb_431,953,10.0
tmdb_431,955,8.0
tmdb_431,1050,9.0
tmdb_431,1059,10.0
tmdb_431,1090,10.0
tmdb_431,1103,10.0
tmdb_431,1246,10.0
tmdb_431,1247,8.0
tmdb_431,1250,6.0
tmdb_431,1252,10.0
tmdb_431,1259,10.0
tmdb_431,1265,10.0
tmdb_431,1278,10.0
tmdb_431,1358,6.0
tmdb_431,1376,2.0
tmdb_431,1387,8.0
tmdb_431,1394,6.0
tmdb_431,1407,8.0
tmdb_431,1411,10.0
tmdb_431,1485,6.0
tmdb_431,1635,10.0
tmdb_431,1639,10.0
tmdb_431,1653,10.0
tmdb_431,1682,8.0
tmdb_431,1719,8.0
tmdb_431,1873,6.0
tmdb_431,1912,8.0
tmdb_431,1945,10.0
tmdb_431,1954,8.0
tmdb_431,1955,8.0
tmdb_431,1956,9.0
tmdb_431,1961,9.0
tmdb_431,1968,10.0
tmdb_431,2000,8.0
tmdb_431,2004,1.0
tmdb_431,2010,9.0
tmdb_431,2011,8.0
tmdb_431,2012,6.0
tmdb_431,2019,8.0
tmdb_431,2020,8.0
tmdb_431,2028,9.0
tmdb_431,2085,6.0
tmdb_431,2114,9.0
tmdb_431,2268,9.0
tmdb_431,2291,10.0
tmdb_431,2324,9.0
tmdb_431,2395,6.0
tmdb_431,2502,4.0
tmdb_431,2617,6.0
tmdb_431,2640,6.0
tmdb_431,2728,9.0
tmdb_431,2762,10.0
tmdb_431,2959,9.0
tmdb_431,3052,8.0
tmdb_431,3114,8.0
tmdb_431,3469,8.0
tmdb_431,4011,10.0
tmdb_431,4226,10.0
tmdb_431,4326,10.0
tmdb_431,4351,5.0
tmdb_431,4641,8.0
tmdb_431,4701,7.0
tmdb_431,4823,7.0
tmdb_431,4886,9.0
tmdb_431,4973,10.0
tmdb_431,4993,9.0
tmdb_431,4995,8.0
tmdb_431,5064,7.0
tmdb_431,5481,5.0
tmdb_431,5995,9.0
tmdb_431,8464,10.0
tmdb_431,8645,10.0
tmdb_431,8665,10.0
tmdb_431,8873,10.0
tmdb_431,8961,10.0
tmdb_431,8970,10.0
tmdb_431,8981,8.0
tmdb_431,27721,10.0
tmdb_431,30707,10.0
tmdb_431,44191,10.0
tmdb_431,45722,10.0
tmdb_432,145,8.0
tmdb_432,150,9.0
tmdb_432,293,10.0
tmdb_432,296,10.0
tmdb_432,318,10.0
tmdb_432,593,10.0
tmdb_432,780,10.0
tmdb_432,858,10.0
tmdb_432,924,6.0
tmdb_432,1089,10.0
tmdb_432,1213,7.0
tmdb_432,1485,7.0
tmdb_432,1729,10.0
tmdb_432,1997,8.0
tmdb_432,2028,10.0
tmdb_432,2054,8.0
tmdb_432,2502,8.0
tmdb_432,2959,10.0
tmdb_432,4011,10.0
tmdb_432,4034,8.0
tmdb_432,4226,10.0
tmdb_432,4235,10.0
tmdb_432,4701,9.0
tmdb_432,5481,10.0
tmdb_432,5995,10.0
tmdb_432,6016,6.0
tmdb_432,33166,8.0
tmdb_433,6,10.0
tmdb_433,11,3.0
tmdb_433,16,9.0
tmdb_433,19,5.0
tmdb_433,104,6.0
tmdb_433,111,10.0
tmdb_433,173,2.0
tmdb_433,231,9.0
tmdb_433,235,9.0
tmdb_433,260,8.0
tmdb_433,293,7.0
tmdb_433,296,10.0
tmdb_433,300,8.0
tmdb_433,318,8.0
tmdb_433,337,6.0
tmdb_433,380,7.0
tmdb_433,442,3.0
tmdb_433,527,10.0
tmdb_433,592,8.0
tmdb_433,593,9.0
tmdb_433,608,10.0
tmdb_433,784,4.0
tmdb_433,858,10.0
tmdb_433,924,10.0
tmdb_433,1073,8.0
tmdb_433,1090,6.0
tmdb_433,1213,10.0
tmdb_433,1265,10.0
tmdb_433,1266,8.0
tmdb_433,1358,9.0
tmdb_433,1387,8.0
tmdb_433,1393,7.0
tmdb_433,1485,6.0
tmdb_433,1573,7.0
tmdb_433,1673,10.0
tmdb_433,1682,9.0
tmdb_433,1923,6.0
tmdb_433,1961,8.0
tmdb_433,1968,8.0
tmdb_433,2011,8.0
tmdb_433,2291,7.0
tmdb_433,2395,9.0
tmdb_433,2640,6.0
tmdb_433,2657,8.0
tmdb_433,2791,7.0
tmdb_433,3052,9.0
tmdb_433,3175,6.0
tmdb_433,4226,5.0
tmdb_433,4235,8.0
tmdb_433,4641,10.0
tmdb_433,4734,8.0
tmdb_433,4886,8.0
tmdb_433,4993,10.0
tmdb_433,5060,7.0
tmdb_433,5481,5.0
tmdb_433,5902,10.0
tmdb_433,5995,8.0
tmdb_433,6016,10.0
tmdb_433,6936,7.0
tmdb_433,6957,6.0
tmdb_433,7451,8.0
tmdb_433,8665,6.0
tmdb_433,8961,9.0
tmdb_433,30707,5.0
tmdb_433,33166,4.0
tmdb_433,51540,9.0
tmdb_433,54272,7.0
tmdb_433,58559,9.0
tmdb_434,6,8.0
tmdb_434,17,10.0
tmdb_434,25,10.0
tmdb_434,28,8.0
tmdb_434,58,10.0
tmdb_434,74,4.0
tmdb_434,78,8.0
tmdb_434,79,2.0
tmdb_434,85,8.0
tmdb_434,95,6.0
tmdb_434,100,6.0
tmdb_434,101,10.0
tmdb_434,103,6.0
tmdb_434,107,4.0
tmdb_434,111,8.0
tmdb_434,141,2.0
tmdb_434,150,6.0
tmdb_434,156,4.0
tmdb_434,162,8.0
tmdb_434,176,8.0
tmdb_434,194,8.0
tmdb_434,213,8.0
tmdb_434,229,8.0
tmdb_434,246,8.0
tmdb_434,260,4.0
tmdb_434,272,8.0
tmdb_434,280,8.0
tmdb_434,281,10.0
tmdb_434,296,10.0
tmdb_434,299,2.0
tmdb_434,300,10.0
tmdb_434,318,8.0
tmdb_434,348,8.0
tmdb_434,431,8.0
tmdb_434,457,10.0
tmdb_434,469,4.0
tmdb_434,475,10.0
tmdb_434,494,6.0
tmdb_434,497,8.0
tmdb_434,501,2.0
tmdb_434,508,4.0
tmdb_434,509,2.0
tmdb_434,527,8.0
tmdb_434,534,8.0
tmdb_434,535,8.0
tmdb_434,590,2.0
tmdb_434,593,6.0
tmdb_434,594,8.0
tmdb_434,595,10.0
tmdb_434,599,8.0
tmdb_434,608,8.0
tmdb_434,628,6.0
tmdb_434,648,8.0
tmdb_434,661,8.0
tmdb_434,679,8.0
tmdb_434,707,6.0
tmdb_434,745,10.0
tmdb_434,750,8.0
tmdb_434,778,8.0
tmdb_434,780,2.0
tmdb_434,783,8.0
tmdb_434,786,6.0
tmdb_434,800,8.0
tmdb_434,804,8.0
tmdb_434,805,4.0
tmdb_434,806,2.0
tmdb_434,816,6.0
tmdb_434,832,8.0
tmdb_434,838,10.0
tmdb_434,848,8.0
tmdb_434,858,10.0
tmdb_434,866,8.0
tmdb_434,912,10.0
tmdb_434,913,10.0
tmdb_434,923,10.0
tmdb_434,953,6.0
tmdb_434,986,8.0
tmdb_434,991,8.0
tmdb_434,994,10.0
tmdb_434,1023,8.0
tmdb_434,1050,10.0
tmdb_434,1213,8.0
tmdb_434,1244,8.0
tmdb_434,1250,8.0
tmdb_434,1252,10.0
tmdb_434,1254,8.0
tmdb_434,1266,10.0
tmdb_434,1278,8.0
tmdb_434,1285,8.0
tmdb_434,1387,8.0
tmdb_434,1393,8.0
tmdb_434,1394,8.0
tmdb_434,1404,4.0
tmdb_434,1407,6.0
tmdb_434,1411,10.0
tmdb_434,1414,6.0
tmdb_434,1416,4.0
tmdb_434,1573,10.0
tmdb_434,1609,6.0
tmdb_434,1641,8.0
tmdb_434,1645,8.0
tmdb_434,1665,6.0
tmdb_434,1719,10.0
tmdb_434,1721,4.0
tmdb_434,1729,8.0
tmdb_434,1732,8.0
tmdb_434,1834,8.0
tmdb_434,1875,8.0
tmdb_434,2108,8.0
tmdb_435,260,10.0
tmdb_435,527,8.0
tmdb_435,593,8.0
tmdb_435,750,10.0
tmdb_435,778,6.0
tmdb_435,924,8.0
tmdb_435,1127,8.0
tmdb_435,1246,8.0
tmdb_435,1566,6.0
tmdb_435,1580,10.0
tmdb_435,1721,8.0
tmdb_435,1722,6.0
tmdb_436,58,8.0
tmdb_436,111,8.0
tmdb_436,334,8.0
tmdb_436,593,4.0
tmdb_436,608,10.0
tmdb_436,750,10.0
tmdb_436,755,4.0
tmdb_436,898,8.0
tmdb_436,909,10.0
tmdb_436,910,10.0
tmdb_436,912,8.0
tmdb_436,916,6.0
tmdb_436,919,6.0
tmdb_436,923,10.0
tmdb_436,1244,8.0
tmdb_436,1247,10.0
tmdb_436,1250,10.0
tmdb_436,1251,10.0
tmdb_436,1283,10.0
tmdb_436,1411,6.0
tmdb_436,1669,8.0
tmdb_436,1834,6.0
tmdb_436,1939,10.0
tmdb_436,1940,8.0
tmdb_436,1941,10.0
tmdb_436,1944,10.0
tmdb_436,1945,10.0
tmdb_436,1955,8.0
tmdb_436,1964,8.0
tmdb_436,2019,10.0
tmdb_436,2067,8.0
tmdb_436,2313,8.0
tmdb_436,4970,6.0
tmdb_437,150,10.0
tmdb_437,163,6.0
tmdb_437,232,10.0
tmdb_437,239,4.0
tmdb_437,246,8.0
tmdb_437,296,10.0
tmdb_437,329,6.0
tmdb_437,364,10.0
tmdb_437,380,8.0
tmdb_437,440,6.0
tmdb_437,457,8.0
tmdb_437,551,8.0
tmdb_437,588,8.0
tmdb_437,590,8.0
tmdb_437,592,6.0
tmdb_437,595,10.0
tmdb_437,616,6.0
tmdb_437,661,6.0
tmdb_437,709,6.0
tmdb_438,296,10.0
tmdb_438,318,10.0
tmdb_438,527,9.0
tmdb_438,923,8.0
tmdb_438,1089,9.0
tmdb_438,1682,9.0
tmdb_438,4993,8.0
tmdb_439,185,6.0
tmdb_439,187,4.0
tmdb_439,196,6.0
tmdb_439,198,8.0
tmdb_439,223,8.0
tmdb_439,235,8.0
tmdb_439,260,4.0
tmdb_439,316,8.0
tmdb_439,318,6.0
tmdb_439,327,6.0
tmdb_439,435,2.0
tmdb_439,440,4.0
tmdb_439,442,6.0
tmdb_439,480,6.0
tmdb_439,527,6.0
tmdb_439,541,6.0
tmdb_439,588,6.0
tmdb_439,593,10.0
tmdb_439,608,8.0
tmdb_439,671,6.0
tmdb_439,674,4.0
tmdb_439,780,6.0
tmdb_439,788,6.0
tmdb_439,830,6.0
tmdb_439,858,10.0
tmdb_439,917,6.0
tmdb_439,919,6.0
tmdb_439,920,10.0
tmdb_439,924,4.0
tmdb_439,926,10.0
tmdb_439,955,8.0
tmdb_439,968,8.0
tmdb_439,1127,8.0
tmdb_439,1257,6.0
tmdb_439,1259,6.0
tmdb_439,1265,8.0
tmdb_439,1371,2.0
tmdb_439,1372,8.0
tmdb_439,1374,8.0
tmdb_439,1375,4.0
tmdb_439,1376,8.0
tmdb_439,1391,8.0
tmdb_439,1394,4.0
tmdb_439,1396,6.0
tmdb_439,1544,4.0
tmdb_439,1580,4.0
tmdb_439,1584,8.0
tmdb_439,1590,4.0
tmdb_439,1653,6.0
tmdb_439,1676,2.0
tmdb_439,1734,10.0
tmdb_439,1909,8.0
tmdb_439,1914,6.0
tmdb_439,1923,8.0
tmdb_439,1968,8.0
tmdb_439,2000,8.0
tmdb_439,2003,6.0
tmdb_439,2010,8.0
tmdb_439,2011,4.0
tmdb_439,2012,2.0
tmdb_439,2028,4.0
tmdb_439,2034,6.0
tmdb_439,2054,6.0
tmdb_439,2094,6.0
tmdb_439,2100,6.0
tmdb_439,2133,8.0
tmdb_439,2134,6.0
tmdb_439,2141,8.0
tmdb_439,2144,8.0
tmdb_439,2321,4.0
tmdb_439,2324,8.0
tmdb_439,2463,6.0
tmdb_439,2469,8.0
tmdb_439,2470,6.0
tmdb_439,2502,8.0
tmdb_439,2640,6.0
tmdb_439,2642,2.0
tmdb_439,2668,6.0
tmdb_439,2699,6.0
tmdb_439,2759,6.0
tmdb_439,2791,6.0
tmdb_439,2926,4.0
tmdb_439,3033,8.0
tmdb_439,3060,6.0
tmdb_439,3072,8.0
tmdb_439,3160,4.0
tmdb_439,3515,4.0
tmdb_439,3526,6.0
tmdb_439,3591,6.0
tmdb_439,3981,2.0
tmdb_439,4025,4.0
tmdb_439,4034,6.0
tmdb_439,4043,6.0
tmdb_439,4291,4.0
tmdb_439,4478,6.0
tmdb_439,4641,4.0
tmdb_439,4643,8.0
tmdb_439,4722,8.0
tmdb_439,4956,6.0
tmdb_439,5255,8.0
tmdb_439,5279,4.0
tmdb_439,5481,6.0
tmdb_439,5506,6.0
tmdb_439,5620,4.0
tmdb_439,5780,6.0
tmdb_439,5816,6.0
tmdb_439,5876,8.0
tmdb_439,5902,8.0
tmdb_439,5956,10.0
tmdb_440,2,8.0
tmdb_440,110,10.0
tmdb_440,150,10.0
tmdb_440,165,8.0
tmdb_440,225,2.0
tmdb_440,273,6.0
tmdb_440,288,6.0
tmdb_440,293,10.0
tmdb_440,296,6.0
tmdb_440,316,8.0
tmdb_440,318,10.0
tmdb_440,344,2.0
tmdb_440,364,10.0
tmdb_440,377,8.0
tmdb_440,380,8.0
tmdb_440,442,4.0
tmdb_440,466,8.0
tmdb_440,480,10.0
tmdb_440,553,6.0
tmdb_440,586,6.0
tmdb_440,587,6.0
tmdb_440,588,6.0
tmdb_440,590,10.0
tmdb_440,592,6.0
tmdb_440,593,8.0
tmdb_440,595,6.0
tmdb_441,58,10.0
tmdb_441,59,10.0
tmdb_441,80,9.0
tmdb_441,110,6.0
tmdb_441,150,7.0
tmdb_441,156,8.0
tmdb_441,164,9.0
tmdb_441,194,9.0
tmdb_441,213,10.0
tmdb_441,223,9.0
tmdb_441,260,10.0
tmdb_441,296,9.0
tmdb_441,318,7.0
tmdb_441,345,9.0
tmdb_441,457,7.0
tmdb_441,475,9.0
tmdb_441,541,8.0
tmdb_441,581,10.0
tmdb_441,587,2.0
tmdb_441,590,7.0
tmdb_441,592,5.0
tmdb_441,593,8.0
tmdb_441,858,9.0
tmdb_441,913,7.0
tmdb_441,1049,5.0
tmdb_441,1259,5.0
tmdb_441,1262,8.0
tmdb_441,1396,7.0
tmdb_441,1552,5.0
tmdb_441,1635,7.0
tmdb_441,1641,9.0
tmdb_441,1721,1.0
tmdb_441,1732,9.0
tmdb_441,1968,8.0
tmdb_441,2028,4.0
tmdb_441,2064,10.0
tmdb_441,2067,8.0
tmdb_441,2324,9.0
tmdb_441,2395,8.0
tmdb_441,3060,9.0
tmdb_441,3476,6.0
tmdb_441,4034,7.0
tmdb_441,4226,10.0
tmdb_441,4235,8.0
tmdb_441,4326,9.0
tmdb_441,4701,5.0
tmdb_441,4967,6.0
tmdb_441,4973,8.0
tmdb_441,4993,10.0
tmdb_441,4995,9.0
tmdb_441,5876,9.0
tmdb_441,6003,10.0
tmdb_441,6016,10.0
tmdb_441,6373,6.0
tmdb_441,6552,8.0
tmdb_441,7303,8.0
tmdb_442,2,8.0
tmdb_442,3,9.0
tmdb_442,16,9.0
tmdb_442,25,2.0
tmdb_442,65,2.0
tmdb_442,95,2.0
tmdb_442,104,9.0
tmdb_442,110,9.0
tmdb_442,141,9.0
tmdb_442,150,8.0
tmdb_442,153,8.0
tmdb_442,161,9.0
tmdb_442,231,9.0
tmdb_442,260,10.0
tmdb_442,266,9.0
tmdb_442,288,9.0
tmdb_442,296,9.0
tmdb_442,318,9.0
tmdb_442,344,8.0
tmdb_442,349,9.0
tmdb_442,364,9.0
tmdb_442,377,8.0
tmdb_442,380,8.0
tmdb_442,381,8.0
tmdb_442,454,9.0
tmdb_442,457,9.0
tmdb_442,480,9.0
tmdb_442,481,8.0
tmdb_442,500,9.0
tmdb_442,527,9.0
tmdb_442,539,9.0
tmdb_442,553,10.0
tmdb_442,586,8.0
tmdb_442,587,8.0
tmdb_442,588,9.0
tmdb_442,590,8.0
tmdb_442,592,9.0
tmdb_442,593,10.0
tmdb_442,595,8.0
tmdb_442,597,9.0
tmdb_442,608,8.0
tmdb_442,765,6.0
tmdb_442,780,7.0
tmdb_442,858,9.0
tmdb_442,919,10.0
tmdb_442,1049,9.0
tmdb_442,1073,9.0
tmdb_442,1089,9.0
tmdb_442,1090,9.0
tmdb_442,1213,10.0
tmdb_442,1250,9.0
tmdb_442,1265,9.0
tmdb_442,1282,7.0
tmdb_442,1378,9.0
tmdb_442,1380,9.0
tmdb_442,1387,8.0
tmdb_442,1393,9.0
tmdb_442,1394,10.0
tmdb_442,1485,9.0
tmdb_442,1552,9.0
tmdb_442,1573,1.0
tmdb_442,1580,9.0
tmdb_442,1587,2.0
tmdb_442,1610,9.0
tmdb_442,1721,8.0
tmdb_442,1917,7.0
tmdb_442,1923,10.0
tmdb_442,1957,9.0
tmdb_442,1959,9.0
tmdb_442,1961,10.0
tmdb_442,1968,10.0
tmdb_442,1997,10.0
tmdb_442,2000,9.0
tmdb_442,2028,10.0
tmdb_442,2078,9.0
tmdb_442,2115,10.0
tmdb_442,2144,8.0
tmdb_442,2268,9.0
tmdb_442,2313,8.0
tmdb_442,2355,9.0
tmdb_442,2762,9.0
tmdb_442,2791,9.0
tmdb_442,2959,9.0
tmdb_442,3087,8.0
tmdb_442,3114,8.0
tmdb_442,3396,8.0
tmdb_442,3526,9.0
tmdb_442,4483,5.0
tmdb_442,4516,8.0
tmdb_442,4638,7.0
tmdb_442,4816,7.0
tmdb_442,4857,9.0
tmdb_442,4886,9.0
tmdb_442,4993,9.0
tmdb_442,4995,9.0
tmdb_442,6936,9.0
tmdb_442,7979,8.0
tmdb_442,8827,9.0
tmdb_442,8961,8.0
tmdb_442,8965,8.0
tmdb_442,27873,9.0
tmdb_442,49530,8.0
tmdb_442,54272,8.0
tmdb_442,58156,4.0
tmdb_442,58559,10.0
tmdb_443,260,9.0
tmdb_443,293,10.0
tmdb_443,318,10.0
tmdb_443,541,10.0
tmdb_443,593,9.0
tmdb_443,5971,10.0
tmdb_443,31658,10.0
tmdb_444,902,8.0
tmdb_444,2133,2.0
tmdb_444,3176,6.0
tmdb_445,296,9.0
tmdb_445,318,10.0
tmdb_445,480,7.0
tmdb_445,502,9.0
tmdb_445,593,7.0
tmdb_445,1591,6.0
tmdb_445,2004,7.0
tmdb_446,318,10.0
tmdb_446,4896,10.0
tmdb_446,4993,10.0
tmdb_446,8665,10.0
tmdb_446,40815,9.0
tmdb_447,2,6.0
tmdb_447,6,6.0
tmdb_447,11,6.0
tmdb_447,17,6.0
tmdb_447,19,6.0
tmdb_447,21,6.0
tmdb_447,25,8.0
tmdb_447,62,10.0
tmdb_447,105,8.0
tmdb_447,110,10.0
tmdb_447,111,6.0
tmdb_447,141,8.0
tmdb_447,150,8.0
tmdb_447,153,6.0
tmdb_447,158,6.0
tmdb_447,160,6.0
tmdb_447,161,8.0
tmdb_447,165,6.0
tmdb_447,168,6.0
tmdb_447,172,4.0
tmdb_447,173,4.0
tmdb_447,185,6.0
tmdb_447,186,6.0
tmdb_447,216,2.0
tmdb_447,218,6.0
tmdb_447,222,6.0
tmdb_447,224,6.0
tmdb_447,225,6.0
tmdb_447,231,6.0
tmdb_447,234,2.0
tmdb_447,235,4.0
tmdb_447,236,6.0
tmdb_447,237,6.0
tmdb_447,246,4.0
tmdb_447,253,4.0
tmdb_447,256,6.0
tmdb_447,261,6.0
tmdb_447,265,6.0
tmdb_447,266,6.0
tmdb_447,272,6.0
tmdb_447,276,4.0
tmdb_447,277,6.0
tmdb_447,288,4.0
tmdb_447,293,6.0
tmdb_447,296,6.0
tmdb_447,300,6.0
tmdb_447,315,6.0
tmdb_447,317,6.0
tmdb_447,318,8.0
tmdb_447,329,6.0
tmdb_447,337,6.0
tmdb_447,339,6.0
tmdb_447,342,6.0
tmdb_447,344,6.0
tmdb_447,348,6.0
tmdb_447,349,6.0
tmdb_447,364,6.0
tmdb_447,380,8.0
tmdb_447,381,6.0
tmdb_447,410,6.0
tmdb_447,434,6.0
tmdb_447,435,6.0
tmdb_447,454,8.0
tmdb_447,457,6.0
tmdb_447,553,6.0
tmdb_447,588,6.0
tmdb_447,590,8.0
tmdb_447,592,6.0
tmdb_447,593,8.0
tmdb_447,595,6.0
tmdb_447,608,8.0
tmdb_448,260,10.0
tmdb_448,480,10.0
tmdb_448,593,10.0
tmdb_448,4993,10.0
tmdb_449,62,8.0
tmdb_449,150,8.0
tmdb_449,185,8.0
tmdb_449,225,8.0
tmdb_449,296,10.0
tmdb_449,300,10.0
tmdb_449,317,6.0
tmdb_449,318,10.0
tmdb_449,344,6.0
tmdb_449,349,8.0
tmdb_449,364,8.0
tmdb_449,380,8.0
tmdb_449,434,6.0
tmdb_449,454,10.0
tmdb_449,457,10.0
tmdb_449,480,8.0
tmdb_449,588,10.0
tmdb_449,590,10.0
tmdb_449,592,10.0
tmdb_449,593,10.0
tmdb_449,595,8.0
tmdb_450,111,10.0
tmdb_450,296,10.0
tmdb_450,318,8.0
tmdb_450,527,9.0
tmdb_450,541,9.0
tmdb_450,593,10.0
tmdb_450,608,10.0
tmdb_450,750,9.0
tmdb_450,778,9.0
tmdb_450,858,10.0
tmdb_450,912,8.0
tmdb_450,1089,10.0
tmdb_450,1213,9.0
tmdb_450,1653,7.0
tmdb_450,1682,10.0
tmdb_450,1732,9.0
tmdb_450,2019,9.0
tmdb_450,2324,10.0
tmdb_450,2959,10.0
tmdb_450,3089,9.0
tmdb_450,4011,10.0
tmdb_450,4226,10.0
tmdb_450,4235,7.0
tmdb_450,4886,8.0
tmdb_450,4973,10.0
tmdb_450,4993,2.0
tmdb_450,4995,9.0
tmdb_450,5056,10.0
tmdb_450,5121,10.0
tmdb_450,5995,10.0
tmdb_450,6016,10.0
tmdb_450,8961,6.0
tmdb_450,44191,8.0
tmdb_450,58559,9.0
tmdb_451,206,8.0
tmdb_451,223,2.0
tmdb_451,246,10.0
tmdb_451,260,8.0
tmdb_451,541,8.0
tmdb_451,581,10.0
tmdb_451,994,10.0
tmdb_451,1361,10.0
tmdb_451,1441,6.0
tmdb_451,1484,10.0
tmdb_451,1639,2.0
tmdb_451,1865,8.0
tmdb_451,2064,10.0
tmdb_451,2124,6.0
tmdb_451,2959,10.0
tmdb_451,3007,10.0
tmdb_451,3052,4.0
tmdb_451,3418,10.0
tmdb_451,3594,4.0
tmdb_451,3683,8.0
tmdb_452,3,2.0
tmdb_452,5,6.0
tmdb_452,6,8.0
tmdb_452,11,8.0
tmdb_452,14,10.0
tmdb_452,16,8.0
tmdb_452,17,8.0
tmdb_452,18,6.0
tmdb_452,19,2.0
tmdb_452,22,6.0
tmdb_452,24,4.0
tmdb_452,27,6.0
tmdb_452,62,6.0
tmdb_452,74,4.0
tmdb_452,79,2.0
tmdb_452,86,6.0
tmdb_452,89,6.0
tmdb_452,100,6.0
tmdb_452,104,2.0
tmdb_452,105,2.0
tmdb_452,110,8.0
tmdb_452,111,8.0
tmdb_452,113,6.0
tmdb_452,144,6.0
tmdb_452,150,8.0
tmdb_452,161,6.0
tmdb_452,164,6.0
tmdb_452,165,8.0
tmdb_452,168,6.0
tmdb_452,175,8.0
tmdb_452,186,2.0
tmdb_452,193,2.0
tmdb_452,195,8.0
tmdb_452,203,6.0
tmdb_452,207,6.0
tmdb_452,222,8.0
tmdb_452,223,4.0
tmdb_452,225,4.0
tmdb_452,229,8.0
tmdb_452,235,6.0
tmdb_452,236,8.0
tmdb_452,237,6.0
tmdb_452,247,6.0
tmdb_452,249,6.0
tmdb_452,252,6.0
tmdb_452,260,8.0
tmdb_452,261,6.0
tmdb_452,265,7.0
tmdb_452,266,6.0
tmdb_452,271,4.0
tmdb_452,272,7.0
tmdb_452,278,4.0
tmdb_452,279,8.0
tmdb_452,280,6.0
tmdb_452,281,6.0
tmdb_452,288,8.0
tmdb_452,292,4.0
tmdb_452,293,6.0
tmdb_452,296,10.0
tmdb_452,300,8.0
tmdb_452,306,10.0
tmdb_452,307,10.0
tmdb_452,308,10.0
tmdb_452,312,6.0
tmdb_452,318,10.0
tmdb_452,331,4.0
tmdb_452,337,8.0
tmdb_452,339,8.0
tmdb_452,342,6.0
tmdb_452,344,2.0
tmdb_452,348,7.0
tmdb_452,349,8.0
tmdb_452,350,4.0
tmdb_452,377,8.0
tmdb_452,380,6.0
tmdb_452,381,6.0
tmdb_452,388,8.0
tmdb_452,427,2.0
tmdb_452,429,2.0
tmdb_452,440,8.0
tmdb_452,454,4.0
tmdb_452,455,6.0
tmdb_452,457,8.0
tmdb_452,460,4.0
tmdb_452,468,6.0
tmdb_452,475,10.0
tmdb_452,480,10.0
tmdb_452,490,6.0
tmdb_452,492,4.0
tmdb_452,493,6.0
tmdb_452,494,6.0
tmdb_452,500,8.0
tmdb_452,507,6.0
tmdb_452,508,10.0
tmdb_452,524,4.0
tmdb_452,527,8.0
tmdb_452,531,8.0
tmdb_452,534,8.0
tmdb_452,535,6.0
tmdb_452,539,8.0
tmdb_452,540,2.0
tmdb_452,562,8.0
tmdb_452,581,8.0
tmdb_452,586,6.0
tmdb_452,587,8.0
tmdb_452,590,8.0
tmdb_452,593,10.0
tmdb_452,597,6.0
tmdb_452,605,4.0
tmdb_452,608,10.0
tmdb_452,628,8.0
tmdb_452,635,6.0
tmdb_452,647,8.0
tmdb_452,648,6.0
tmdb_452,691,6.0
tmdb_452,707,6.0
tmdb_452,708,6.0
tmdb_452,750,10.0
tmdb_452,762,2.0
tmdb_452,778,8.0
tmdb_452,780,8.0
tmdb_452,781,6.0
tmdb_452,784,4.0
tmdb_452,786,6.0
tmdb_452,800,8.0
tmdb_452,802,8.0
tmdb_452,805,8.0
tmdb_452,818,2.0
tmdb_452,829,2.0
tmdb_452,830,6.0
tmdb_452,832,6.0
tmdb_452,848,6.0
tmdb_452,858,10.0
tmdb_452,891,2.0
tmdb_452,898,8.0
tmdb_452,899,6.0
tmdb_452,902,7.0
tmdb_452,903,8.0
tmdb_452,910,8.0
tmdb_452,911,6.0
tmdb_452,912,10.0
tmdb_452,913,10.0
tmdb_452,919,6.0
tmdb_452,920,8.0
tmdb_452,921,6.0
tmdb_452,923,8.0
tmdb_452,932,9.0
tmdb_452,934,6.0
tmdb_452,943,7.0
tmdb_452,946,6.0
tmdb_452,949,9.0
tmdb_452,950,5.0
tmdb_452,953,8.0
tmdb_452,986,6.0
tmdb_452,994,6.0
tmdb_452,1089,4.0
tmdb_452,1090,8.0
tmdb_452,1092,6.0
tmdb_452,1103,8.0
tmdb_452,1124,8.0
tmdb_452,1127,6.0
tmdb_452,1162,10.0
tmdb_452,1213,8.0
tmdb_452,1244,6.0
tmdb_452,1245,8.0
tmdb_452,1246,7.0
tmdb_452,1247,8.0
tmdb_452,1250,8.0
tmdb_452,1252,8.0
tmdb_452,1259,10.0
tmdb_452,1262,6.0
tmdb_452,1265,8.0
tmdb_452,1266,6.0
tmdb_452,1267,6.0
tmdb_452,1268,6.0
tmdb_452,1269,8.0
tmdb_452,1271,6.0
tmdb_452,1272,8.0
tmdb_452,1278,8.0
tmdb_452,1283,8.0
tmdb_452,1284,7.0
tmdb_452,1285,6.0
tmdb_452,1358,10.0
tmdb_452,1361,8.0
tmdb_452,1370,8.0
tmdb_452,1387,8.0
tmdb_452,1392,6.0
tmdb_452,1393,10.0
tmdb_452,1394,10.0
tmdb_452,1396,8.0
tmdb_452,1407,6.0
tmdb_452,1410,4.0
tmdb_452,1414,6.0
tmdb_452,1441,6.0
tmdb_452,1480,6.0
tmdb_452,1483,4.0
tmdb_452,1499,2.0
tmdb_452,1535,6.0
tmdb_452,1541,4.0
tmdb_452,1552,8.0
tmdb_452,1556,2.0
tmdb_452,1573,6.0
tmdb_452,1580,8.0
tmdb_452,1584,6.0
tmdb_452,1594,6.0
tmdb_452,1597,4.0
tmdb_452,1608,8.0
tmdb_452,1610,6.0
tmdb_452,1611,8.0
tmdb_452,1620,6.0
tmdb_452,1629,6.0
tmdb_452,1633,8.0
tmdb_452,1635,10.0
tmdb_452,1639,3.0
tmdb_452,1641,8.0
tmdb_452,1642,6.0
tmdb_452,1643,8.0
tmdb_452,1644,4.0
tmdb_452,1645,4.0
tmdb_452,1646,4.0
tmdb_452,1647,6.0
tmdb_452,1653,4.0
tmdb_452,1667,6.0
tmdb_452,1673,6.0
tmdb_452,1678,8.0
tmdb_452,1680,6.0
tmdb_452,1682,8.0
tmdb_452,1694,8.0
tmdb_452,1701,6.0
tmdb_452,1713,4.0
tmdb_452,1719,8.0
tmdb_452,1721,2.0
tmdb_452,1727,8.0
tmdb_452,1785,7.0
tmdb_452,1810,8.0
tmdb_452,1834,6.0
tmdb_452,1835,6.0
tmdb_452,1883,2.0
tmdb_452,1885,6.0
tmdb_452,1888,8.0
tmdb_452,1892,4.0
tmdb_452,1894,2.0
tmdb_452,1896,6.0
tmdb_452,1909,6.0
tmdb_452,1911,6.0
tmdb_452,1914,6.0
tmdb_452,1917,6.0
tmdb_452,1921,6.0
tmdb_452,1923,6.0
tmdb_452,1944,6.0
tmdb_452,1945,8.0
tmdb_452,1946,7.0
tmdb_452,1947,10.0
tmdb_452,1948,8.0
tmdb_452,1949,8.0
tmdb_452,1950,6.0
tmdb_452,1954,6.0
tmdb_452,1955,8.0
tmdb_452,1956,8.0
tmdb_452,1957,8.0
tmdb_452,1958,8.0
tmdb_452,1961,8.0
tmdb_452,1963,6.0
tmdb_452,1964,8.0
tmdb_452,1968,8.0
tmdb_452,1975,1.0
tmdb_452,1977,2.0
tmdb_452,1985,1.0
tmdb_452,1994,8.0
tmdb_452,1997,8.0
tmdb_452,2000,6.0
tmdb_452,2001,5.0
tmdb_452,2003,6.0
tmdb_452,2007,4.0
tmdb_452,2011,6.0
tmdb_452,2012,6.0
tmdb_452,2013,7.0
tmdb_452,2020,8.0
tmdb_452,2022,6.0
tmdb_452,2023,8.0
tmdb_452,2028,8.0
tmdb_452,2045,6.0
tmdb_452,2054,6.0
tmdb_452,2058,6.0
tmdb_452,2059,4.0
tmdb_452,2064,8.0
tmdb_452,2067,6.0
tmdb_452,2071,10.0
tmdb_452,2080,8.0
tmdb_452,2094,5.0
tmdb_452,2100,6.0
tmdb_452,2108,8.0
tmdb_452,2110,6.0
tmdb_452,2112,6.0
tmdb_452,2115,6.0
tmdb_452,2118,6.0
tmdb_452,2125,6.0
tmdb_452,2144,8.0
tmdb_452,2155,4.0
tmdb_452,2160,6.0
tmdb_452,2166,6.0
tmdb_452,2176,6.0
tmdb_452,2259,2.0
tmdb_452,2268,10.0
tmdb_452,2269,4.0
tmdb_452,2289,10.0
tmdb_452,2290,6.0
tmdb_452,2291,6.0
tmdb_452,2294,6.0
tmdb_452,2297,6.0
tmdb_452,2300,8.0
tmdb_452,2302,8.0
tmdb_452,2312,8.0
tmdb_452,2313,8.0
tmdb_452,2320,4.0
tmdb_452,2321,10.0
tmdb_452,2324,10.0
tmdb_452,2331,6.0
tmdb_452,2334,6.0
tmdb_452,2355,8.0
tmdb_452,2357,8.0
tmdb_452,2359,8.0
tmdb_452,2395,6.0
tmdb_452,2433,6.0
tmdb_452,2453,7.0
tmdb_452,2463,7.0
tmdb_452,2469,8.0
tmdb_452,2470,4.0
tmdb_452,2502,6.0
tmdb_452,2527,6.0
tmdb_452,2539,6.0
tmdb_452,2546,6.0
tmdb_452,2565,6.0
tmdb_452,2567,6.0
tmdb_452,2594,8.0
tmdb_452,2605,4.0
tmdb_452,2611,6.0
tmdb_452,2612,6.0
tmdb_452,2621,7.0
tmdb_452,2639,4.0
tmdb_452,2640,6.0
tmdb_452,2671,8.0
tmdb_452,2699,6.0
tmdb_452,2722,4.0
tmdb_452,2750,6.0
tmdb_452,2752,6.0
tmdb_452,2757,8.0
tmdb_452,2759,6.0
tmdb_452,2762,10.0
tmdb_452,2770,6.0
tmdb_452,2779,8.0
tmdb_452,2788,8.0
tmdb_452,2791,8.0
tmdb_452,2805,4.0
tmdb_452,2926,6.0
tmdb_452,2929,6.0
tmdb_452,2959,4.0
tmdb_452,2973,10.0
tmdb_452,3011,8.0
tmdb_452,3019,6.0
tmdb_452,3034,8.0
tmdb_452,3037,8.0
tmdb_452,3052,6.0
tmdb_452,3062,8.0
tmdb_452,3072,6.0
tmdb_452,3077,8.0
tmdb_452,3088,8.0
tmdb_452,3101,8.0
tmdb_452,3103,4.0
tmdb_452,3104,8.0
tmdb_452,3111,8.0
tmdb_452,3114,6.0
tmdb_452,3146,2.0
tmdb_452,3173,4.0
tmdb_452,3175,6.0
tmdb_452,3176,8.0
tmdb_452,3469,9.0
tmdb_452,3476,6.0
tmdb_452,3512,6.0
tmdb_452,3513,6.0
tmdb_452,3515,6.0
tmdb_452,3526,10.0
tmdb_452,3543,10.0
tmdb_452,3581,7.0
tmdb_452,3591,6.0
tmdb_452,3635,4.0
tmdb_452,3683,8.0
tmdb_452,3686,6.0
tmdb_452,3699,7.0
tmdb_452,3763,4.0
tmdb_452,3784,6.0
tmdb_452,3980,8.0
tmdb_452,3989,10.0
tmdb_452,4025,3.0
tmdb_452,4031,5.0
tmdb_452,4034,8.0
tmdb_452,4148,4.0
tmdb_452,4171,8.0
tmdb_452,4174,8.0
tmdb_452,4191,8.0
tmdb_452,4226,10.0
tmdb_452,4235,6.0
tmdb_452,4255,2.0
tmdb_452,4274,6.0
tmdb_452,4279,8.0
tmdb_452,4290,4.0
tmdb_452,4326,8.0
tmdb_452,4464,8.0
tmdb_452,4482,4.0
tmdb_452,4486,5.0
tmdb_452,4488,6.0
tmdb_452,4499,5.0
tmdb_452,4520,1.0
tmdb_452,4638,2.0
tmdb_452,4639,6.0
tmdb_452,4641,8.0
tmdb_452,4644,7.0
tmdb_452,4723,8.0
tmdb_452,4727,1.0
tmdb_452,4787,6.0
tmdb_452,4816,6.0
tmdb_452,4836,6.0
tmdb_452,4885,5.0
tmdb_452,4912,5.0
tmdb_452,4925,6.0
tmdb_452,4932,7.0
tmdb_452,4965,8.0
tmdb_452,4967,10.0
tmdb_452,4973,10.0
tmdb_452,4975,4.0
tmdb_452,4995,8.0
tmdb_452,5051,5.0
tmdb_452,5060,10.0
tmdb_452,5065,5.0
tmdb_452,5237,4.0
tmdb_452,5247,2.0
tmdb_452,5353,4.0
tmdb_452,5481,6.0
tmdb_452,5483,5.0
tmdb_452,5528,6.0
tmdb_452,5544,9.0
tmdb_452,5620,5.0
tmdb_452,5680,6.0
tmdb_452,5693,6.0
tmdb_452,5747,9.0
tmdb_452,5801,9.0
tmdb_452,5816,2.0
tmdb_452,5876,9.0
tmdb_452,5879,2.0
tmdb_452,5902,6.0
tmdb_452,5923,5.0
tmdb_452,5955,7.0
tmdb_452,5956,6.0
tmdb_452,5991,7.0
tmdb_452,5995,8.0
tmdb_452,6003,6.0
tmdb_452,6016,8.0
tmdb_452,6187,6.0
tmdb_452,6440,8.0
tmdb_452,6461,8.0
tmdb_452,6466,7.0
tmdb_452,6535,1.0
tmdb_452,6552,7.0
tmdb_452,6591,7.0
tmdb_452,6639,8.0
tmdb_452,6947,7.0
tmdb_452,6950,5.0
tmdb_452,6957,6.0
tmdb_452,6963,8.0
tmdb_452,6970,6.0
tmdb_452,7008,4.0
tmdb_452,7091,7.0
tmdb_452,7095,5.0
tmdb_452,7096,10.0
tmdb_452,7294,3.0
tmdb_452,7303,6.0
tmdb_452,7445,6.0
tmdb_452,7450,4.0
tmdb_452,7980,5.0
tmdb_452,8011,7.0
tmdb_452,8128,9.0
tmdb_452,8332,7.0
tmdb_452,8337,7.0
tmdb_452,8373,2.0
tmdb_452,8464,7.0
tmdb_452,8645,7.0
tmdb_452,8665,7.0
tmdb_452,8827,6.0
tmdb_452,8838,6.0
tmdb_452,8860,4.0
tmdb_452,8870,5.0
tmdb_452,8880,7.0
tmdb_452,8916,6.0
tmdb_452,8966,7.0
tmdb_452,8981,8.0
tmdb_452,8984,4.0
tmdb_452,8987,8.0
tmdb_452,26178,7.0
tmdb_452,30707,7.0
tmdb_452,31035,9.0
tmdb_452,32029,4.0
tmdb_452,36527,6.0
tmdb_453,153,10.0
tmdb_453,173,6.0
tmdb_453,185,10.0
tmdb_453,256,6.0
tmdb_453,258,8.0
tmdb_453,303,8.0
tmdb_453,317,6.0
tmdb_453,349,10.0
tmdb_453,393,6.0
tmdb_453,435,6.0
tmdb_453,457,10.0
tmdb_453,480,6.0
tmdb_453,502,6.0
tmdb_453,552,6.0
tmdb_453,558,4.0
tmdb_453,688,6.0
tmdb_453,694,4.0
tmdb_453,780,8.0
tmdb_453,1377,6.0
tmdb_453,1391,6.0
tmdb_453,1396,8.0
tmdb_453,1562,8.0
tmdb_453,1566,8.0
tmdb_453,1573,6.0
tmdb_453,1580,10.0
tmdb_453,1610,4.0
tmdb_453,1687,6.0
tmdb_453,1792,8.0
tmdb_453,1833,8.0
tmdb_453,1882,4.0
tmdb_453,1917,6.0
tmdb_453,1918,10.0
tmdb_453,2002,8.0
tmdb_453,2006,6.0
tmdb_453,2012,10.0
tmdb_453,2028,6.0
tmdb_453,2153,4.0
tmdb_453,2321,8.0
tmdb_453,2617,8.0
tmdb_453,3175,8.0
tmdb_453,4025,8.0
tmdb_454,260,10.0
tmdb_454,293,10.0
tmdb_454,296,10.0
tmdb_454,318,8.0
tmdb_454,593,8.0
tmdb_454,608,10.0
tmdb_454,750,6.0
tmdb_454,858,10.0
tmdb_454,1089,10.0
tmdb_454,1213,7.0
tmdb_454,2028,6.0
tmdb_454,2959,10.0
tmdb_454,5995,10.0
tmdb_454,6016,10.0
tmdb_454,58559,10.0
tmdb_455,145,6.0
tmdb_455,165,7.0
tmdb_455,296,8.0
tmdb_455,344,9.0
tmdb_455,364,7.0
tmdb_455,377,7.0
tmdb_455,457,8.0
tmdb_455,480,10.0
tmdb_455,592,8.0
tmdb_455,648,8.0
tmdb_455,673,5.0
tmdb_455,780,9.0
tmdb_455,1092,8.0
tmdb_455,1909,7.0
tmdb_455,2470,7.0
tmdb_455,2502,8.0
tmdb_455,3160,1.0
tmdb_456,260,10.0
tmdb_456,480,9.0
tmdb_456,593,7.0
tmdb_456,4886,7.0
tmdb_456,4896,6.0
tmdb_456,4973,10.0
tmdb_456,4993,8.0
tmdb_456,4995,7.0
tmdb_456,6537,6.0
tmdb_456,6934,8.0
tmdb_456,8665,7.0
tmdb_456,31658,8.0
tmdb_456,44191,10.0
tmdb_456,45722,8.0
tmdb_456,58559,8.0
tmdb_457,3,3.0
tmdb_457,5,2.0
tmdb_457,6,6.0
tmdb_457,16,7.0
tmdb_457,18,5.0
tmdb_457,19,3.0
tmdb_457,20,5.0
tmdb_457,70,6.0
tmdb_457,88,5.0
tmdb_457,97,7.0
tmdb_457,104,7.0
tmdb_457,110,6.0
tmdb_457,111,10.0
tmdb_457,145,4.0
tmdb_457,147,8.0
tmdb_457,153,4.0
tmdb_457,163,6.0
tmdb_457,165,5.0
tmdb_457,175,9.0
tmdb_457,180,6.0
tmdb_457,185,3.0
tmdb_457,204,2.0
tmdb_457,216,8.0
tmdb_457,223,7.0
tmdb_457,231,6.0
tmdb_457,253,6.0
tmdb_457,260,1.0
tmdb_457,288,6.0
tmdb_457,292,4.0
tmdb_457,293,10.0
tmdb_457,296,10.0
tmdb_457,317,2.0
tmdb_457,318,10.0
tmdb_457,319,7.0
tmdb_457,329,1.0
tmdb_457,330,4.0
tmdb_457,332,4.0
tmdb_457,344,5.0
tmdb_457,364,4.0
tmdb_457,377,3.0
tmdb_457,380,5.0
tmdb_457,390,6.0
tmdb_457,410,3.0
tmdb_457,431,8.0
tmdb_457,442,3.0
tmdb_457,454,5.0
tmdb_457,457,6.0
tmdb_457,466,4.0
tmdb_457,480,5.0
tmdb_457,492,7.0
tmdb_457,500,4.0
tmdb_457,542,4.0
tmdb_457,543,6.0
tmdb_457,586,5.0
tmdb_457,592,5.0
tmdb_457,593,6.0
tmdb_457,606,3.0
tmdb_457,608,10.0
tmdb_457,648,3.0
tmdb_457,778,8.0
tmdb_457,780,3.0
tmdb_457,784,5.0
tmdb_457,786,3.0
tmdb_457,788,3.0
tmdb_457,832,3.0
tmdb_457,842,4.0
tmdb_457,858,8.0
tmdb_457,886,3.0
tmdb_457,903,8.0
tmdb_457,912,8.0
tmdb_457,920,4.0
tmdb_457,924,10.0
tmdb_457,1073,6.0
tmdb_457,1089,8.0
tmdb_457,1091,4.0
tmdb_457,1092,5.0
tmdb_457,1213,10.0
tmdb_457,1244,8.0
tmdb_457,1252,8.0
tmdb_457,1259,7.0
tmdb_457,1265,7.0
tmdb_457,1273,6.0
tmdb_457,1285,6.0
tmdb_457,1370,5.0
tmdb_457,1376,2.0
tmdb_457,1377,5.0
tmdb_457,1378,3.0
tmdb_457,1391,5.0
tmdb_457,1393,6.0
tmdb_457,1405,5.0
tmdb_457,1407,4.0
tmdb_457,1483,6.0
tmdb_457,1485,4.0
tmdb_457,1552,1.0
tmdb_457,1573,1.0
tmdb_457,1594,7.0
tmdb_457,1608,3.0
tmdb_457,1620,5.0
tmdb_457,1644,3.0
tmdb_457,1645,5.0
tmdb_457,1673,9.0
tmdb_457,1676,2.0
tmdb_457,1682,6.0
tmdb_457,1717,3.0
tmdb_457,1729,7.0
tmdb_457,1732,6.0
tmdb_457,1836,6.0
tmdb_457,1884,8.0
tmdb_457,1911,3.0
tmdb_457,1912,6.0
tmdb_457,1921,7.0
tmdb_457,1923,6.0
tmdb_457,1964,6.0
tmdb_457,1968,7.0
tmdb_457,1969,4.0
tmdb_457,1975,5.0
tmdb_457,1976,4.0
tmdb_457,1977,4.0
tmdb_457,1979,4.0
tmdb_457,1985,3.0
tmdb_457,1991,5.0
tmdb_457,1992,4.0
tmdb_457,1995,4.0
tmdb_457,1997,7.0
tmdb_457,2000,4.0
tmdb_457,2001,3.0
tmdb_457,2002,2.0
tmdb_457,2004,3.0
tmdb_457,2005,7.0
tmdb_457,2011,4.0
tmdb_457,2012,4.0
tmdb_457,2042,4.0
tmdb_457,2054,3.0
tmdb_457,2059,3.0
tmdb_457,2064,6.0
tmdb_457,2080,3.0
tmdb_457,2082,4.0
tmdb_457,2115,4.0
tmdb_457,2122,5.0
tmdb_457,2124,4.0
tmdb_457,2133,6.0
tmdb_457,2134,5.0
tmdb_457,2144,7.0
tmdb_457,2160,9.0
tmdb_457,2280,7.0
tmdb_457,2291,6.0
tmdb_457,2302,6.0
tmdb_457,2335,5.0
tmdb_457,2355,3.0
tmdb_457,2395,6.0
tmdb_457,2447,3.0
tmdb_457,2459,7.0
tmdb_457,2463,6.0
tmdb_457,2470,4.0
tmdb_457,2502,8.0
tmdb_457,2517,5.0
tmdb_457,2616,4.0
tmdb_457,2640,3.0
tmdb_457,2694,5.0
tmdb_457,2699,3.0
tmdb_457,2762,6.0
tmdb_457,2959,8.0
tmdb_457,2989,3.0
tmdb_457,3033,5.0
tmdb_457,3040,5.0
tmdb_457,3052,5.0
tmdb_457,3087,5.0
tmdb_457,3114,3.0
tmdb_457,3146,5.0
tmdb_457,3160,7.0
tmdb_457,3173,5.0
tmdb_457,3476,6.0
tmdb_457,3683,6.0
tmdb_457,4011,6.0
tmdb_457,4034,6.0
tmdb_457,4226,6.0
tmdb_457,4235,7.0
tmdb_457,4247,5.0
tmdb_457,4351,5.0
tmdb_457,4480,4.0
tmdb_457,4499,5.0
tmdb_457,4520,5.0
tmdb_457,4558,4.0
tmdb_457,4614,4.0
tmdb_457,4641,6.0
tmdb_457,4701,2.0
tmdb_457,4734,4.0
tmdb_457,4816,5.0
tmdb_457,4886,2.0
tmdb_457,4896,3.0
tmdb_457,4929,3.0
tmdb_457,4975,4.0
tmdb_457,4995,6.0
tmdb_457,5002,7.0
tmdb_457,5060,4.0
tmdb_457,5481,4.0
tmdb_457,5620,3.0
tmdb_457,5879,4.0
tmdb_457,5956,5.0
tmdb_457,6016,10.0
tmdb_457,6373,4.0
tmdb_457,6440,7.0
tmdb_457,6593,2.0
tmdb_457,6615,3.0
tmdb_457,6620,8.0
tmdb_457,6936,5.0
tmdb_457,7007,4.0
tmdb_457,7012,4.0
tmdb_457,7445,5.0
tmdb_457,8464,5.0
tmdb_457,8665,4.0
tmdb_457,8873,7.0
tmdb_457,8961,4.0
tmdb_457,8984,6.0
tmdb_457,31685,4.0
tmdb_457,31696,4.0
tmdb_457,33166,6.0
tmdb_457,37727,4.0
tmdb_457,39446,3.0
tmdb_457,40815,2.0
tmdb_457,42013,3.0
tmdb_457,42725,6.0
tmdb_457,44191,6.0
tmdb_457,45186,2.0
tmdb_457,45431,2.0
tmdb_457,45722,1.0
tmdb_457,46972,3.0
tmdb_457,46976,5.0
tmdb_457,48385,6.0
tmdb_457,54272,4.0
tmdb_457,58156,3.0
tmdb_457,58559,1.0
tmdb_457,59421,2.0
tmdb_457,69784,5.0
tmdb_457,74458,5.0
tmdb_457,89492,4.0
tmdb_457,140174,7.0
tmdb_458,105,7.0
tmdb_458,110,8.0
tmdb_458,165,7.0
tmdb_458,231,5.0
tmdb_458,288,5.0
tmdb_458,296,8.0
tmdb_458,318,10.0
tmdb_458,364,8.0
tmdb_458,377,8.0
tmdb_458,431,6.0
tmdb_458,454,8.0
tmdb_458,480,5.0
tmdb_458,527,8.0
tmdb_458,539,8.0
tmdb_458,541,7.0
tmdb_458,587,6.0
tmdb_458,590,8.0
tmdb_458,593,9.0
tmdb_458,597,8.0
tmdb_458,648,9.0
tmdb_458,783,5.0
tmdb_458,858,8.0
tmdb_458,1089,5.0
tmdb_458,1265,8.0
tmdb_458,1371,7.0
tmdb_458,1375,7.0
tmdb_458,1377,6.0
tmdb_458,1721,9.0
tmdb_458,1923,7.0
tmdb_458,1961,10.0
tmdb_458,2028,6.0
tmdb_458,2294,4.0
tmdb_458,2539,6.0
tmdb_458,2959,5.0
tmdb_458,3033,5.0
tmdb_458,3101,6.0
tmdb_458,4993,10.0
tmdb_459,3,8.0
tmdb_459,6,8.0
tmdb_459,14,8.0
tmdb_459,25,10.0
tmdb_459,79,4.0
tmdb_459,95,8.0
tmdb_459,104,8.0
tmdb_459,135,4.0
tmdb_459,260,10.0
tmdb_459,628,8.0
tmdb_459,648,8.0
tmdb_459,653,8.0
tmdb_459,780,8.0
tmdb_459,788,10.0
tmdb_459,1073,10.0
tmdb_460,95,7.0
tmdb_460,162,7.0
tmdb_460,176,3.0
tmdb_460,203,6.0
tmdb_460,223,8.0
tmdb_460,236,3.0
tmdb_460,260,9.0
tmdb_460,281,9.0
tmdb_460,293,8.0
tmdb_460,296,8.0
tmdb_460,300,3.0
tmdb_460,318,10.0
tmdb_460,327,6.0
tmdb_460,337,9.0
tmdb_460,342,9.0
tmdb_460,348,4.0
tmdb_460,410,5.0
tmdb_460,434,3.0
tmdb_460,441,8.0
tmdb_460,442,7.0
tmdb_460,457,7.0
tmdb_460,497,10.0
tmdb_460,543,6.0
tmdb_460,551,7.0
tmdb_460,562,8.0
tmdb_460,585,8.0
tmdb_460,592,7.0
tmdb_460,593,8.0
tmdb_460,595,8.0
tmdb_460,608,8.0
tmdb_460,637,6.0
tmdb_460,671,9.0
tmdb_460,745,10.0
tmdb_460,778,8.0
tmdb_460,784,8.0
tmdb_460,866,7.0
tmdb_460,898,10.0
tmdb_460,899,10.0
tmdb_460,911,8.0
tmdb_460,912,10.0
tmdb_460,913,8.0
tmdb_460,916,8.0
tmdb_460,919,8.0
tmdb_460,950,10.0
tmdb_460,954,8.0
tmdb_460,994,7.0
tmdb_460,1050,8.0
tmdb_460,1073,10.0
tmdb_460,1089,8.0
tmdb_460,1090,7.0
tmdb_460,1091,7.0
tmdb_460,1213,8.0
tmdb_460,1245,9.0
tmdb_460,1247,10.0
tmdb_460,1249,9.0
tmdb_460,1257,10.0
tmdb_460,1259,8.0
tmdb_460,1265,8.0
tmdb_460,1266,8.0
tmdb_460,1284,9.0
tmdb_460,1285,10.0
tmdb_460,1358,8.0
tmdb_460,1380,9.0
tmdb_460,1394,9.0
tmdb_460,1411,7.0
tmdb_460,1588,8.0
tmdb_460,1635,8.0
tmdb_460,1645,2.0
tmdb_460,1673,8.0
tmdb_460,1682,7.0
tmdb_460,1816,1.0
tmdb_460,1834,8.0
tmdb_460,1912,7.0
tmdb_460,1917,3.0
tmdb_460,1924,4.0
tmdb_460,1959,8.0
tmdb_460,1961,6.0
tmdb_460,1966,8.0
tmdb_460,1968,9.0
tmdb_460,2014,7.0
tmdb_460,2020,10.0
tmdb_460,2064,9.0
tmdb_460,2109,9.0
tmdb_460,2252,7.0
tmdb_460,2269,3.0
tmdb_460,2289,9.0
tmdb_460,2291,8.0
tmdb_460,2321,8.0
tmdb_460,2324,7.0
tmdb_460,2335,6.0
tmdb_460,2395,6.0
tmdb_460,2502,8.0
tmdb_460,2640,7.0
tmdb_460,2750,7.0
tmdb_460,2761,8.0
tmdb_460,2762,8.0
tmdb_460,2791,7.0
tmdb_460,2912,7.0
tmdb_460,2959,7.0
tmdb_460,3007,7.0
tmdb_460,3060,6.0
tmdb_460,3114,8.0
tmdb_460,3396,8.0
tmdb_460,3489,7.0
tmdb_460,3526,8.0
tmdb_460,3638,7.0
tmdb_460,3683,8.0
tmdb_460,4011,8.0
tmdb_460,4226,10.0
tmdb_460,4232,8.0
tmdb_460,4235,7.0
tmdb_460,4474,5.0
tmdb_460,4641,8.0
tmdb_460,4816,8.0
tmdb_460,4886,7.0
tmdb_460,4973,10.0
tmdb_460,4993,7.0
tmdb_460,5460,8.0
tmdb_460,5902,8.0
tmdb_460,5991,9.0
tmdb_460,6591,7.0
tmdb_460,6936,9.0
tmdb_460,6957,7.0
tmdb_461,6,8.0
tmdb_461,11,3.0
tmdb_461,16,6.0
tmdb_461,17,9.0
tmdb_461,18,3.0
tmdb_461,21,6.0
tmdb_461,22,4.0
tmdb_461,25,5.0
tmdb_461,62,5.0
tmdb_461,70,4.0
tmdb_461,71,1.0
tmdb_461,101,7.0
tmdb_461,104,7.0
tmdb_461,105,5.0
tmdb_461,110,8.0
tmdb_461,111,7.0
tmdb_461,122,3.0
tmdb_461,141,4.0
tmdb_461,144,3.0
tmdb_461,150,6.0
tmdb_461,153,1.0
tmdb_461,158,2.0
tmdb_461,160,3.0
tmdb_461,161,5.0
tmdb_461,163,6.0
tmdb_461,165,5.0
tmdb_461,168,4.0
tmdb_461,173,3.0
tmdb_461,176,5.0
tmdb_461,180,8.0
tmdb_461,185,4.0
tmdb_461,193,3.0
tmdb_461,196,4.0
tmdb_461,203,4.0
tmdb_461,204,3.0
tmdb_461,207,5.0
tmdb_461,222,5.0
tmdb_461,223,7.0
tmdb_461,225,2.0
tmdb_461,231,6.0
tmdb_461,235,9.0
tmdb_461,236,8.0
tmdb_461,237,1.0
tmdb_461,246,8.0
tmdb_461,249,7.0
tmdb_461,253,5.0
tmdb_461,257,4.0
tmdb_461,260,9.0
tmdb_461,266,3.0
tmdb_461,288,5.0
tmdb_461,289,4.0
tmdb_461,293,8.0
tmdb_461,296,9.0
tmdb_461,300,6.0
tmdb_461,303,8.0
tmdb_461,315,3.0
tmdb_461,317,4.0
tmdb_461,318,10.0
tmdb_461,322,7.0
tmdb_461,329,3.0
tmdb_461,338,2.0
tmdb_461,339,5.0
tmdb_461,349,4.0
tmdb_461,364,3.0
tmdb_461,377,8.0
tmdb_461,380,5.0
tmdb_461,381,2.0
tmdb_461,429,6.0
tmdb_461,434,3.0
tmdb_461,440,5.0
tmdb_461,442,3.0
tmdb_461,454,5.0
tmdb_461,457,5.0
tmdb_461,466,1.0
tmdb_461,480,10.0
tmdb_461,493,4.0
tmdb_461,494,4.0
tmdb_461,497,6.0
tmdb_461,500,3.0
tmdb_461,508,5.0
tmdb_461,527,8.0
tmdb_461,539,7.0
tmdb_461,540,1.0
tmdb_461,543,7.0
tmdb_461,551,9.0
tmdb_461,553,8.0
tmdb_461,562,5.0
tmdb_461,585,5.0
tmdb_461,586,5.0
tmdb_461,587,6.0
tmdb_461,588,8.0
tmdb_461,590,8.0
tmdb_461,592,6.0
tmdb_461,593,10.0
tmdb_461,594,6.0
tmdb_461,595,9.0
tmdb_461,596,6.0
tmdb_461,597,9.0
tmdb_461,608,8.0
tmdb_461,613,5.0
tmdb_461,628,6.0
tmdb_461,647,3.0
tmdb_461,648,4.0
tmdb_461,653,4.0
tmdb_461,708,3.0
tmdb_461,745,8.0
tmdb_461,778,8.0
tmdb_461,780,3.0
tmdb_461,783,3.0
tmdb_461,784,6.0
tmdb_461,786,3.0
tmdb_461,802,3.0
tmdb_461,805,3.0
tmdb_461,818,4.0
tmdb_461,832,3.0
tmdb_461,858,10.0
tmdb_461,866,6.0
tmdb_461,899,7.0
tmdb_461,910,3.0
tmdb_461,912,9.0
tmdb_461,916,8.0
tmdb_461,919,7.0
tmdb_461,920,8.0
tmdb_461,923,8.0
tmdb_461,926,7.0
tmdb_461,934,5.0
tmdb_461,953,9.0
tmdb_461,994,6.0
tmdb_461,1051,4.0
tmdb_461,1059,5.0
tmdb_461,1073,8.0
tmdb_461,1088,6.0
tmdb_461,1089,9.0
tmdb_461,1090,6.0
tmdb_461,1092,5.0
tmdb_461,1103,5.0
tmdb_461,1127,5.0
tmdb_461,1213,8.0
tmdb_461,1247,6.0
tmdb_461,1249,8.0
tmdb_461,1252,8.0
tmdb_461,1257,8.0
tmdb_461,1259,7.0
tmdb_461,1265,7.0
tmdb_461,1266,7.0
tmdb_461,1282,5.0
tmdb_461,1284,6.0
tmdb_461,1285,7.0
tmdb_461,1370,3.0
tmdb_461,1377,4.0
tmdb_461,1378,4.0
tmdb_461,1380,9.0
tmdb_461,1381,7.0
tmdb_461,1387,8.0
tmdb_461,1393,6.0
tmdb_461,1394,6.0
tmdb_461,1405,4.0
tmdb_461,1407,6.0
tmdb_461,1411,5.0
tmdb_461,1416,4.0
tmdb_461,1479,2.0
tmdb_461,1485,6.0
tmdb_461,1537,7.0
tmdb_461,1544,2.0
tmdb_461,1552,5.0
tmdb_461,1556,1.0
tmdb_461,1562,1.0
tmdb_461,1573,6.0
tmdb_461,1580,4.0
tmdb_461,1584,4.0
tmdb_461,1586,4.0
tmdb_461,1587,5.0
tmdb_461,1590,4.0
tmdb_461,1597,3.0
tmdb_461,1608,3.0
tmdb_461,1610,9.0
tmdb_461,1621,6.0
tmdb_461,1639,7.0
tmdb_461,1641,5.0
tmdb_461,1644,2.0
tmdb_461,1645,4.0
tmdb_461,1673,8.0
tmdb_461,1678,5.0
tmdb_461,1682,5.0
tmdb_461,1688,5.0
tmdb_461,1690,4.0
tmdb_461,1717,3.0
tmdb_461,1721,8.0
tmdb_461,1722,3.0
tmdb_461,1729,7.0
tmdb_461,1732,7.0
tmdb_461,1779,3.0
tmdb_461,1792,2.0
tmdb_461,1831,2.0
tmdb_461,1882,1.0
tmdb_461,1895,7.0
tmdb_461,1907,4.0
tmdb_461,1909,4.0
tmdb_461,1912,9.0
tmdb_461,1918,4.0
tmdb_461,1921,6.0
tmdb_461,1923,6.0
tmdb_461,1954,7.0
tmdb_461,1958,4.0
tmdb_461,1961,6.0
tmdb_461,1968,9.0
tmdb_461,1970,2.0
tmdb_461,1994,7.0
tmdb_461,1995,2.0
tmdb_461,1997,9.0
tmdb_461,2000,8.0
tmdb_461,2001,6.0
tmdb_461,2002,4.0
tmdb_461,2003,7.0
tmdb_461,2005,8.0
tmdb_461,2011,5.0
tmdb_461,2012,5.0
tmdb_461,2028,7.0
tmdb_461,2067,5.0
tmdb_461,2088,1.0
tmdb_461,2094,5.0
tmdb_461,2100,5.0
tmdb_461,2105,5.0
tmdb_461,2108,4.0
tmdb_461,2115,8.0
tmdb_461,2118,7.0
tmdb_461,2122,4.0
tmdb_461,2124,4.0
tmdb_461,2125,4.0
tmdb_461,2134,7.0
tmdb_461,2144,9.0
tmdb_461,2193,6.0
tmdb_461,2262,2.0
tmdb_461,2268,5.0
tmdb_461,2269,4.0
tmdb_461,2288,5.0
tmdb_461,2291,8.0
tmdb_461,2294,3.0
tmdb_461,2302,5.0
tmdb_461,2320,4.0
tmdb_461,2335,6.0
tmdb_461,2355,7.0
tmdb_461,2395,8.0
tmdb_461,2455,8.0
tmdb_461,2470,4.0
tmdb_461,2502,8.0
tmdb_461,2539,4.0
tmdb_461,2616,7.0
tmdb_461,2640,8.0
tmdb_461,2642,2.0
tmdb_461,2671,7.0
tmdb_461,2687,4.0
tmdb_461,2699,5.0
tmdb_461,2722,5.0
tmdb_461,2734,3.0
tmdb_461,2761,9.0
tmdb_461,2762,9.0
tmdb_461,2770,3.0
tmdb_461,2787,4.0
tmdb_461,2791,10.0
tmdb_461,2891,5.0
tmdb_461,2959,10.0
tmdb_461,2989,3.0
tmdb_461,3016,7.0
tmdb_461,3033,6.0
tmdb_461,3082,2.0
tmdb_461,3087,4.0
tmdb_461,3101,5.0
tmdb_461,3107,6.0
tmdb_461,3114,7.0
tmdb_461,3160,7.0
tmdb_461,3175,6.0
tmdb_461,3176,5.0
tmdb_461,3418,8.0
tmdb_461,3478,5.0
tmdb_461,3480,4.0
tmdb_461,3489,2.0
tmdb_461,3513,4.0
tmdb_461,3536,6.0
tmdb_461,3591,7.0
tmdb_461,3699,5.0
tmdb_461,3980,3.0
tmdb_461,4011,9.0
tmdb_461,4025,5.0
tmdb_461,4034,5.0
tmdb_461,4105,8.0
tmdb_461,4148,6.0
tmdb_461,4226,9.0
tmdb_461,4291,4.0
tmdb_461,4478,6.0
tmdb_461,4564,2.0
tmdb_461,4638,3.0
tmdb_461,4734,5.0
tmdb_461,4816,4.0
tmdb_461,4896,7.0
tmdb_461,4951,5.0
tmdb_461,4973,9.0
tmdb_461,4975,2.0
tmdb_461,4993,9.0
tmdb_461,5066,3.0
tmdb_461,5816,6.0
tmdb_461,5991,5.0
tmdb_461,6003,4.0
tmdb_461,6016,7.0
tmdb_461,6476,6.0
tmdb_461,6934,4.0
tmdb_461,6947,6.0
tmdb_461,7090,7.0
tmdb_461,8464,7.0
tmdb_461,8665,8.0
tmdb_461,8874,8.0
tmdb_461,8961,9.0
tmdb_461,40815,9.0
tmdb_461,41566,6.0
tmdb_461,42728,6.0
tmdb_461,44191,7.0
tmdb_462,21,7.0
tmdb_462,104,9.0
tmdb_462,141,8.0
tmdb_462,180,6.0
tmdb_462,186,5.0
tmdb_462,246,8.0
tmdb_462,380,7.0
tmdb_462,440,4.0
tmdb_462,539,6.0
tmdb_462,543,5.0
tmdb_462,552,4.0
tmdb_462,587,7.0
tmdb_462,597,7.0
tmdb_462,1265,6.0
tmdb_462,1372,6.0
tmdb_462,1376,6.0
tmdb_462,1396,5.0
tmdb_462,1580,8.0
tmdb_462,1639,6.0
tmdb_462,1923,10.0
tmdb_462,2001,10.0
tmdb_462,2100,7.0
tmdb_462,2108,6.0
tmdb_462,2302,8.0
tmdb_462,2321,7.0
tmdb_462,2324,8.0
tmdb_462,2657,6.0
tmdb_462,2671,4.0
tmdb_462,2699,6.0
tmdb_462,3052,6.0
tmdb_462,3175,4.0
tmdb_462,3176,7.0
tmdb_463,11,6.0
tmdb_463,17,8.0
tmdb_463,24,4.0
tmdb_463,25,6.0
tmdb_463,110,10.0
tmdb_463,132,4.0
tmdb_463,160,2.0
tmdb_463,161,6.0
tmdb_463,168,6.0
tmdb_463,195,6.0
tmdb_463,222,8.0
tmdb_463,223,8.0
tmdb_463,225,6.0
tmdb_463,260,10.0
tmdb_463,266,8.0
tmdb_463,288,4.0
tmdb_463,292,6.0
tmdb_463,293,8.0
tmdb_463,296,6.0
tmdb_463,316,8.0
tmdb_463,318,10.0
tmdb_463,329,6.0
tmdb_463,339,6.0
tmdb_463,349,6.0
tmdb_463,350,6.0
tmdb_463,377,6.0
tmdb_463,380,8.0
tmdb_463,442,4.0
tmdb_463,454,6.0
tmdb_463,457,6.0
tmdb_463,480,8.0
tmdb_463,490,8.0
tmdb_463,509,6.0
tmdb_463,527,10.0
tmdb_463,539,6.0
tmdb_463,541,8.0
tmdb_463,551,8.0
tmdb_463,587,8.0
tmdb_463,588,8.0
tmdb_463,590,10.0
tmdb_463,592,8.0
tmdb_463,593,10.0
tmdb_463,595,10.0
tmdb_463,597,4.0
tmdb_463,608,8.0
tmdb_463,628,8.0
tmdb_463,647,6.0
tmdb_463,708,8.0
tmdb_463,786,2.0
tmdb_463,802,4.0
tmdb_463,832,6.0
tmdb_463,858,10.0
tmdb_463,880,4.0
tmdb_463,914,8.0
tmdb_463,916,8.0
tmdb_463,919,8.0
tmdb_463,920,8.0
tmdb_463,934,8.0
tmdb_463,1059,8.0
tmdb_463,1073,8.0
tmdb_463,1088,6.0
tmdb_463,1089,8.0
tmdb_463,1090,6.0
tmdb_463,1092,8.0
tmdb_463,1127,6.0
tmdb_463,1213,6.0
tmdb_463,1246,8.0
tmdb_463,1259,8.0
tmdb_463,1285,8.0
tmdb_463,1358,8.0
tmdb_463,1370,4.0
tmdb_463,1371,6.0
tmdb_463,1372,8.0
tmdb_463,1373,4.0
tmdb_463,1374,10.0
tmdb_463,1375,6.0
tmdb_463,1376,8.0
tmdb_463,1378,8.0
tmdb_463,1380,6.0
tmdb_463,1387,8.0
tmdb_463,1393,8.0
tmdb_463,1394,10.0
tmdb_463,1396,8.0
tmdb_463,1407,6.0
tmdb_463,1408,8.0
tmdb_463,1479,4.0
tmdb_463,1544,4.0
tmdb_463,1573,4.0
tmdb_463,1580,8.0
tmdb_463,1584,8.0
tmdb_463,1587,8.0
tmdb_463,1608,4.0
tmdb_463,1610,10.0
tmdb_463,1619,6.0
tmdb_463,1620,4.0
tmdb_463,1639,8.0
tmdb_463,1641,8.0
tmdb_463,1653,6.0
tmdb_463,1676,4.0
tmdb_463,1687,4.0
tmdb_463,1721,8.0
tmdb_463,1732,6.0
tmdb_463,1892,6.0
tmdb_463,1909,4.0
tmdb_463,1914,8.0
tmdb_463,1921,8.0
tmdb_463,1957,8.0
tmdb_463,1959,8.0
tmdb_463,1961,6.0
tmdb_463,1965,6.0
tmdb_463,1968,8.0
tmdb_463,1984,2.0
tmdb_463,1994,8.0
tmdb_463,1997,8.0
tmdb_463,2000,8.0
tmdb_463,2001,8.0
tmdb_463,2006,6.0
tmdb_463,2011,4.0
tmdb_463,2012,2.0
tmdb_463,2013,8.0
tmdb_463,2020,8.0
tmdb_463,2028,8.0
tmdb_463,2054,6.0
tmdb_463,2058,6.0
tmdb_463,2088,2.0
tmdb_463,2100,6.0
tmdb_463,2105,8.0
tmdb_463,2115,6.0
tmdb_463,2119,2.0
tmdb_463,2122,4.0
tmdb_463,2134,6.0
tmdb_463,2141,6.0
tmdb_463,2143,6.0
tmdb_463,2144,6.0
tmdb_463,2155,6.0
tmdb_463,2164,2.0
tmdb_463,2193,6.0
tmdb_463,2262,6.0
tmdb_463,2263,6.0
tmdb_463,2288,6.0
tmdb_463,2289,8.0
tmdb_463,2321,8.0
tmdb_463,2334,6.0
tmdb_463,2355,8.0
tmdb_463,2359,6.0
tmdb_463,2371,8.0
tmdb_463,2455,8.0
tmdb_463,2470,6.0
tmdb_463,2502,10.0
tmdb_463,2617,4.0
tmdb_463,2640,8.0
tmdb_463,2657,6.0
tmdb_463,2671,6.0
tmdb_463,2761,8.0
tmdb_463,2762,8.0
tmdb_463,2791,8.0
tmdb_463,2989,8.0
tmdb_463,3052,4.0
tmdb_463,3087,6.0
tmdb_463,3101,8.0
tmdb_463,3175,6.0
tmdb_463,3176,4.0
tmdb_463,3479,6.0
tmdb_463,3489,2.0
tmdb_463,3525,6.0
tmdb_463,3591,6.0
tmdb_463,3638,6.0
tmdb_463,3686,8.0
tmdb_463,3763,6.0
tmdb_463,4025,4.0
tmdb_463,4034,10.0
tmdb_463,4148,4.0
tmdb_463,4226,10.0
tmdb_463,4478,8.0
tmdb_463,4543,6.0
tmdb_463,4641,4.0
tmdb_463,4643,2.0
tmdb_463,4734,6.0
tmdb_463,4823,4.0
tmdb_463,4886,8.0
tmdb_463,4896,6.0
tmdb_463,4932,4.0
tmdb_463,4973,8.0
tmdb_463,4975,6.0
tmdb_463,4993,10.0
tmdb_463,4995,8.0
tmdb_463,5172,2.0
tmdb_463,5237,8.0
tmdb_463,5481,2.0
tmdb_463,5620,6.0
tmdb_463,5693,6.0
tmdb_463,5816,8.0
tmdb_463,6078,6.0
tmdb_464,62,10.0
tmdb_464,95,10.0
tmdb_464,153,10.0
tmdb_464,158,8.0
tmdb_464,163,8.0
tmdb_464,165,8.0
tmdb_464,173,4.0
tmdb_464,196,6.0
tmdb_464,198,8.0
tmdb_464,204,8.0
tmdb_464,222,10.0
tmdb_464,236,8.0
tmdb_464,256,8.0
tmdb_464,257,10.0
tmdb_464,260,10.0
tmdb_464,262,10.0
tmdb_464,296,10.0
tmdb_464,317,4.0
tmdb_464,339,10.0
tmdb_464,344,6.0
tmdb_464,349,8.0
tmdb_464,380,8.0
tmdb_464,410,8.0
tmdb_464,434,8.0
tmdb_464,588,10.0
tmdb_464,592,8.0
tmdb_464,595,10.0
tmdb_465,17,10.0
tmdb_465,135,2.0
tmdb_465,327,6.0
tmdb_465,531,7.0
tmdb_465,542,1.0
tmdb_465,562,6.0
tmdb_465,661,8.0
tmdb_465,778,10.0
tmdb_465,838,10.0
tmdb_465,858,10.0
tmdb_465,1620,7.0
tmdb_465,1895,9.0
tmdb_465,1958,10.0
tmdb_465,2959,10.0
tmdb_465,3107,6.0
tmdb_465,3512,7.0
tmdb_465,4011,10.0
tmdb_465,4896,9.0
tmdb_465,4995,8.0
tmdb_465,5816,9.0
tmdb_465,27706,8.0
tmdb_465,30793,7.0
tmdb_465,31694,2.0
tmdb_465,40815,9.0
tmdb_466,2,6.0
tmdb_466,25,6.0
tmdb_466,150,8.0
tmdb_466,153,4.0
tmdb_466,223,10.0
tmdb_466,246,10.0
tmdb_466,260,10.0
tmdb_466,296,8.0
tmdb_466,316,4.0
tmdb_466,318,10.0
tmdb_466,329,6.0
tmdb_466,344,4.0
tmdb_466,364,10.0
tmdb_466,381,6.0
tmdb_466,440,4.0
tmdb_466,480,8.0
tmdb_466,497,10.0
tmdb_466,500,8.0
tmdb_466,527,10.0
tmdb_466,539,6.0
tmdb_466,541,6.0
tmdb_466,586,8.0
tmdb_466,588,8.0
tmdb_466,592,8.0
tmdb_466,594,10.0
tmdb_466,595,10.0
tmdb_466,596,10.0
tmdb_466,608,8.0
tmdb_466,616,10.0
tmdb_466,627,6.0
tmdb_466,648,2.0
tmdb_466,674,2.0
tmdb_466,678,8.0
tmdb_466,709,6.0
tmdb_466,761,8.0
tmdb_466,783,8.0
tmdb_466,848,8.0
tmdb_466,858,10.0
tmdb_466,898,10.0
tmdb_466,899,10.0
tmdb_466,903,8.0
tmdb_466,912,10.0
tmdb_466,919,10.0
tmdb_466,923,10.0
tmdb_466,940,10.0
tmdb_466,953,10.0
tmdb_466,954,10.0
tmdb_466,1023,10.0
tmdb_466,1050,8.0
tmdb_466,1091,4.0
tmdb_466,1103,8.0
tmdb_466,1259,10.0
tmdb_466,1265,8.0
tmdb_466,1266,8.0
tmdb_466,1269,10.0
tmdb_466,1282,6.0
tmdb_466,1358,8.0
tmdb_466,1370,6.0
tmdb_466,1371,6.0
tmdb_466,1373,4.0
tmdb_466,1374,10.0
tmdb_466,1375,8.0
tmdb_466,1376,8.0
tmdb_466,1377,6.0
tmdb_466,1378,6.0
tmdb_466,1387,10.0
tmdb_466,1394,8.0
tmdb_466,1408,10.0
tmdb_466,1544,6.0
tmdb_466,1566,6.0
tmdb_466,1580,6.0
tmdb_466,1639,10.0
tmdb_466,1641,8.0
tmdb_466,1676,6.0
tmdb_466,1688,10.0
tmdb_466,1810,6.0
tmdb_466,1883,6.0
tmdb_466,1907,10.0
tmdb_466,1917,4.0
tmdb_466,1934,10.0
tmdb_466,1947,10.0
tmdb_466,1968,6.0
tmdb_466,1997,8.0
tmdb_466,2003,8.0
tmdb_466,2005,2.0
tmdb_466,2011,2.0
tmdb_466,2018,10.0
tmdb_466,2028,10.0
tmdb_466,2054,6.0
tmdb_466,2078,10.0
tmdb_466,2080,10.0
tmdb_466,2085,10.0
tmdb_466,2087,10.0
tmdb_466,2088,6.0
tmdb_466,2100,4.0
tmdb_466,2114,6.0
tmdb_466,2115,8.0
tmdb_466,2140,4.0
tmdb_466,2141,6.0
tmdb_466,2144,4.0
tmdb_466,2193,4.0
tmdb_466,2262,6.0
tmdb_466,2321,4.0
tmdb_466,2324,8.0
tmdb_466,2355,10.0
tmdb_466,2371,4.0
tmdb_466,2395,8.0
tmdb_466,2469,6.0
tmdb_466,2470,6.0
tmdb_466,2501,8.0
tmdb_466,2539,6.0
tmdb_466,2617,8.0
tmdb_466,2640,8.0
tmdb_466,2642,4.0
tmdb_466,2687,10.0
tmdb_466,2761,10.0
tmdb_466,2762,8.0
tmdb_466,3034,8.0
tmdb_466,3035,10.0
tmdb_466,3037,8.0
tmdb_466,3052,6.0
tmdb_466,3060,8.0
tmdb_466,3072,8.0
tmdb_466,3088,10.0
tmdb_466,3114,10.0
tmdb_466,3175,4.0
tmdb_466,3176,8.0
tmdb_466,5060,6.0
tmdb_467,155,6.0
tmdb_467,223,4.0
tmdb_467,523,8.0
tmdb_467,590,10.0
tmdb_467,608,10.0
tmdb_467,858,8.0
tmdb_467,903,10.0
tmdb_467,928,10.0
tmdb_467,1093,6.0
tmdb_467,1124,8.0
tmdb_467,1213,8.0
tmdb_467,1537,8.0
tmdb_467,1584,10.0
tmdb_467,1645,8.0
tmdb_467,1721,10.0
tmdb_467,1923,8.0
tmdb_467,2023,8.0
tmdb_467,2062,6.0
tmdb_467,2154,8.0
tmdb_467,2165,4.0
tmdb_467,2166,8.0
tmdb_467,2168,8.0
tmdb_467,2268,8.0
tmdb_467,2395,8.0
tmdb_467,2433,10.0
tmdb_467,2469,8.0
tmdb_467,2501,4.0
tmdb_467,2539,6.0
tmdb_467,2567,8.0
tmdb_467,2575,10.0
tmdb_467,2762,8.0
tmdb_467,3051,6.0
tmdb_467,3079,8.0
tmdb_467,3083,8.0
tmdb_467,3125,10.0
tmdb_468,2,4.0
tmdb_468,3,5.0
tmdb_468,6,7.0
tmdb_468,11,4.0
tmdb_468,16,7.0
tmdb_468,17,7.0
tmdb_468,19,3.0
tmdb_468,21,5.0
tmdb_468,24,5.0
tmdb_468,25,6.0
tmdb_468,58,6.0
tmdb_468,62,5.0
tmdb_468,65,1.0
tmdb_468,88,3.0
tmdb_468,104,4.0
tmdb_468,107,6.0
tmdb_468,110,6.0
tmdb_468,111,8.0
tmdb_468,135,3.0
tmdb_468,150,6.0
tmdb_468,153,2.0
tmdb_468,158,4.0
tmdb_468,160,3.0
tmdb_468,162,8.0
tmdb_468,170,4.0
tmdb_468,185,3.0
tmdb_468,186,3.0
tmdb_468,203,4.0
tmdb_468,207,4.0
tmdb_468,216,2.0
tmdb_468,231,5.0
tmdb_468,235,7.0
tmdb_468,236,5.0
tmdb_468,246,7.0
tmdb_468,252,4.0
tmdb_468,256,4.0
tmdb_468,260,7.0
tmdb_468,267,4.0
tmdb_468,272,6.0
tmdb_468,277,6.0
tmdb_468,288,4.0
tmdb_468,293,7.0
tmdb_468,296,7.0
tmdb_468,300,4.0
tmdb_468,316,4.0
tmdb_468,317,6.0
tmdb_468,318,7.0
tmdb_468,326,7.0
tmdb_468,329,5.0
tmdb_468,337,7.0
tmdb_468,339,5.0
tmdb_468,344,3.0
tmdb_468,349,5.0
tmdb_468,364,7.0
tmdb_468,377,6.0
tmdb_468,414,4.0
tmdb_468,434,5.0
tmdb_468,435,5.0
tmdb_468,440,4.0
tmdb_468,441,6.0
tmdb_468,455,2.0
tmdb_468,457,7.0
tmdb_468,468,6.0
tmdb_468,480,5.0
tmdb_468,497,6.0
tmdb_468,500,5.0
tmdb_468,524,6.0
tmdb_468,531,6.0
tmdb_468,535,7.0
tmdb_468,539,6.0
tmdb_468,541,7.0
tmdb_468,543,5.0
tmdb_468,552,5.0
tmdb_468,585,5.0
tmdb_468,586,5.0
tmdb_468,587,5.0
tmdb_468,588,5.0
tmdb_468,590,6.0
tmdb_468,593,6.0
tmdb_468,594,8.0
tmdb_468,595,6.0
tmdb_468,596,8.0
tmdb_468,597,5.0
tmdb_468,608,8.0
tmdb_468,620,5.0
tmdb_468,637,4.0
tmdb_468,648,6.0
tmdb_468,653,3.0
tmdb_468,661,7.0
tmdb_468,673,3.0
tmdb_468,708,5.0
tmdb_468,750,8.0
tmdb_468,778,8.0
tmdb_468,780,4.0
tmdb_468,783,5.0
tmdb_468,784,5.0
tmdb_468,788,3.0
tmdb_468,802,4.0
tmdb_468,806,6.0
tmdb_468,830,4.0
tmdb_468,837,6.0
tmdb_468,838,6.0
tmdb_468,858,8.0
tmdb_468,880,5.0
tmdb_468,898,7.0
tmdb_468,899,7.0
tmdb_468,902,5.0
tmdb_468,903,8.0
tmdb_468,905,7.0
tmdb_468,909,7.0
tmdb_468,910,8.0
tmdb_468,911,6.0
tmdb_468,912,7.0
tmdb_468,913,8.0
tmdb_468,914,6.0
tmdb_468,919,8.0
tmdb_468,920,8.0
tmdb_468,922,7.0
tmdb_468,923,10.0
tmdb_468,924,9.0
tmdb_468,926,7.0
tmdb_468,928,7.0
tmdb_468,932,6.0
tmdb_468,936,7.0
tmdb_468,942,6.0
tmdb_468,946,8.0
tmdb_468,947,9.0
tmdb_468,950,8.0
tmdb_468,951,8.0
tmdb_468,953,7.0
tmdb_468,954,8.0
tmdb_468,955,8.0
tmdb_468,963,6.0
tmdb_468,965,9.0
tmdb_468,968,8.0
tmdb_468,1059,6.0
tmdb_468,1073,7.0
tmdb_468,1088,4.0
tmdb_468,1089,6.0
tmdb_468,1090,6.0
tmdb_468,1103,7.0
tmdb_468,1124,6.0
tmdb_468,1127,6.0
tmdb_468,1213,8.0
tmdb_468,1244,7.0
tmdb_468,1245,8.0
tmdb_468,1246,5.0
tmdb_468,1247,7.0
tmdb_468,1248,8.0
tmdb_468,1250,8.0
tmdb_468,1252,8.0
tmdb_468,1253,7.0
tmdb_468,1254,8.0
tmdb_468,1257,6.0
tmdb_468,1262,7.0
tmdb_468,1265,7.0
tmdb_468,1266,7.0
tmdb_468,1267,7.0
tmdb_468,1269,6.0
tmdb_468,1272,7.0
tmdb_468,1278,7.0
tmdb_468,1281,8.0
tmdb_468,1282,7.0
tmdb_468,1283,6.0
tmdb_468,1284,7.0
tmdb_468,1366,5.0
tmdb_468,1367,3.0
tmdb_468,1380,6.0
tmdb_468,1387,7.0
tmdb_468,1391,6.0
tmdb_468,1393,4.0
tmdb_468,1394,7.0
tmdb_468,1396,5.0
tmdb_468,1405,6.0
tmdb_468,1407,5.0
tmdb_468,1408,5.0
tmdb_468,1411,7.0
tmdb_468,1419,7.0
tmdb_468,1479,5.0
tmdb_468,1485,4.0
tmdb_468,1499,3.0
tmdb_468,1544,5.0
tmdb_468,1552,4.0
tmdb_468,1556,2.0
tmdb_468,1562,3.0
tmdb_468,1566,5.0
tmdb_468,1580,6.0
tmdb_468,1584,6.0
tmdb_468,1586,3.0
tmdb_468,1591,3.0
tmdb_468,1592,2.0
tmdb_468,1610,5.0
tmdb_468,1645,4.0
tmdb_468,1649,8.0
tmdb_468,1653,7.0
tmdb_468,1672,5.0
tmdb_468,1676,3.0
tmdb_468,1682,7.0
tmdb_468,1688,5.0
tmdb_468,1701,6.0
tmdb_468,1721,5.0
tmdb_468,1722,4.0
tmdb_468,1729,6.0
tmdb_468,1732,8.0
tmdb_468,1810,5.0
tmdb_468,1831,3.0
tmdb_468,1834,5.0
tmdb_468,1882,3.0
tmdb_468,1883,4.0
tmdb_468,1884,6.0
tmdb_468,1887,4.0
tmdb_468,1892,4.0
tmdb_468,1894,3.0
tmdb_468,1907,5.0
tmdb_468,1909,5.0
tmdb_468,1917,2.0
tmdb_468,1921,7.0
tmdb_468,1923,4.0
tmdb_468,1927,7.0
tmdb_468,1934,7.0
tmdb_468,1939,6.0
tmdb_468,1942,6.0
tmdb_468,1945,7.0
tmdb_468,1947,5.0
tmdb_468,1949,6.0
tmdb_468,1950,6.0
tmdb_468,1955,8.0
tmdb_468,1957,7.0
tmdb_468,1959,5.0
tmdb_468,1961,6.0
tmdb_468,1965,6.0
tmdb_468,1966,6.0
tmdb_468,1968,6.0
tmdb_468,1994,5.0
tmdb_468,1997,5.0
tmdb_468,2005,6.0
tmdb_468,2006,4.0
tmdb_468,2010,8.0
tmdb_468,2011,5.0
tmdb_468,2012,6.0
tmdb_468,2013,5.0
tmdb_468,2018,7.0
tmdb_468,2019,8.0
tmdb_468,2021,4.0
tmdb_468,2022,7.0
tmdb_468,2023,7.0
tmdb_468,2028,6.0
tmdb_468,2054,5.0
tmdb_468,2059,6.0
tmdb_468,2064,7.0
tmdb_468,2067,6.0
tmdb_468,2078,7.0
tmdb_468,2080,7.0
tmdb_468,2084,6.0
tmdb_468,2085,6.0
tmdb_468,2087,7.0
tmdb_468,2100,6.0
tmdb_468,2105,6.0
tmdb_468,2115,6.0
tmdb_468,2125,4.0
tmdb_468,2134,5.0
tmdb_468,2160,7.0
tmdb_468,2161,6.0
tmdb_468,2186,8.0
tmdb_468,2193,5.0
tmdb_468,2195,3.0
tmdb_468,2210,8.0
tmdb_468,2268,5.0
tmdb_468,2289,7.0
tmdb_468,2291,7.0
tmdb_468,2294,5.0
tmdb_468,2300,6.0
tmdb_468,2313,8.0
tmdb_468,2321,6.0
tmdb_468,2324,6.0
tmdb_468,2335,3.0
tmdb_468,2355,7.0
tmdb_468,2371,5.0
tmdb_468,2395,7.0
tmdb_468,2433,4.0
tmdb_468,2454,6.0
tmdb_468,2455,5.0
tmdb_468,2469,5.0
tmdb_468,2470,6.0
tmdb_468,2501,6.0
tmdb_468,2502,7.0
tmdb_468,2528,6.0
tmdb_468,2539,5.0
tmdb_468,2567,3.0
tmdb_468,2605,4.0
tmdb_468,2612,6.0
tmdb_468,2616,5.0
tmdb_468,2617,5.0
tmdb_468,2657,5.0
tmdb_468,2671,5.0
tmdb_468,2687,5.0
tmdb_468,2694,2.0
tmdb_468,2699,6.0
tmdb_468,2722,2.0
tmdb_468,2728,7.0
tmdb_468,2731,7.0
tmdb_468,2750,5.0
tmdb_468,2761,8.0
tmdb_468,2762,6.0
tmdb_468,2791,6.0
tmdb_468,2959,6.0
tmdb_468,2973,7.0
tmdb_468,2974,2.0
tmdb_468,2976,6.0
tmdb_468,3007,8.0
tmdb_468,3022,10.0
tmdb_468,3033,5.0
tmdb_468,3034,7.0
tmdb_468,3035,6.0
tmdb_468,3052,5.0
tmdb_468,3075,8.0
tmdb_468,3077,8.0
tmdb_468,3082,3.0
tmdb_468,3087,6.0
tmdb_468,3088,7.0
tmdb_468,3089,9.0
tmdb_468,3104,6.0
tmdb_468,3114,8.0
tmdb_468,3175,6.0
tmdb_468,3309,9.0
tmdb_468,3476,6.0
tmdb_468,3479,5.0
tmdb_468,3489,4.0
tmdb_468,3512,4.0
tmdb_468,3632,7.0
tmdb_468,3638,5.0
tmdb_468,3640,6.0
tmdb_468,3683,7.0
tmdb_468,3686,5.0
tmdb_468,4025,4.0
tmdb_468,4105,6.0
tmdb_468,4191,6.0
tmdb_468,4226,7.0
tmdb_468,4232,5.0
tmdb_468,4327,6.0
tmdb_468,4369,4.0
tmdb_468,4499,5.0
tmdb_468,4515,7.0
tmdb_468,4546,7.0
tmdb_468,4628,5.0
tmdb_468,4639,3.0
tmdb_468,4643,5.0
tmdb_468,4701,4.0
tmdb_468,4728,3.0
tmdb_468,4816,4.0
tmdb_468,4857,5.0
tmdb_468,4886,7.0
tmdb_468,4889,5.0
tmdb_468,4896,5.0
tmdb_468,4958,3.0
tmdb_468,4970,8.0
tmdb_468,4973,6.0
tmdb_468,4993,7.0
tmdb_468,4995,6.0
tmdb_468,4998,6.0
tmdb_468,5001,7.0
tmdb_468,5060,6.0
tmdb_468,5064,5.0
tmdb_468,5065,5.0
tmdb_468,5121,9.0
tmdb_468,5139,6.0
tmdb_468,5177,9.0
tmdb_468,5434,7.0
tmdb_468,5528,5.0
tmdb_468,5602,7.0
tmdb_468,5620,3.0
tmdb_468,5747,7.0
tmdb_468,5816,5.0
tmdb_468,5902,6.0
tmdb_468,5955,4.0
tmdb_468,5956,5.0
tmdb_468,5991,4.0
tmdb_468,5995,8.0
tmdb_468,6373,4.0
tmdb_468,6440,8.0
tmdb_468,6593,4.0
tmdb_468,6936,5.0
tmdb_468,6947,6.0
tmdb_468,6957,5.0
tmdb_468,7090,6.0
tmdb_468,7091,8.0
tmdb_468,7096,6.0
tmdb_468,7347,3.0
tmdb_468,7484,8.0
tmdb_468,7979,7.0
tmdb_468,8011,6.0
tmdb_468,8267,7.0
tmdb_468,8275,8.0
tmdb_468,8337,6.0
tmdb_468,8338,7.0
tmdb_468,8340,6.0
tmdb_468,8366,5.0
tmdb_468,8464,5.0
tmdb_468,8491,8.0
tmdb_468,8665,6.0
tmdb_468,8838,8.0
tmdb_468,8840,5.0
tmdb_468,8874,7.0
tmdb_468,8882,6.0
tmdb_468,8961,7.0
tmdb_468,8968,3.0
tmdb_468,8970,6.0
tmdb_468,8981,6.0
tmdb_468,25750,9.0
tmdb_468,25752,8.0
tmdb_468,25755,7.0
tmdb_468,25764,9.0
tmdb_468,25769,9.0
tmdb_468,25771,7.0
tmdb_468,25993,5.0
tmdb_468,26171,9.0
tmdb_468,26178,6.0
tmdb_468,26302,7.0
tmdb_468,26425,5.0
tmdb_468,26712,9.0
tmdb_468,26850,6.0
tmdb_468,27706,5.0
tmdb_468,27873,5.0
tmdb_468,27904,7.0
tmdb_468,30707,6.0
tmdb_468,30723,8.0
tmdb_468,30793,5.0
tmdb_468,30892,7.0
tmdb_468,31116,5.0
tmdb_468,31549,8.0
tmdb_468,31685,4.0
tmdb_468,33380,7.0
tmdb_468,33660,6.0
tmdb_468,34583,6.0
tmdb_468,41566,5.0
tmdb_468,41571,5.0
tmdb_468,44671,6.0
tmdb_468,45186,4.0
tmdb_468,45431,5.0
tmdb_468,45722,4.0
tmdb_468,46976,5.0
tmdb_468,47714,6.0
tmdb_468,48301,8.0
tmdb_468,48385,6.0
tmdb_468,49225,7.0
tmdb_468,51044,8.0
tmdb_468,51540,7.0
tmdb_468,54419,6.0
tmdb_468,55687,6.0
tmdb_468,56152,6.0
tmdb_468,58559,6.0
tmdb_468,59387,6.0
tmdb_468,63859,5.0
tmdb_468,71520,5.0
tmdb_468,74458,6.0
tmdb_468,74545,6.0
tmdb_468,77866,5.0
tmdb_469,170,9.0
tmdb_469,468,6.0
tmdb_469,616,4.0
tmdb_469,838,7.0
tmdb_469,1093,10.0
tmdb_469,1244,5.0
tmdb_469,1479,4.0
tmdb_469,1947,10.0
tmdb_469,4643,9.0
tmdb_470,70,7.0
tmdb_470,172,8.0
tmdb_470,224,7.0
tmdb_470,247,7.0
tmdb_470,253,6.0
tmdb_470,261,7.0
tmdb_470,296,6.0
tmdb_470,318,6.0
tmdb_470,661,6.0
tmdb_470,841,5.0
tmdb_470,913,9.0
tmdb_470,965,6.0
tmdb_470,1271,3.0
tmdb_470,1284,8.0
tmdb_470,1285,9.0
tmdb_470,1554,8.0
tmdb_470,1967,7.0
tmdb_470,2010,7.0
tmdb_470,2097,7.0
tmdb_470,2105,6.0
tmdb_470,4195,8.0
tmdb_470,4970,7.0
tmdb_470,5146,8.0
tmdb_470,7454,6.0
tmdb_470,25763,4.0
tmdb_470,25771,1.0
tmdb_470,31658,9.0
tmdb_471,2,6.0
tmdb_471,150,9.0
tmdb_471,186,6.0
tmdb_471,260,10.0
tmdb_471,292,6.0
tmdb_471,364,8.0
tmdb_471,377,5.0
tmdb_471,380,7.0
tmdb_471,405,8.0
tmdb_471,480,7.0
tmdb_471,527,8.0
tmdb_471,541,7.0
tmdb_471,586,5.0
tmdb_471,588,7.0
tmdb_471,593,9.0
tmdb_471,594,9.0
tmdb_471,597,7.0
tmdb_471,750,7.0
tmdb_471,780,6.0
tmdb_471,788,8.0
tmdb_471,919,7.0
tmdb_471,1023,8.0
tmdb_471,1059,5.0
tmdb_471,1246,7.0
tmdb_471,1250,7.0
tmdb_471,1262,8.0
tmdb_471,1387,7.0
tmdb_471,1544,6.0
tmdb_471,1566,7.0
tmdb_471,1580,6.0
tmdb_471,1587,8.0
tmdb_471,1610,8.0
tmdb_471,1616,7.0
tmdb_471,1665,7.0
tmdb_471,1721,7.0
tmdb_471,1722,7.0
tmdb_471,1779,6.0
tmdb_471,1923,7.0
tmdb_471,1954,9.0
tmdb_471,1991,5.0
tmdb_471,1992,4.0
tmdb_471,2018,9.0
tmdb_471,2028,8.0
tmdb_471,2078,8.0
tmdb_471,2115,8.0
tmdb_471,2124,7.0
tmdb_471,2253,7.0
tmdb_471,2291,8.0
tmdb_471,2355,7.0
tmdb_471,2383,6.0
tmdb_471,2459,7.0
tmdb_471,2671,7.0
tmdb_471,2959,8.0
tmdb_471,2989,8.0
tmdb_471,2990,8.0
tmdb_471,2993,8.0
tmdb_471,3034,8.0
tmdb_471,3082,7.0
tmdb_471,3114,6.0
tmdb_471,3635,8.0
tmdb_471,3638,9.0
tmdb_471,4148,9.0
tmdb_471,4886,8.0
tmdb_471,4949,4.0
tmdb_471,4958,6.0
tmdb_471,4993,10.0
tmdb_471,5528,7.0
tmdb_471,6537,7.0
tmdb_471,7980,7.0
tmdb_471,26393,7.0
tmdb_471,39446,8.0
tmdb_471,43391,6.0
tmdb_471,54272,8.0
tmdb_472,6,6.0
tmdb_472,11,6.0
tmdb_472,16,8.0
tmdb_472,17,8.0
tmdb_472,21,8.0
tmdb_472,25,10.0
tmdb_472,69,9.0
tmdb_472,101,8.0
tmdb_472,111,8.0
tmdb_472,117,6.0
tmdb_472,121,8.0
tmdb_472,123,6.0
tmdb_472,141,5.0
tmdb_472,144,8.0
tmdb_472,150,6.0
tmdb_472,155,6.0
tmdb_472,162,10.0
tmdb_472,176,6.0
tmdb_472,180,4.0
tmdb_472,198,2.0
tmdb_472,213,8.0
tmdb_472,223,8.0
tmdb_472,232,6.0
tmdb_472,235,8.0
tmdb_472,241,2.0
tmdb_472,246,10.0
tmdb_472,260,8.0
tmdb_472,265,6.0
tmdb_472,288,6.0
tmdb_472,290,8.0
tmdb_472,293,8.0
tmdb_472,296,10.0
tmdb_472,299,6.0
tmdb_472,300,6.0
tmdb_472,318,10.0
tmdb_472,322,8.0
tmdb_472,342,10.0
tmdb_472,345,8.0
tmdb_472,348,6.0
tmdb_472,363,10.0
tmdb_472,364,8.0
tmdb_472,377,8.0
tmdb_472,380,4.0
tmdb_472,390,10.0
tmdb_472,431,6.0
tmdb_472,441,8.0
tmdb_472,457,8.0
tmdb_472,467,8.0
tmdb_472,480,8.0
tmdb_472,492,4.0
tmdb_472,493,8.0
tmdb_472,497,4.0
tmdb_472,501,8.0
tmdb_472,511,6.0
tmdb_472,513,4.0
tmdb_472,522,6.0
tmdb_472,527,6.0
tmdb_472,541,10.0
tmdb_472,551,10.0
tmdb_472,562,8.0
tmdb_472,574,8.0
tmdb_472,581,6.0
tmdb_472,588,6.0
tmdb_472,593,10.0
tmdb_472,594,8.0
tmdb_472,595,10.0
tmdb_472,599,10.0
tmdb_472,608,6.0
tmdb_472,659,8.0
tmdb_472,661,8.0
tmdb_472,678,8.0
tmdb_472,708,8.0
tmdb_472,714,2.0
tmdb_472,745,10.0
tmdb_472,750,10.0
tmdb_472,769,6.0
tmdb_472,783,4.0
tmdb_472,800,8.0
tmdb_472,813,2.0
tmdb_472,837,8.0
tmdb_472,838,4.0
tmdb_472,841,8.0
tmdb_472,858,10.0
tmdb_472,898,6.0
tmdb_472,899,8.0
tmdb_472,902,8.0
tmdb_472,903,10.0
tmdb_472,905,8.0
tmdb_472,910,8.0
tmdb_472,912,10.0
tmdb_472,913,10.0
tmdb_472,914,10.0
tmdb_472,919,10.0
tmdb_472,920,9.0
tmdb_472,922,10.0
tmdb_472,923,10.0
tmdb_472,924,8.0
tmdb_472,926,10.0
tmdb_472,928,10.0
tmdb_472,938,8.0
tmdb_472,942,9.0
tmdb_472,951,10.0
tmdb_472,953,10.0
tmdb_472,955,10.0
tmdb_472,968,10.0
tmdb_472,1050,6.0
tmdb_472,1073,10.0
tmdb_472,1089,10.0
tmdb_472,1090,10.0
tmdb_472,1103,8.0
tmdb_472,1123,10.0
tmdb_472,1162,2.0
tmdb_472,1213,10.0
tmdb_472,1244,8.0
tmdb_472,1245,8.0
tmdb_472,1247,10.0
tmdb_472,1248,10.0
tmdb_472,1249,10.0
tmdb_472,1250,10.0
tmdb_472,1252,10.0
tmdb_472,1254,8.0
tmdb_472,1259,8.0
tmdb_472,1265,8.0
tmdb_472,1266,10.0
tmdb_472,1267,10.0
tmdb_472,1269,6.0
tmdb_472,1272,10.0
tmdb_472,1273,6.0
tmdb_472,1278,8.0
tmdb_472,1279,6.0
tmdb_472,1280,8.0
tmdb_472,1282,6.0
tmdb_472,1283,10.0
tmdb_472,1284,10.0
tmdb_472,1285,10.0
tmdb_472,1358,10.0
tmdb_472,1361,10.0
tmdb_472,1374,6.0
tmdb_472,1380,8.0
tmdb_472,1387,10.0
tmdb_472,1392,8.0
tmdb_472,1393,8.0
tmdb_472,1394,10.0
tmdb_472,1405,6.0
tmdb_472,1413,6.0
tmdb_472,1537,10.0
tmdb_472,1566,4.0
tmdb_472,1580,10.0
tmdb_472,1610,10.0
tmdb_472,1639,8.0
tmdb_472,1641,8.0
tmdb_472,1653,8.0
tmdb_472,1673,8.0
tmdb_472,1678,6.0
tmdb_472,1682,8.0
tmdb_472,1688,6.0
tmdb_472,1701,6.0
tmdb_472,1719,10.0
tmdb_472,1721,10.0
tmdb_472,1729,8.0
tmdb_472,1732,8.0
tmdb_472,1734,4.0
tmdb_472,1785,8.0
tmdb_472,1845,10.0
tmdb_472,1865,8.0
tmdb_472,1883,2.0
tmdb_472,1888,6.0
tmdb_472,1907,4.0
tmdb_472,1914,6.0
tmdb_472,1921,8.0
tmdb_472,1922,8.0
tmdb_472,1923,10.0
tmdb_472,1946,8.0
tmdb_472,1947,6.0
tmdb_472,1948,8.0
tmdb_472,1954,10.0
tmdb_472,1955,8.0
tmdb_472,1956,10.0
tmdb_472,1957,10.0
tmdb_472,1958,8.0
tmdb_472,1964,9.0
tmdb_472,1965,8.0
tmdb_472,1966,10.0
tmdb_472,1968,8.0
tmdb_472,1997,9.0
tmdb_472,2000,6.0
tmdb_472,2001,6.0
tmdb_472,2013,4.0
tmdb_472,2014,6.0
tmdb_472,2016,4.0
tmdb_472,2019,8.0
tmdb_472,2020,8.0
tmdb_472,2028,6.0
tmdb_472,2064,10.0
tmdb_472,2067,10.0
tmdb_472,2078,8.0
tmdb_472,2080,6.0
tmdb_472,2085,8.0
tmdb_472,2102,8.0
tmdb_472,2108,8.0
tmdb_472,2109,8.0
tmdb_472,2117,8.0
tmdb_472,2141,6.0
tmdb_472,2144,10.0
tmdb_472,2160,9.0
tmdb_472,2169,6.0
tmdb_472,2171,8.0
tmdb_472,2186,8.0
tmdb_472,2261,10.0
tmdb_472,2282,6.0
tmdb_472,2289,10.0
tmdb_472,2291,10.0
tmdb_472,2294,8.0
tmdb_472,2300,10.0
tmdb_472,2302,6.0
tmdb_472,2310,8.0
tmdb_472,2321,6.0
tmdb_472,2324,6.0
tmdb_472,2325,8.0
tmdb_472,2330,10.0
tmdb_472,2331,6.0
tmdb_472,2335,7.0
tmdb_472,2349,8.0
tmdb_472,2355,6.0
tmdb_472,2359,10.0
tmdb_472,2360,6.0
tmdb_472,2371,8.0
tmdb_472,2395,10.0
tmdb_472,2433,4.0
tmdb_472,2463,8.0
tmdb_472,2470,8.0
tmdb_472,2502,8.0
tmdb_472,2539,8.0
tmdb_472,2605,4.0
tmdb_472,2609,6.0
tmdb_472,2610,6.0
tmdb_472,2621,6.0
tmdb_472,2657,10.0
tmdb_472,2671,6.0
tmdb_472,2687,8.0
tmdb_472,2722,6.0
tmdb_472,2731,8.0
tmdb_472,2759,8.0
tmdb_472,2761,8.0
tmdb_472,2762,10.0
tmdb_472,2770,8.0
tmdb_472,2791,10.0
tmdb_472,2805,8.0
tmdb_472,2860,6.0
tmdb_472,2882,4.0
tmdb_472,2891,6.0
tmdb_472,2912,8.0
tmdb_472,2925,8.0
tmdb_472,2926,8.0
tmdb_472,2959,4.0
tmdb_472,2972,8.0
tmdb_472,2973,8.0
tmdb_472,2974,6.0
tmdb_472,3007,8.0
tmdb_472,3019,8.0
tmdb_472,3022,10.0
tmdb_472,3037,10.0
tmdb_472,3054,2.0
tmdb_472,3057,6.0
tmdb_472,3072,8.0
tmdb_472,3082,4.0
tmdb_472,3088,6.0
tmdb_472,3089,10.0
tmdb_472,3090,6.0
tmdb_472,3104,8.0
tmdb_472,3114,10.0
tmdb_472,3125,4.0
tmdb_472,3127,8.0
tmdb_472,3133,10.0
tmdb_472,3134,8.0
tmdb_472,3146,10.0
tmdb_472,3173,8.0
tmdb_472,3176,6.0
tmdb_472,3418,8.0
tmdb_472,3543,8.0
tmdb_472,3549,8.0
tmdb_472,3683,10.0
tmdb_472,4011,8.0
tmdb_472,4034,10.0
tmdb_472,4234,6.0
tmdb_472,4327,8.0
tmdb_472,4349,9.0
tmdb_472,4369,8.0
tmdb_472,4474,6.0
tmdb_472,4546,8.0
tmdb_472,4641,8.0
tmdb_472,4886,10.0
tmdb_472,4896,6.0
tmdb_472,4970,8.0
tmdb_472,4973,8.0
tmdb_472,4978,6.0
tmdb_472,4990,6.0
tmdb_472,4993,6.0
tmdb_472,4995,8.0
tmdb_472,5060,8.0
tmdb_472,5177,8.0
tmdb_472,5187,8.0
tmdb_472,5825,8.0
tmdb_472,5899,8.0
tmdb_472,5902,9.0
tmdb_472,5965,6.0
tmdb_472,5991,8.0
tmdb_472,5995,8.0
tmdb_472,6003,10.0
tmdb_472,6016,8.0
tmdb_472,6440,9.0
tmdb_472,6461,10.0
tmdb_472,6620,8.0
tmdb_472,6936,4.0
tmdb_472,6947,10.0
tmdb_472,8961,7.0
tmdb_472,26172,8.0
tmdb_472,26425,9.0
tmdb_472,30707,5.0
tmdb_472,32582,8.0
tmdb_472,44191,8.0
tmdb_472,48319,7.0
tmdb_473,2,10.0
tmdb_473,104,7.0
tmdb_473,110,10.0
tmdb_473,145,9.0
tmdb_473,316,1.0
tmdb_473,364,10.0
tmdb_473,377,7.0
tmdb_473,500,10.0
tmdb_473,765,8.0
tmdb_473,780,10.0
tmdb_473,1246,7.0
tmdb_473,1370,10.0
tmdb_473,1917,10.0
tmdb_473,1954,8.0
tmdb_473,2335,8.0
tmdb_473,2959,10.0
tmdb_473,3489,10.0
tmdb_473,4886,10.0
tmdb_473,4973,10.0
tmdb_473,6373,10.0
tmdb_473,8464,10.0
tmdb_473,8984,5.0
tmdb_473,58559,10.0
tmdb_474,260,8.0
tmdb_474,316,8.0
tmdb_474,480,8.0
tmdb_474,595,10.0
tmdb_474,858,10.0
tmdb_474,898,10.0
tmdb_474,899,10.0
tmdb_474,909,8.0
tmdb_474,919,8.0
tmdb_474,951,8.0
tmdb_474,1244,8.0
tmdb_474,1282,8.0
tmdb_474,1387,8.0
tmdb_474,1673,6.0
tmdb_474,1903,8.0
tmdb_474,1947,10.0
tmdb_474,2019,10.0
tmdb_474,2160,8.0
tmdb_474,2300,8.0
tmdb_474,2657,6.0
tmdb_474,3101,6.0
tmdb_474,3104,8.0
tmdb_475,16,8.0
tmdb_475,110,8.0
tmdb_475,111,9.0
tmdb_475,153,2.0
tmdb_475,260,10.0
tmdb_475,296,10.0
tmdb_475,316,6.0
tmdb_475,480,9.0
tmdb_475,541,8.0
tmdb_475,588,7.0
tmdb_475,592,8.0
tmdb_475,858,10.0
tmdb_475,903,8.0
tmdb_475,924,10.0
tmdb_475,1213,10.0
tmdb_475,1377,8.0
tmdb_475,1387,8.0
tmdb_475,1562,2.0
tmdb_475,1580,6.0
tmdb_475,1721,6.0
tmdb_475,2028,8.0
tmdb_475,2288,8.0
tmdb_475,2355,7.0
tmdb_475,2617,7.0
tmdb_475,2640,7.0
tmdb_475,2687,6.0
tmdb_475,2761,8.0
tmdb_475,2762,7.0
tmdb_475,2959,10.0
tmdb_475,3082,4.0
tmdb_475,3114,7.0
tmdb_475,3981,4.0
tmdb_475,4025,4.0
tmdb_475,4232,3.0
tmdb_475,4368,1.0
tmdb_475,4369,6.0
tmdb_475,4638,2.0
tmdb_475,4643,4.0
tmdb_475,4701,5.0
tmdb_475,4886,7.0
tmdb_475,4896,7.0
tmdb_475,4993,10.0
tmdb_475,5481,3.0
tmdb_475,5816,6.0
tmdb_475,5956,8.0
tmdb_475,5991,6.0
tmdb_475,6016,9.0
tmdb_475,6537,2.0
tmdb_475,6934,4.0
tmdb_475,6936,3.0
tmdb_475,7451,5.0
tmdb_475,7454,4.0
tmdb_475,8665,8.0
tmdb_475,8810,1.0
tmdb_475,8866,6.0
tmdb_475,8873,5.0
tmdb_475,8874,8.0
tmdb_475,8961,8.0
tmdb_475,8970,7.0
tmdb_475,8984,5.0
tmdb_475,30707,8.0
tmdb_475,30793,4.0
tmdb_475,31221,1.0
tmdb_475,31685,4.0
tmdb_475,31696,6.0
tmdb_475,33166,6.0
tmdb_475,37380,2.0
tmdb_475,39435,4.0
tmdb_475,39446,2.0
tmdb_475,40815,8.0
tmdb_475,41566,6.0
tmdb_475,42418,4.0
tmdb_475,42738,5.0
tmdb_475,43936,6.0
tmdb_475,44191,7.0
tmdb_475,45186,7.0
tmdb_475,45722,4.0
tmdb_475,46972,4.0
tmdb_475,47518,5.0
tmdb_475,48385,6.0
tmdb_475,49530,8.0
tmdb_475,51540,8.0
tmdb_475,51935,6.0
tmdb_475,54272,5.0
tmdb_475,55721,8.0
tmdb_475,58293,2.0
tmdb_475,58559,10.0
tmdb_475,58655,3.0
tmdb_475,59421,3.0
tmdb_475,63859,5.0
tmdb_475,68659,6.0
tmdb_475,69526,1.0
tmdb_475,69784,2.0
tmdb_475,74458,9.0
tmdb_475,78088,6.0
tmdb_475,79224,6.0
tmdb_475,83613,3.0
tmdb_475,84944,7.0
tmdb_475,85510,6.0
tmdb_475,86332,4.0
tmdb_475,89492,8.0
tmdb_475,115210,7.0
tmdb_476,16,10.0
tmdb_476,111,8.0
tmdb_476,593,8.0
tmdb_476,1093,10.0
tmdb_476,1127,2.0
tmdb_476,2395,8.0
tmdb_476,2428,4.0
tmdb_476,2722,6.0
tmdb_476,2762,8.0
tmdb_476,2959,10.0
tmdb_476,3127,6.0
tmdb_476,3160,10.0
tmdb_476,3175,8.0
tmdb_477,158,4.0
tmdb_477,193,1.0
tmdb_477,1371,10.0
tmdb_477,1376,10.0
tmdb_477,1580,8.0
tmdb_477,1644,2.0
tmdb_477,1690,2.0
tmdb_477,1722,8.0
tmdb_477,5481,10.0
tmdb_477,83613,8.0
tmdb_478,260,9.0
tmdb_478,293,7.0
tmdb_478,296,10.0
tmdb_478,318,10.0
tmdb_478,778,9.0
tmdb_478,1089,10.0
tmdb_478,1884,8.0
tmdb_478,2028,9.0
tmdb_478,2959,9.0
tmdb_478,4011,10.0
tmdb_478,4973,5.0
tmdb_478,4993,10.0
tmdb_478,4995,9.0
tmdb_478,5956,9.0
tmdb_478,5995,10.0
tmdb_478,6016,9.0
tmdb_478,6373,9.0
tmdb_478,8984,9.0
tmdb_478,58559,7.0
tmdb_478,74458,9.0
tmdb_478,89492,8.0
tmdb_479,2,8.0
tmdb_479,104,8.0
tmdb_479,150,10.0
tmdb_479,318,10.0
tmdb_479,586,8.0
tmdb_479,593,10.0
tmdb_479,1387,8.0
tmdb_479,1580,9.0
tmdb_479,1732,6.0
tmdb_479,1920,4.0
tmdb_479,1961,9.0
tmdb_479,1968,9.0
tmdb_479,2004,4.0
tmdb_479,2082,7.0
tmdb_479,2114,7.0
tmdb_479,2116,4.0
tmdb_479,2502,8.0
tmdb_479,2762,8.0
tmdb_479,2791,8.0
tmdb_479,2959,8.0
tmdb_479,4226,9.0
tmdb_479,4558,7.0
tmdb_479,4886,8.0
tmdb_479,4896,9.0
tmdb_479,4993,4.0
tmdb_479,4995,9.0
tmdb_479,5481,8.0
tmdb_479,5816,8.0
tmdb_479,8464,8.0
tmdb_479,8961,9.0
tmdb_479,46976,10.0
tmdb_479,49530,10.0
tmdb_479,58559,10.0
tmdb_480,2,10.0
tmdb_480,110,8.0
tmdb_480,150,9.0
tmdb_480,158,9.0
tmdb_480,165,10.0
tmdb_480,180,6.0
tmdb_480,185,8.0
tmdb_480,223,8.0
tmdb_480,296,8.0
tmdb_480,318,10.0
tmdb_480,339,9.0
tmdb_480,344,6.0
tmdb_480,364,10.0
tmdb_480,377,10.0
tmdb_480,380,7.0
tmdb_480,434,8.0
tmdb_480,442,8.0
tmdb_480,455,6.0
tmdb_480,457,9.0
tmdb_480,480,10.0
tmdb_480,481,6.0
tmdb_480,500,8.0
tmdb_480,539,7.0
tmdb_480,586,10.0
tmdb_480,587,7.0
tmdb_480,588,7.0
tmdb_480,590,8.0
tmdb_480,593,9.0
tmdb_480,595,7.0
tmdb_480,608,7.0
tmdb_480,648,7.0
tmdb_480,653,9.0
tmdb_480,750,5.0
tmdb_480,778,8.0
tmdb_480,780,9.0
tmdb_480,784,4.0
tmdb_480,832,10.0
tmdb_480,858,8.0
tmdb_480,1059,7.0
tmdb_480,1089,9.0
tmdb_480,1213,10.0
tmdb_480,1259,9.0
tmdb_480,1265,10.0
tmdb_480,1370,8.0
tmdb_480,1393,7.0
tmdb_480,1407,8.0
tmdb_480,1408,9.0
tmdb_480,1485,9.0
tmdb_480,1499,7.0
tmdb_480,1552,10.0
tmdb_480,1573,9.0
tmdb_480,1580,10.0
tmdb_480,1608,9.0
tmdb_480,1639,6.0
tmdb_480,1641,10.0
tmdb_480,1644,6.0
tmdb_480,1676,10.0
tmdb_480,1680,6.0
tmdb_480,1682,10.0
tmdb_480,1717,7.0
tmdb_480,1721,9.0
tmdb_480,1729,10.0
tmdb_480,1732,8.0
tmdb_480,1792,7.0
tmdb_480,1917,8.0
tmdb_480,1920,8.0
tmdb_480,1923,10.0
tmdb_480,1954,9.0
tmdb_480,1968,8.0
tmdb_480,2000,9.0
tmdb_480,2001,6.0
tmdb_480,2011,8.0
tmdb_480,2028,10.0
tmdb_480,2054,9.0
tmdb_480,2058,8.0
tmdb_480,2082,10.0
tmdb_480,2118,9.0
tmdb_480,2161,8.0
tmdb_480,2232,9.0
tmdb_480,2294,9.0
tmdb_480,2617,8.0
tmdb_480,2671,7.0
tmdb_480,2762,9.0
tmdb_480,2959,7.0
tmdb_480,3114,5.0
tmdb_480,4011,9.0
tmdb_480,4034,8.0
tmdb_480,4148,7.0
tmdb_480,4226,10.0
tmdb_480,4251,8.0
tmdb_480,4351,8.0
tmdb_480,4638,4.0
tmdb_480,4896,10.0
tmdb_480,4993,10.0
tmdb_480,5481,9.0
tmdb_480,5816,10.0
tmdb_480,5833,9.0
tmdb_480,5956,10.0
tmdb_480,6016,9.0
tmdb_480,6373,6.0
tmdb_480,7347,7.0
tmdb_480,7445,8.0
tmdb_480,8665,10.0
tmdb_480,8860,8.0
tmdb_480,8874,10.0
tmdb_480,8908,8.0
tmdb_480,30707,3.0
tmdb_480,31685,7.0
tmdb_480,33166,7.0
tmdb_480,39446,8.0
tmdb_480,40723,8.0
tmdb_480,40732,9.0
tmdb_480,40815,10.0
tmdb_480,41566,6.0
tmdb_480,43936,9.0
tmdb_480,45722,7.0
tmdb_480,46972,7.0
tmdb_480,46976,9.0
tmdb_480,49530,10.0
tmdb_480,51540,7.0
tmdb_480,58559,8.0
tmdb_480,59421,9.0
tmdb_480,74458,8.0
tmdb_480,78088,8.0
tmdb_481,16,8.0
tmdb_481,58,10.0
tmdb_481,111,10.0
tmdb_481,260,10.0
tmdb_481,288,8.0
tmdb_481,293,10.0
tmdb_481,296,10.0
tmdb_481,307,10.0
tmdb_481,318,7.0
tmdb_481,527,7.0
tmdb_481,541,10.0
tmdb_481,593,8.0
tmdb_481,608,9.0
tmdb_481,680,8.0
tmdb_481,702,10.0
tmdb_481,750,10.0
tmdb_481,778,9.0
tmdb_481,858,10.0
tmdb_481,899,8.0
tmdb_481,903,10.0
tmdb_481,912,8.0
tmdb_481,919,8.0
tmdb_481,922,10.0
tmdb_481,923,10.0
tmdb_481,924,10.0
tmdb_481,955,8.0
tmdb_481,1089,10.0
tmdb_481,1213,9.0
tmdb_481,1244,8.0
tmdb_481,1247,8.0
tmdb_481,1251,10.0
tmdb_481,1252,10.0
tmdb_481,1281,10.0
tmdb_481,1282,10.0
tmdb_481,1374,9.0
tmdb_481,1387,8.0
tmdb_481,1580,8.0
tmdb_481,1682,8.0
tmdb_481,1729,8.0
tmdb_481,1732,10.0
tmdb_481,1884,10.0
tmdb_481,1955,8.0
tmdb_481,1961,7.0
tmdb_481,1997,8.0
tmdb_481,2010,10.0
tmdb_481,2115,7.0
tmdb_481,2160,8.0
tmdb_481,2291,8.0
tmdb_481,2360,10.0
tmdb_481,2731,10.0
tmdb_481,2762,9.0
tmdb_481,2959,9.0
tmdb_481,3010,10.0
tmdb_481,3022,9.0
tmdb_481,3083,10.0
tmdb_481,3089,10.0
tmdb_481,3134,10.0
tmdb_481,4011,8.0
tmdb_481,4226,8.0
tmdb_481,4235,9.0
tmdb_481,4628,8.0
tmdb_481,4638,4.0
tmdb_481,4643,4.0
tmdb_481,4658,8.0
tmdb_481,4728,6.0
tmdb_481,4886,9.0
tmdb_481,4896,7.0
tmdb_481,4973,10.0
tmdb_481,4993,10.0
tmdb_481,4995,7.0
tmdb_481,5056,10.0
tmdb_481,5147,10.0
tmdb_481,5179,10.0
tmdb_481,5319,10.0
tmdb_481,5620,4.0
tmdb_481,5902,9.0
tmdb_481,5956,7.0
tmdb_481,5991,7.0
tmdb_481,6003,8.0
tmdb_481,6016,10.0
tmdb_481,6283,10.0
tmdb_481,6373,6.0
tmdb_481,6591,7.0
tmdb_481,6934,6.0
tmdb_481,6947,6.0
tmdb_481,7090,9.0
tmdb_481,7091,8.0
tmdb_481,7347,7.0
tmdb_481,7451,4.0
tmdb_481,8197,10.0
tmdb_481,8645,7.0
tmdb_481,8665,10.0
tmdb_481,8873,9.0
tmdb_481,8961,6.0
tmdb_481,8966,6.0
tmdb_481,8970,8.0
tmdb_481,8973,9.0
tmdb_481,8981,8.0
tmdb_481,25750,10.0
tmdb_481,25771,10.0
tmdb_481,26258,8.0
tmdb_481,26326,10.0
tmdb_481,30707,9.0
tmdb_481,32444,8.0
tmdb_481,32825,9.0
tmdb_481,33166,8.0
tmdb_481,41566,6.0
tmdb_481,44694,9.0
tmdb_481,46976,7.0
tmdb_481,48385,7.0
tmdb_481,49299,8.0
tmdb_481,54272,6.0
tmdb_481,55721,9.0
tmdb_481,58559,7.0
tmdb_481,74458,8.0
tmdb_482,70,6.0
tmdb_482,799,6.0
tmdb_482,818,4.0
tmdb_482,1278,10.0
tmdb_482,1387,8.0
tmdb_482,1407,6.0
tmdb_482,1721,10.0
tmdb_482,1994,6.0
tmdb_482,1997,10.0
tmdb_482,2003,8.0
tmdb_482,2097,6.0
tmdb_482,2118,8.0
tmdb_482,2160,6.0
tmdb_482,2288,6.0
tmdb_482,2454,4.0
tmdb_482,2455,4.0
tmdb_482,2517,6.0
tmdb_482,2617,8.0
tmdb_482,2636,10.0
tmdb_482,2637,8.0
tmdb_482,2649,10.0
tmdb_482,2652,10.0
tmdb_482,2654,10.0
tmdb_482,3016,6.0
tmdb_483,110,8.0
tmdb_483,111,6.0
tmdb_483,260,8.0
tmdb_483,293,8.0
tmdb_483,318,10.0
tmdb_483,377,6.0
tmdb_483,380,8.0
tmdb_483,457,7.0
tmdb_483,541,10.0
tmdb_483,588,5.0
tmdb_483,593,10.0
tmdb_483,648,8.0
tmdb_483,778,10.0
tmdb_483,1089,8.0
tmdb_483,1213,10.0
tmdb_483,1259,10.0
tmdb_483,1573,4.0
tmdb_483,1580,6.0
tmdb_483,1676,8.0
tmdb_483,1682,6.0
tmdb_483,1732,10.0
tmdb_483,1884,8.0
tmdb_483,1968,8.0
tmdb_483,1997,7.0
tmdb_483,2028,8.0
tmdb_483,2288,10.0
tmdb_483,4638,4.0
tmdb_483,4993,8.0
tmdb_483,8665,10.0
tmdb_483,8874,8.0
tmdb_483,33166,6.0
tmdb_483,45186,8.0
tmdb_483,48385,6.0
tmdb_483,49530,8.0
tmdb_483,58559,8.0
tmdb_484,3,8.0
tmdb_484,17,10.0
tmdb_484,25,4.0
tmdb_484,62,10.0
tmdb_484,65,2.0
tmdb_484,76,10.0
tmdb_484,104,6.0
tmdb_484,494,8.0
tmdb_484,640,8.0
tmdb_484,648,8.0
tmdb_484,780,10.0
tmdb_484,788,8.0
tmdb_484,1073,8.0
tmdb_485,105,5.0
tmdb_485,1918,8.0
tmdb_485,2109,7.0
tmdb_485,2161,7.0
tmdb_485,3396,7.0
tmdb_485,5991,8.0
tmdb_486,231,10.0
tmdb_486,260,10.0
tmdb_486,480,7.0
tmdb_486,500,3.0
tmdb_486,541,10.0
tmdb_486,588,8.0
tmdb_486,750,10.0
tmdb_486,778,7.0
tmdb_486,780,5.0
tmdb_486,924,10.0
tmdb_486,1247,8.0
tmdb_486,1265,10.0
tmdb_486,1273,10.0
tmdb_486,1573,8.0
tmdb_486,1584,6.0
tmdb_486,1653,8.0
tmdb_486,1682,8.0
tmdb_486,1732,9.0
tmdb_486,1884,9.0
tmdb_486,1917,6.0
tmdb_486,1968,9.0
tmdb_486,2000,8.0
tmdb_486,2012,7.0
tmdb_486,2324,8.0
tmdb_486,2395,9.0
tmdb_486,2791,8.0
tmdb_486,3019,7.0
tmdb_486,3114,10.0
tmdb_486,4816,10.0
tmdb_486,4973,4.0
tmdb_486,4975,3.0
tmdb_486,5902,8.0
tmdb_486,6978,7.0
tmdb_486,8874,8.0
tmdb_486,46972,6.0
tmdb_486,58156,6.0
tmdb_486,140174,7.0
tmdb_487,2,8.0
tmdb_487,11,8.0
tmdb_487,17,10.0
tmdb_487,19,6.0
tmdb_487,22,10.0
tmdb_487,27,6.0
tmdb_487,74,8.0
tmdb_487,89,6.0
tmdb_487,95,10.0
tmdb_487,102,6.0
tmdb_487,104,6.0
tmdb_487,110,10.0
tmdb_487,122,6.0
tmdb_487,141,10.0
tmdb_487,145,8.0
tmdb_487,147,8.0
tmdb_487,150,8.0
tmdb_487,153,6.0
tmdb_487,158,6.0
tmdb_487,160,6.0
tmdb_487,161,8.0
tmdb_487,165,6.0
tmdb_487,168,6.0
tmdb_487,175,8.0
tmdb_487,179,6.0
tmdb_487,180,6.0
tmdb_487,185,6.0
tmdb_487,186,6.0
tmdb_487,193,6.0
tmdb_487,195,8.0
tmdb_487,203,6.0
tmdb_487,207,8.0
tmdb_487,216,6.0
tmdb_487,218,8.0
tmdb_487,222,10.0
tmdb_487,224,6.0
tmdb_487,225,6.0
tmdb_487,227,8.0
tmdb_487,231,6.0
tmdb_487,236,6.0
tmdb_487,237,8.0
tmdb_487,240,6.0
tmdb_487,248,6.0
tmdb_487,252,6.0
tmdb_487,253,6.0
tmdb_487,257,8.0
tmdb_487,261,10.0
tmdb_487,265,8.0
tmdb_487,266,10.0
tmdb_487,273,8.0
tmdb_487,277,10.0
tmdb_487,280,10.0
tmdb_487,288,6.0
tmdb_487,289,8.0
tmdb_487,293,8.0
tmdb_487,296,8.0
tmdb_487,300,8.0
tmdb_487,316,8.0
tmdb_487,318,6.0
tmdb_487,329,8.0
tmdb_487,339,8.0
tmdb_487,340,8.0
tmdb_487,344,6.0
tmdb_487,349,8.0
tmdb_487,350,8.0
tmdb_487,364,10.0
tmdb_487,377,8.0
tmdb_487,378,8.0
tmdb_487,380,6.0
tmdb_487,381,8.0
tmdb_487,410,4.0
tmdb_487,415,8.0
tmdb_487,421,8.0
tmdb_487,422,8.0
tmdb_487,426,6.0
tmdb_487,431,8.0
tmdb_487,433,6.0
tmdb_487,440,8.0
tmdb_487,453,8.0
tmdb_487,454,8.0
tmdb_487,455,8.0
tmdb_487,457,10.0
tmdb_487,466,6.0
tmdb_487,475,10.0
tmdb_487,480,8.0
tmdb_487,489,8.0
tmdb_487,490,8.0
tmdb_487,497,10.0
tmdb_487,500,10.0
tmdb_487,508,10.0
tmdb_487,510,8.0
tmdb_487,521,6.0
tmdb_487,524,10.0
tmdb_487,527,10.0
tmdb_487,539,8.0
tmdb_487,540,6.0
tmdb_487,542,8.0
tmdb_487,543,8.0
tmdb_487,544,8.0
tmdb_487,550,6.0
tmdb_487,552,6.0
tmdb_487,585,8.0
tmdb_487,586,8.0
tmdb_487,587,8.0
tmdb_487,588,8.0
tmdb_487,590,10.0
tmdb_487,592,8.0
tmdb_487,593,8.0
tmdb_487,594,8.0
tmdb_487,595,8.0
tmdb_487,596,8.0
tmdb_487,597,8.0
tmdb_487,640,6.0
tmdb_487,648,10.0
tmdb_487,662,6.0
tmdb_487,708,8.0
tmdb_488,224,8.0
tmdb_488,293,9.0
tmdb_488,319,9.0
tmdb_488,455,6.0
tmdb_488,608,8.0
tmdb_488,778,9.0
tmdb_488,880,9.0
tmdb_488,1089,8.0
tmdb_488,1103,7.0
tmdb_488,1125,8.0
tmdb_488,1586,6.0
tmdb_488,1918,6.0
tmdb_488,2959,8.0
tmdb_488,4235,8.0
tmdb_488,4993,7.0
tmdb_488,5971,9.0
tmdb_488,5995,9.0
tmdb_488,6016,9.0
tmdb_488,8014,9.0
tmdb_489,24,6.0
tmdb_489,480,4.0
tmdb_489,858,6.0
tmdb_489,910,10.0
tmdb_489,923,8.0
tmdb_489,924,8.0
tmdb_489,1246,8.0
tmdb_489,1911,6.0
tmdb_489,2282,6.0
tmdb_489,3114,10.0
tmdb_490,6,10.0
tmdb_490,14,6.0
tmdb_490,58,8.0
tmdb_490,79,8.0
tmdb_490,95,8.0
tmdb_490,112,8.0
tmdb_490,141,8.0
tmdb_490,494,8.0
tmdb_490,628,8.0
tmdb_490,648,8.0
tmdb_490,653,8.0
tmdb_490,762,6.0
tmdb_490,780,6.0
tmdb_490,784,8.0
tmdb_490,786,8.0
tmdb_490,1073,2.0
tmdb_491,11,6.0
tmdb_491,21,6.0
tmdb_491,86,2.0
tmdb_491,235,8.0
tmdb_491,253,8.0
tmdb_491,299,4.0
tmdb_491,345,8.0
tmdb_491,380,2.0
tmdb_491,440,6.0
tmdb_491,588,6.0
tmdb_491,708,8.0
tmdb_491,799,6.0
tmdb_491,838,10.0
tmdb_491,1265,8.0
tmdb_491,1392,6.0
tmdb_491,1407,4.0
tmdb_491,1580,6.0
tmdb_491,1701,10.0
tmdb_491,1885,10.0
tmdb_491,2013,10.0
tmdb_491,2107,4.0
tmdb_491,2289,8.0
tmdb_491,2331,8.0
tmdb_491,2395,6.0
tmdb_491,2690,10.0
tmdb_491,2699,6.0
tmdb_491,2722,4.0
tmdb_491,2758,8.0
tmdb_491,2762,10.0
tmdb_491,2770,8.0
tmdb_491,2891,8.0
tmdb_491,2959,8.0
tmdb_491,2976,8.0
tmdb_492,30,4.0
tmdb_492,35,8.0
tmdb_492,77,8.0
tmdb_492,144,4.0
tmdb_492,154,10.0
tmdb_492,199,6.0
tmdb_492,213,4.0
tmdb_492,232,10.0
tmdb_492,247,8.0
tmdb_492,265,10.0
tmdb_492,306,10.0
tmdb_492,307,10.0
tmdb_492,308,8.0
tmdb_492,326,6.0
tmdb_492,347,8.0
tmdb_492,501,10.0
tmdb_492,506,8.0
tmdb_492,509,6.0
tmdb_492,559,10.0
tmdb_492,573,2.0
tmdb_492,608,6.0
tmdb_492,620,8.0
tmdb_492,681,6.0
tmdb_492,690,8.0
tmdb_492,760,6.0
tmdb_492,793,8.0
tmdb_492,820,10.0
tmdb_492,824,8.0
tmdb_492,854,8.0
tmdb_492,1249,6.0
tmdb_492,1280,8.0
tmdb_492,1365,8.0
tmdb_492,1369,6.0
tmdb_492,1406,2.0
tmdb_492,1415,6.0
tmdb_492,1419,8.0
tmdb_492,1483,6.0
tmdb_492,1596,6.0
tmdb_492,1644,4.0
tmdb_492,1654,8.0
tmdb_492,1713,2.0
tmdb_492,1719,6.0
tmdb_492,1836,6.0
tmdb_492,2019,10.0
tmdb_493,11,8.0
tmdb_493,17,8.0
tmdb_493,25,6.0
tmdb_493,28,8.0
tmdb_493,58,8.0
tmdb_493,105,8.0
tmdb_493,140,8.0
tmdb_493,207,8.0
tmdb_493,222,8.0
tmdb_493,237,4.0
tmdb_493,239,2.0
tmdb_493,252,8.0
tmdb_493,258,6.0
tmdb_493,266,8.0
tmdb_493,342,6.0
tmdb_493,377,8.0
tmdb_493,440,10.0
tmdb_493,469,8.0
tmdb_493,497,4.0
tmdb_493,509,8.0
tmdb_493,539,8.0
tmdb_493,587,10.0
tmdb_493,597,8.0
tmdb_493,608,8.0
tmdb_493,613,8.0
tmdb_493,691,8.0
tmdb_493,837,6.0
tmdb_493,838,8.0
tmdb_493,858,8.0
tmdb_493,902,6.0
tmdb_493,905,8.0
tmdb_493,910,6.0
tmdb_493,934,6.0
tmdb_493,1252,8.0
tmdb_493,1265,8.0
tmdb_493,1393,8.0
tmdb_493,1398,8.0
tmdb_493,1408,4.0
tmdb_493,1441,8.0
tmdb_493,1498,6.0
tmdb_493,1541,8.0
tmdb_493,1629,8.0
tmdb_493,1643,8.0
tmdb_493,1680,10.0
tmdb_493,1721,8.0
tmdb_493,1835,8.0
tmdb_493,1888,10.0
tmdb_493,1894,6.0
tmdb_493,1912,6.0
tmdb_493,2045,6.0
tmdb_493,2062,2.0
tmdb_493,2088,2.0
tmdb_493,2108,6.0
tmdb_493,2125,8.0
tmdb_493,2288,6.0
tmdb_493,2291,4.0
tmdb_493,2297,8.0
tmdb_493,2324,8.0
tmdb_493,2860,8.0
tmdb_493,3114,8.0
tmdb_494,260,9.0
tmdb_494,296,8.0
tmdb_494,318,9.0
tmdb_494,527,10.0
tmdb_494,593,9.0
tmdb_494,750,8.0
tmdb_494,858,10.0
tmdb_494,910,8.0
tmdb_494,1089,8.0
tmdb_494,1090,8.0
tmdb_494,1213,9.0
tmdb_494,1259,10.0
tmdb_494,1265,7.0
tmdb_494,1267,8.0
tmdb_494,1610,8.0
tmdb_494,1722,5.0
tmdb_494,1732,8.0
tmdb_494,1947,4.0
tmdb_494,2028,10.0
tmdb_494,2502,10.0
tmdb_494,2788,9.0
tmdb_494,2791,9.0
tmdb_494,2959,9.0
tmdb_494,4011,8.0
tmdb_494,4327,9.0
tmdb_494,6947,8.0
tmdb_494,30707,8.0
tmdb_494,44191,7.0
tmdb_495,110,10.0
tmdb_495,150,8.0
tmdb_495,161,6.0
tmdb_495,165,6.0
tmdb_495,253,6.0
tmdb_495,292,10.0
tmdb_495,316,6.0
tmdb_495,329,8.0
tmdb_495,349,8.0
tmdb_495,364,8.0
tmdb_495,454,8.0
tmdb_495,457,10.0
tmdb_495,480,8.0
tmdb_495,527,10.0
tmdb_495,587,10.0
tmdb_495,590,10.0
tmdb_495,592,6.0
tmdb_495,595,8.0
tmdb_495,597,6.0
tmdb_496,2,8.0
tmdb_496,3,6.0
tmdb_496,6,10.0
tmdb_496,11,8.0
tmdb_496,15,6.0
tmdb_496,19,4.0
tmdb_496,20,8.0
tmdb_496,22,10.0
tmdb_496,27,8.0
tmdb_496,62,10.0
tmdb_496,71,10.0
tmdb_496,79,8.0
tmdb_496,89,8.0
tmdb_496,95,8.0
tmdb_496,105,10.0
tmdb_496,110,10.0
tmdb_496,140,8.0
tmdb_496,141,4.0
tmdb_496,150,8.0
tmdb_496,153,4.0
tmdb_496,158,8.0
tmdb_496,160,6.0
tmdb_496,161,8.0
tmdb_496,165,8.0
tmdb_496,168,10.0
tmdb_496,170,6.0
tmdb_496,185,10.0
tmdb_496,204,8.0
tmdb_496,207,8.0
tmdb_496,225,8.0
tmdb_496,227,8.0
tmdb_496,231,2.0
tmdb_496,236,8.0
tmdb_496,237,8.0
tmdb_496,240,8.0
tmdb_496,252,8.0
tmdb_496,253,8.0
tmdb_496,256,6.0
tmdb_496,257,8.0
tmdb_496,261,6.0
tmdb_496,266,10.0
tmdb_496,271,8.0
tmdb_496,277,8.0
tmdb_496,280,8.0
tmdb_496,281,10.0
tmdb_496,292,10.0
tmdb_496,293,8.0
tmdb_496,315,8.0
tmdb_496,316,10.0
tmdb_496,317,6.0
tmdb_496,318,10.0
tmdb_496,329,10.0
tmdb_496,337,4.0
tmdb_496,338,10.0
tmdb_496,339,6.0
tmdb_496,344,4.0
tmdb_496,349,8.0
tmdb_496,350,8.0
tmdb_496,364,10.0
tmdb_496,377,6.0
tmdb_496,380,8.0
tmdb_496,383,8.0
tmdb_496,410,6.0
tmdb_496,422,6.0
tmdb_496,434,8.0
tmdb_496,440,8.0
tmdb_496,442,8.0
tmdb_496,454,6.0
tmdb_496,455,6.0
tmdb_496,457,10.0
tmdb_496,480,10.0
tmdb_496,494,10.0
tmdb_496,500,8.0
tmdb_496,524,10.0
tmdb_496,539,10.0
tmdb_496,540,6.0
tmdb_496,544,8.0
tmdb_496,552,6.0
tmdb_496,553,10.0
tmdb_496,586,6.0
tmdb_496,587,10.0
tmdb_496,588,8.0
tmdb_496,590,10.0
tmdb_496,592,6.0
tmdb_496,593,10.0
tmdb_496,595,8.0
tmdb_496,597,8.0
tmdb_496,648,10.0
tmdb_496,653,8.0
tmdb_496,761,6.0
tmdb_496,780,10.0
tmdb_496,786,10.0
tmdb_496,802,8.0
tmdb_496,805,8.0
tmdb_497,246,10.0
tmdb_497,265,8.0
tmdb_497,308,10.0
tmdb_497,496,4.0
tmdb_497,527,10.0
tmdb_497,923,4.0
tmdb_497,1124,6.0
tmdb_497,1246,10.0
tmdb_497,1247,10.0
tmdb_497,1259,8.0
tmdb_497,1285,8.0
tmdb_497,1374,6.0
tmdb_497,1376,4.0
tmdb_497,1394,10.0
tmdb_497,1810,8.0
tmdb_497,1944,8.0
tmdb_497,1956,8.0
tmdb_497,1957,6.0
tmdb_497,1958,8.0
tmdb_497,1959,10.0
tmdb_497,1961,8.0
tmdb_497,1968,10.0
tmdb_497,1994,8.0
tmdb_497,2020,8.0
tmdb_497,2022,6.0
tmdb_497,2028,8.0
tmdb_497,2064,10.0
tmdb_497,2100,6.0
tmdb_497,2105,2.0
tmdb_497,2115,8.0
tmdb_497,2134,8.0
tmdb_497,2144,6.0
tmdb_497,2262,4.0
tmdb_497,2312,10.0
tmdb_497,2313,6.0
tmdb_497,2324,4.0
tmdb_497,2371,8.0
tmdb_497,2395,10.0
tmdb_497,2470,4.0
tmdb_497,2501,8.0
tmdb_497,2762,8.0
tmdb_497,2973,10.0
tmdb_497,3019,4.0
tmdb_498,588,9.0
tmdb_498,1544,8.0
tmdb_498,1721,1.0
tmdb_498,3033,10.0
tmdb_498,5481,3.0
tmdb_498,6934,6.0
tmdb_499,111,10.0
tmdb_499,162,8.0
tmdb_499,185,2.0
tmdb_499,260,8.0
tmdb_499,750,10.0
tmdb_499,858,10.0
tmdb_499,903,10.0
tmdb_499,913,10.0
tmdb_499,926,8.0
tmdb_499,953,8.0
tmdb_499,1213,10.0
tmdb_499,1248,8.0
tmdb_499,1254,8.0
tmdb_499,1267,10.0
tmdb_499,1280,10.0
tmdb_499,2010,8.0
tmdb_499,2019,10.0
tmdb_499,3089,10.0
tmdb_499,5060,10.0
tmdb_500,2,3.0
tmdb_500,19,6.0
tmdb_500,62,7.0
tmdb_500,110,7.0
tmdb_500,158,5.0
tmdb_500,231,6.0
tmdb_500,260,2.0
tmdb_500,317,6.0
tmdb_500,318,9.0
tmdb_500,329,1.0
tmdb_500,337,6.0
tmdb_500,344,5.0
tmdb_500,364,5.0
tmdb_500,480,3.0
tmdb_500,497,7.0
tmdb_500,500,6.0
tmdb_500,551,6.0
tmdb_500,586,8.0
tmdb_500,588,6.0
tmdb_500,593,3.0
tmdb_500,595,6.0
tmdb_500,596,6.0
tmdb_500,597,5.0
tmdb_500,616,6.0
tmdb_500,700,8.0
tmdb_500,708,8.0
tmdb_500,783,5.0
tmdb_500,784,2.0
tmdb_500,919,4.0
tmdb_500,1073,5.0
tmdb_500,1088,8.0
tmdb_500,1089,3.0
tmdb_500,1246,6.0
tmdb_500,1265,2.0
tmdb_500,1282,7.0
tmdb_500,1367,5.0
tmdb_500,1380,6.0
tmdb_500,1407,1.0
tmdb_500,1441,7.0
tmdb_500,1485,5.0
tmdb_500,1580,1.0
tmdb_500,1721,7.0
tmdb_500,1923,4.0
tmdb_500,1947,6.0
tmdb_500,1959,8.0
tmdb_500,1968,9.0
tmdb_500,2005,2.0
tmdb_500,2054,2.0
tmdb_500,2078,7.0
tmdb_500,2141,6.0
tmdb_500,2144,7.0
tmdb_500,2321,7.0
tmdb_500,2324,10.0
tmdb_500,2355,5.0
tmdb_500,2470,2.0
tmdb_500,2502,7.0
tmdb_500,2657,3.0
tmdb_500,2671,7.0
tmdb_500,2694,8.0
tmdb_500,2762,3.0
tmdb_500,2959,5.0
tmdb_500,3114,6.0
tmdb_500,3397,4.0
tmdb_500,3418,3.0
tmdb_500,4025,8.0
tmdb_500,4369,7.0
tmdb_500,4641,7.0
tmdb_500,4701,6.0
tmdb_500,4816,8.0
tmdb_500,4886,6.0
tmdb_500,4896,5.0
tmdb_500,4973,9.0
tmdb_500,4993,3.0
tmdb_500,4995,7.0
tmdb_500,5481,6.0
tmdb_500,5816,6.0
tmdb_500,5991,7.0
tmdb_500,5995,8.0
tmdb_500,8366,8.0
tmdb_500,8961,6.0
tmdb_500,30793,6.0
tmdb_500,33660,6.0
tmdb_500,40815,7.0
tmdb_500,41566,6.0
tmdb_500,45722,7.0
tmdb_500,46976,6.0
tmdb_500,47518,9.0
tmdb_500,48385,2.0
tmdb_500,54272,8.0
tmdb_500,54281,8.0
tmdb_500,56152,8.0
tmdb_501,111,1.0
tmdb_501,296,10.0
tmdb_501,318,10.0
tmdb_501,364,7.0
tmdb_501,593,9.0
tmdb_501,596,6.0
tmdb_501,608,6.0
tmdb_501,745,8.0
tmdb_501,778,10.0
tmdb_501,858,10.0
tmdb_501,1089,10.0
tmdb_501,1213,9.0
tmdb_501,1265,8.0
tmdb_501,1580,8.0
tmdb_501,1682,9.0
tmdb_501,1729,8.0
tmdb_501,1732,8.0
tmdb_501,1791,4.0
tmdb_501,2028,9.0
tmdb_501,2355,8.0
tmdb_501,2761,7.0
tmdb_501,2762,8.0
tmdb_501,2959,10.0
tmdb_501,3114,10.0
tmdb_501,3160,9.0
tmdb_501,4011,10.0
tmdb_501,4226,9.0
tmdb_501,4235,10.0
tmdb_501,4886,8.0
tmdb_501,4896,8.0
tmdb_501,4973,8.0
tmdb_501,4993,9.0
tmdb_501,4995,7.0
tmdb_501,5319,10.0
tmdb_501,5816,7.0
tmdb_501,6016,10.0
tmdb_501,8961,9.0
tmdb_501,27706,8.0
tmdb_501,27815,9.0
tmdb_501,31685,8.0
tmdb_501,31952,5.0
tmdb_501,39446,8.0
tmdb_501,43267,10.0
tmdb_501,46976,9.0
tmdb_501,55721,7.0
tmdb_501,58559,7.0
tmdb_501,59143,6.0
tmdb_501,74458,10.0
tmdb_501,74545,8.0
tmdb_501,78088,7.0
tmdb_501,84954,10.0
tmdb_502,6,6.0
tmdb_502,18,6.0
tmdb_502,25,10.0
tmdb_502,62,6.0
tmdb_502,68,6.0
tmdb_502,78,8.0
tmdb_502,104,8.0
tmdb_502,112,8.0
tmdb_502,150,6.0
tmdb_502,194,8.0
tmdb_502,198,8.0
tmdb_502,223,10.0
tmdb_502,231,6.0
tmdb_502,235,8.0
tmdb_502,246,8.0
tmdb_502,260,8.0
tmdb_502,296,10.0
tmdb_502,318,10.0
tmdb_502,337,8.0
tmdb_502,541,10.0
tmdb_502,605,6.0
tmdb_502,608,10.0
tmdb_502,648,6.0
tmdb_502,671,10.0
tmdb_502,697,8.0
tmdb_502,708,8.0
tmdb_502,714,10.0
tmdb_502,745,10.0
tmdb_502,750,8.0
tmdb_502,765,2.0
tmdb_502,778,10.0
tmdb_502,780,6.0
tmdb_502,784,8.0
tmdb_502,786,6.0
tmdb_502,804,6.0
tmdb_502,858,8.0
tmdb_502,869,6.0
tmdb_502,1049,6.0
tmdb_502,1051,8.0
tmdb_502,1059,8.0
tmdb_502,1073,6.0
tmdb_502,1089,10.0
tmdb_502,1213,8.0
tmdb_502,1245,10.0
tmdb_502,1247,10.0
tmdb_502,1249,8.0
tmdb_502,1266,6.0
tmdb_502,1285,8.0
tmdb_502,1391,10.0
tmdb_502,1393,6.0
tmdb_502,1394,10.0
tmdb_502,1405,6.0
tmdb_502,1411,10.0
tmdb_502,1429,6.0
tmdb_502,1497,4.0
tmdb_502,1541,10.0
tmdb_502,1544,6.0
tmdb_502,1552,6.0
tmdb_502,1562,6.0
tmdb_502,1573,10.0
tmdb_502,1580,8.0
tmdb_502,1584,10.0
tmdb_502,1639,10.0
tmdb_503,260,8.0
tmdb_503,480,8.0
tmdb_503,527,8.0
tmdb_503,593,8.0
tmdb_503,858,8.0
tmdb_503,912,8.0
tmdb_503,953,7.0
tmdb_503,1089,8.0
tmdb_503,4973,8.0
tmdb_503,4993,6.0
tmdb_503,58559,8.0
tmdb_504,1875,6.0
tmdb_504,1878,6.0
tmdb_504,1882,6.0
tmdb_504,1883,2.0
tmdb_504,1885,6.0
tmdb_504,1887,6.0
tmdb_504,1892,8.0
tmdb_504,1907,2.0
tmdb_504,1909,4.0
tmdb_504,1917,6.0
tmdb_504,1918,8.0
tmdb_504,1923,8.0
tmdb_504,2006,2.0
tmdb_504,2028,6.0
tmdb_504,2058,10.0
tmdb_504,2125,2.0
tmdb_504,2153,6.0
tmdb_504,2155,8.0
tmdb_504,2169,8.0
tmdb_505,3,6.0
tmdb_505,110,5.0
tmdb_505,111,6.0
tmdb_505,141,6.0
tmdb_505,215,7.0
tmdb_505,224,6.0
tmdb_505,260,8.0
tmdb_505,261,6.0
tmdb_505,266,6.0
tmdb_505,296,6.0
tmdb_505,318,7.0
tmdb_505,337,6.0
tmdb_505,339,6.0
tmdb_505,348,7.0
tmdb_505,364,5.0
tmdb_505,380,6.0
tmdb_505,457,6.0
tmdb_505,480,6.0
tmdb_505,492,6.0
tmdb_505,509,6.0
tmdb_505,527,8.0
tmdb_505,539,7.0
tmdb_505,587,6.0
tmdb_505,590,6.0
tmdb_505,593,6.0
tmdb_505,594,7.0
tmdb_505,596,6.0
tmdb_505,597,7.0
tmdb_505,608,6.0
tmdb_505,707,6.0
tmdb_505,750,7.0
tmdb_505,898,7.0
tmdb_505,899,7.0
tmdb_505,900,7.0
tmdb_505,903,7.0
tmdb_505,905,8.0
tmdb_505,909,6.0
tmdb_505,910,7.0
tmdb_505,911,8.0
tmdb_505,912,9.0
tmdb_505,913,6.0
tmdb_505,914,6.0
tmdb_505,918,6.0
tmdb_505,919,7.0
tmdb_505,920,6.0
tmdb_505,921,6.0
tmdb_505,922,8.0
tmdb_505,923,7.0
tmdb_505,924,6.0
tmdb_505,926,7.0
tmdb_505,928,6.0
tmdb_505,932,6.0
tmdb_505,942,7.0
tmdb_505,947,6.0
tmdb_505,949,7.0
tmdb_505,953,8.0
tmdb_505,954,8.0
tmdb_505,955,6.0
tmdb_505,965,6.0
tmdb_505,994,7.0
tmdb_505,1088,8.0
tmdb_505,1090,6.0
tmdb_505,1092,6.0
tmdb_505,1093,6.0
tmdb_505,1124,7.0
tmdb_505,1244,8.0
tmdb_505,1245,6.0
tmdb_505,1246,7.0
tmdb_505,1247,7.0
tmdb_505,1250,6.0
tmdb_505,1252,8.0
tmdb_505,1253,7.0
tmdb_505,1254,6.0
tmdb_505,1259,7.0
tmdb_505,1262,7.0
tmdb_505,1265,6.0
tmdb_505,1267,6.0
tmdb_505,1269,4.0
tmdb_505,1272,6.0
tmdb_505,1278,7.0
tmdb_505,1281,8.0
tmdb_505,1282,6.0
tmdb_505,1284,9.0
tmdb_505,1374,7.0
tmdb_505,1380,7.0
tmdb_505,1387,8.0
tmdb_505,1580,6.0
tmdb_505,1584,6.0
tmdb_505,1597,6.0
tmdb_505,1608,6.0
tmdb_505,1619,5.0
tmdb_505,1721,6.0
tmdb_505,1732,4.0
tmdb_505,1894,6.0
tmdb_505,1934,8.0
tmdb_505,1939,6.0
tmdb_505,1944,7.0
tmdb_505,1945,7.0
tmdb_505,1947,6.0
tmdb_505,1950,7.0
tmdb_505,1954,6.0
tmdb_505,1955,6.0
tmdb_505,1958,6.0
tmdb_505,1959,8.0
tmdb_505,1961,6.0
tmdb_505,1968,7.0
tmdb_505,1994,6.0
tmdb_505,2012,6.0
tmdb_505,2020,6.0
tmdb_505,2028,7.0
tmdb_505,2100,6.0
tmdb_505,2108,6.0
tmdb_505,2109,6.0
tmdb_505,2115,5.0
tmdb_505,2144,7.0
tmdb_505,2160,6.0
tmdb_505,2268,6.0
tmdb_505,2288,6.0
tmdb_505,2300,4.0
tmdb_505,2312,6.0
tmdb_505,2355,6.0
tmdb_505,2565,6.0
tmdb_505,2640,6.0
tmdb_505,2657,7.0
tmdb_505,2662,5.0
tmdb_505,2671,6.0
tmdb_505,2750,7.0
tmdb_505,2762,6.0
tmdb_505,2791,7.0
tmdb_505,2973,7.0
tmdb_505,2993,5.0
tmdb_505,3022,7.0
tmdb_505,3035,8.0
tmdb_505,3061,7.0
tmdb_505,3089,6.0
tmdb_505,3093,5.0
tmdb_505,3101,6.0
tmdb_505,3160,6.0
tmdb_505,3176,8.0
tmdb_505,3418,6.0
tmdb_505,3529,7.0
tmdb_505,3635,7.0
tmdb_505,4326,8.0
tmdb_505,4327,6.0
tmdb_505,4798,6.0
tmdb_505,4857,6.0
tmdb_505,4995,7.0
tmdb_505,5060,6.0
tmdb_505,5876,6.0
tmdb_505,5991,6.0
tmdb_505,5995,7.0
tmdb_505,6373,6.0
tmdb_505,6440,6.0
tmdb_505,7216,5.0
tmdb_505,8916,7.0
tmdb_505,8961,7.0
tmdb_505,8966,8.0
tmdb_505,8970,8.0
tmdb_505,25771,4.0
tmdb_505,30793,6.0
tmdb_506,2,6.0
tmdb_506,19,6.0
tmdb_506,141,6.0
tmdb_506,296,6.0
tmdb_506,344,8.0
tmdb_506,364,6.0
tmdb_506,480,6.0
tmdb_506,648,6.0
tmdb_506,661,8.0
tmdb_506,673,4.0
tmdb_506,780,6.0
tmdb_506,784,6.0
tmdb_506,788,6.0
tmdb_506,858,8.0
tmdb_506,1059,8.0
tmdb_506,1073,6.0
tmdb_506,1391,10.0
tmdb_507,3,4.0
tmdb_507,18,8.0
tmdb_507,62,8.0
tmdb_507,95,6.0
tmdb_507,100,4.0
tmdb_507,112,8.0
tmdb_507,141,6.0
tmdb_507,260,10.0
tmdb_507,494,4.0
tmdb_507,608,6.0
tmdb_507,648,8.0
tmdb_507,653,6.0
tmdb_507,671,10.0
tmdb_507,673,10.0
tmdb_507,694,6.0
tmdb_507,745,10.0
tmdb_507,778,6.0
tmdb_507,780,8.0
tmdb_507,783,8.0
tmdb_507,786,4.0
tmdb_507,802,6.0
tmdb_507,832,8.0
tmdb_507,849,4.0
tmdb_507,880,6.0
tmdb_507,1073,6.0
tmdb_507,1391,4.0
tmdb_508,11,6.0
tmdb_508,21,10.0
tmdb_508,141,8.0
tmdb_508,150,10.0
tmdb_508,161,8.0
tmdb_508,185,6.0
tmdb_508,252,6.0
tmdb_508,261,6.0
tmdb_508,288,8.0
tmdb_508,296,10.0
tmdb_508,300,10.0
tmdb_508,316,8.0
tmdb_508,318,10.0
tmdb_508,339,8.0
tmdb_508,342,6.0
tmdb_508,350,6.0
tmdb_508,377,8.0
tmdb_508,380,8.0
tmdb_508,440,8.0
tmdb_508,455,6.0
tmdb_508,457,10.0
tmdb_508,480,6.0
tmdb_508,500,8.0
tmdb_508,508,10.0
tmdb_508,527,10.0
tmdb_508,539,8.0
tmdb_508,586,6.0
tmdb_508,587,6.0
tmdb_508,590,6.0
tmdb_508,592,6.0
tmdb_508,593,10.0
tmdb_508,594,6.0
tmdb_508,595,6.0
tmdb_508,597,4.0
tmdb_508,780,8.0
tmdb_508,802,8.0
tmdb_509,3,4.0
tmdb_509,6,6.0
tmdb_509,11,6.0
tmdb_509,14,6.0
tmdb_509,16,8.0
tmdb_509,17,8.0
tmdb_509,21,8.0
tmdb_509,25,8.0
tmdb_509,28,8.0
tmdb_509,30,6.0
tmdb_509,58,6.0
tmdb_509,62,6.0
tmdb_509,64,4.0
tmdb_509,68,8.0
tmdb_509,69,7.0
tmdb_509,70,2.0
tmdb_509,81,6.0
tmdb_509,101,9.0
tmdb_509,104,4.0
tmdb_509,110,10.0
tmdb_509,111,10.0
tmdb_509,118,6.0
tmdb_509,140,4.0
tmdb_509,144,8.0
tmdb_509,147,6.0
tmdb_509,150,6.0
tmdb_509,154,8.0
tmdb_509,159,6.0
tmdb_509,162,9.0
tmdb_509,166,2.0
tmdb_509,175,6.0
tmdb_509,176,6.0
tmdb_509,180,4.0
tmdb_509,194,8.0
tmdb_509,213,8.0
tmdb_509,214,8.0
tmdb_509,215,9.0
tmdb_509,223,8.0
tmdb_509,224,6.0
tmdb_509,231,6.0
tmdb_509,232,6.0
tmdb_509,233,9.0
tmdb_509,235,10.0
tmdb_509,237,6.0
tmdb_509,246,7.0
tmdb_509,249,8.0
tmdb_509,253,6.0
tmdb_509,260,10.0
tmdb_509,265,6.0
tmdb_509,266,8.0
tmdb_509,272,9.0
tmdb_509,273,6.0
tmdb_509,281,10.0
tmdb_509,288,5.0
tmdb_509,290,8.0
tmdb_509,293,6.0
tmdb_509,296,10.0
tmdb_509,299,6.0
tmdb_509,300,8.0
tmdb_509,303,6.0
tmdb_509,306,8.0
tmdb_509,307,8.0
tmdb_509,308,8.0
tmdb_509,318,8.0
tmdb_509,326,6.0
tmdb_509,334,8.0
tmdb_509,337,9.0
tmdb_509,344,4.0
tmdb_509,345,2.0
tmdb_509,348,9.0
tmdb_509,349,6.0
tmdb_509,364,7.0
tmdb_509,377,2.0
tmdb_509,380,4.0
tmdb_509,383,6.0
tmdb_509,388,8.0
tmdb_509,431,6.0
tmdb_509,434,4.0
tmdb_509,441,8.0
tmdb_509,453,4.0
tmdb_509,454,6.0
tmdb_509,457,8.0
tmdb_509,458,6.0
tmdb_509,475,8.0
tmdb_509,480,6.0
tmdb_509,492,8.0
tmdb_509,493,6.0
tmdb_509,496,6.0
tmdb_509,497,6.0
tmdb_509,500,6.0
tmdb_509,501,8.0
tmdb_509,506,4.0
tmdb_509,507,8.0
tmdb_509,508,6.0
tmdb_509,509,6.0
tmdb_509,527,10.0
tmdb_509,534,8.0
tmdb_509,535,10.0
tmdb_509,539,6.0
tmdb_509,541,8.0
tmdb_509,551,6.0
tmdb_509,553,8.0
tmdb_509,562,6.0
tmdb_509,567,6.0
tmdb_509,574,4.0
tmdb_509,586,6.0
tmdb_509,587,4.0
tmdb_509,588,7.0
tmdb_509,590,10.0
tmdb_509,592,4.0
tmdb_509,593,8.0
tmdb_509,594,7.0
tmdb_509,595,6.0
tmdb_509,597,4.0
tmdb_509,605,4.0
tmdb_509,608,9.0
tmdb_509,627,6.0
tmdb_509,639,6.0
tmdb_509,674,4.0
tmdb_509,678,8.0
tmdb_509,714,4.0
tmdb_509,745,8.0
tmdb_509,750,8.0
tmdb_509,762,2.0
tmdb_509,778,8.0
tmdb_509,780,4.0
tmdb_509,800,8.0
tmdb_509,802,4.0
tmdb_509,806,6.0
tmdb_509,830,4.0
tmdb_509,850,6.0
tmdb_509,851,6.0
tmdb_509,858,10.0
tmdb_509,864,8.0
tmdb_509,866,6.0
tmdb_509,869,6.0
tmdb_509,889,8.0
tmdb_509,899,6.0
tmdb_509,902,7.0
tmdb_509,909,8.0
tmdb_509,910,6.0
tmdb_509,912,10.0
tmdb_509,919,8.0
tmdb_509,923,10.0
tmdb_509,924,8.0
tmdb_509,949,4.0
tmdb_509,987,6.0
tmdb_509,991,8.0
tmdb_509,994,10.0
tmdb_509,1049,6.0
tmdb_509,1050,6.0
tmdb_509,1051,6.0
tmdb_509,1059,6.0
tmdb_509,1073,6.0
tmdb_509,1088,4.0
tmdb_509,1089,10.0
tmdb_509,1090,8.0
tmdb_509,1091,8.0
tmdb_509,1103,8.0
tmdb_509,1114,6.0
tmdb_509,1125,8.0
tmdb_509,1213,10.0
tmdb_509,1244,9.0
tmdb_509,1245,10.0
tmdb_509,1246,8.0
tmdb_509,1247,9.0
tmdb_509,1249,8.0
tmdb_509,1250,8.0
tmdb_509,1251,7.0
tmdb_509,1252,8.0
tmdb_509,1257,6.0
tmdb_509,1259,8.0
tmdb_509,1265,4.0
tmdb_509,1266,6.0
tmdb_509,1267,8.0
tmdb_509,1271,6.0
tmdb_509,1272,8.0
tmdb_509,1273,6.0
tmdb_509,1278,8.0
tmdb_509,1281,8.0
tmdb_509,1285,4.0
tmdb_509,1358,9.0
tmdb_509,1365,8.0
tmdb_509,1366,6.0
tmdb_509,1371,6.0
tmdb_509,1374,6.0
tmdb_509,1375,6.0
tmdb_509,1377,4.0
tmdb_509,1378,6.0
tmdb_509,1379,5.0
tmdb_509,1380,6.0
tmdb_509,1393,8.0
tmdb_509,1394,8.0
tmdb_509,1396,8.0
tmdb_509,1405,5.0
tmdb_509,1408,6.0
tmdb_509,1413,8.0
tmdb_509,1414,6.0
tmdb_509,1419,6.0
tmdb_509,1441,6.0
tmdb_509,1479,4.0
tmdb_509,1499,4.0
tmdb_509,1562,4.0
tmdb_509,1580,4.0
tmdb_509,1581,2.0
tmdb_509,1584,8.0
tmdb_509,1587,4.0
tmdb_509,1594,6.0
tmdb_509,1610,8.0
tmdb_509,1619,8.0
tmdb_509,1620,6.0
tmdb_509,1627,6.0
tmdb_509,1631,6.0
tmdb_509,1635,8.0
tmdb_509,1639,8.0
tmdb_509,1641,8.0
tmdb_509,1643,8.0
tmdb_509,1644,4.0
tmdb_509,1645,6.0
tmdb_509,1648,6.0
tmdb_509,1649,8.0
tmdb_509,1653,6.0
tmdb_509,1660,6.0
tmdb_509,1667,6.0
tmdb_509,1672,6.0
tmdb_509,1673,8.0
tmdb_509,1678,6.0
tmdb_509,1680,8.0
tmdb_509,1682,6.0
tmdb_509,1694,8.0
tmdb_509,1701,10.0
tmdb_509,1719,8.0
tmdb_509,1721,4.0
tmdb_509,1729,9.0
tmdb_509,1730,6.0
tmdb_509,1732,10.0
tmdb_509,1788,8.0
tmdb_509,1810,6.0
tmdb_509,1824,6.0
tmdb_509,1834,8.0
tmdb_509,1836,6.0
tmdb_509,1840,4.0
tmdb_509,1845,8.0
tmdb_509,1863,4.0
tmdb_509,1865,8.0
tmdb_509,1883,6.0
tmdb_509,1884,6.0
tmdb_509,1885,8.0
tmdb_509,1904,8.0
tmdb_509,1913,4.0
tmdb_509,1914,6.0
tmdb_509,1921,8.0
tmdb_509,1923,6.0
tmdb_509,1945,8.0
tmdb_509,1954,10.0
tmdb_509,1955,8.0
tmdb_509,1957,10.0
tmdb_509,1959,6.0
tmdb_509,1961,8.0
tmdb_509,1963,8.0
tmdb_509,1964,8.0
tmdb_509,1967,4.0
tmdb_509,1968,8.0
tmdb_509,1991,6.0
tmdb_509,1992,2.0
tmdb_509,1993,2.0
tmdb_509,1997,8.0
tmdb_509,2000,6.0
tmdb_509,2003,2.0
tmdb_509,2010,7.0
tmdb_509,2011,4.0
tmdb_509,2019,8.0
tmdb_509,2020,8.0
tmdb_509,2022,8.0
tmdb_509,2023,6.0
tmdb_509,2028,6.0
tmdb_509,2054,4.0
tmdb_509,2064,10.0
tmdb_509,2088,4.0
tmdb_509,2099,8.0
tmdb_509,2100,4.0
tmdb_509,2105,6.0
tmdb_509,2108,6.0
tmdb_509,2109,6.0
tmdb_509,2114,6.0
tmdb_509,2115,8.0
tmdb_509,2133,2.0
tmdb_509,2134,4.0
tmdb_509,2144,6.0
tmdb_509,2154,4.0
tmdb_509,2155,8.0
tmdb_509,2160,6.0
tmdb_509,2161,4.0
tmdb_509,2165,8.0
tmdb_509,2193,4.0
tmdb_509,2253,4.0
tmdb_509,2264,6.0
tmdb_509,2268,8.0
tmdb_509,2280,6.0
tmdb_509,2289,10.0
tmdb_509,2291,8.0
tmdb_509,2302,6.0
tmdb_509,2323,4.0
tmdb_509,2324,6.0
tmdb_509,2348,8.0
tmdb_509,2359,6.0
tmdb_509,2363,6.0
tmdb_509,2371,8.0
tmdb_509,2395,9.0
tmdb_509,2440,6.0
tmdb_509,2441,6.0
tmdb_509,2459,6.0
tmdb_509,2463,6.0
tmdb_509,2470,6.0
tmdb_509,2501,8.0
tmdb_509,2502,4.0
tmdb_509,2539,6.0
tmdb_509,2567,6.0
tmdb_509,2577,6.0
tmdb_509,2594,8.0
tmdb_509,2610,6.0
tmdb_509,2620,8.0
tmdb_509,2640,6.0
tmdb_509,2642,4.0
tmdb_509,2657,4.0
tmdb_509,2662,6.0
tmdb_509,2699,2.0
tmdb_509,2728,6.0
tmdb_509,2731,8.0
tmdb_509,2734,6.0
tmdb_509,2762,8.0
tmdb_509,2769,4.0
tmdb_509,2770,4.0
tmdb_509,2791,8.0
tmdb_509,2891,4.0
tmdb_509,2912,8.0
tmdb_509,2929,8.0
tmdb_509,2959,8.0
tmdb_509,2973,8.0
tmdb_509,3007,10.0
tmdb_509,3033,4.0
tmdb_509,3037,8.0
tmdb_509,3052,8.0
tmdb_509,3072,8.0
tmdb_509,3082,4.0
tmdb_509,3083,8.0
tmdb_509,3087,6.0
tmdb_509,3089,10.0
tmdb_509,3104,10.0
tmdb_509,3160,8.0
tmdb_509,3173,4.0
tmdb_509,3175,7.0
tmdb_509,3177,6.0
tmdb_509,3179,8.0
tmdb_509,3396,8.0
tmdb_509,3476,9.0
tmdb_509,3489,4.0
tmdb_509,3526,8.0
tmdb_509,3543,8.0
tmdb_509,3683,8.0
tmdb_509,3686,6.0
tmdb_509,3699,6.0
tmdb_509,3763,6.0
tmdb_509,3980,6.0
tmdb_509,4011,9.0
tmdb_509,4025,2.0
tmdb_509,4031,4.0
tmdb_509,4034,10.0
tmdb_509,4226,10.0
tmdb_509,4234,6.0
tmdb_509,4235,10.0
tmdb_509,4267,6.0
tmdb_509,4369,2.0
tmdb_509,4499,7.0
tmdb_509,4641,8.0
tmdb_509,4701,6.0
tmdb_509,4734,4.0
tmdb_509,4823,4.0
tmdb_509,4886,9.0
tmdb_509,4889,8.0
tmdb_509,4896,6.0
tmdb_509,4961,6.0
tmdb_509,4973,8.0
tmdb_509,4975,6.0
tmdb_509,4977,6.0
tmdb_509,4993,9.0
tmdb_509,4995,6.0
tmdb_509,5060,6.0
tmdb_509,5072,8.0
tmdb_509,5147,8.0
tmdb_509,5483,7.0
tmdb_509,5528,6.0
tmdb_509,5680,7.0
tmdb_509,5820,8.0
tmdb_509,5876,8.0
tmdb_509,5902,8.0
tmdb_509,5955,6.0
tmdb_509,5956,7.0
tmdb_509,5991,5.0
tmdb_509,5995,7.0
tmdb_509,6003,8.0
tmdb_509,6016,9.0
tmdb_509,6279,8.0
tmdb_509,6440,10.0
tmdb_509,6537,3.0
tmdb_509,6538,8.0
tmdb_509,6552,10.0
tmdb_509,6620,7.0
tmdb_509,6934,8.0
tmdb_509,6947,8.0
tmdb_509,6957,6.0
tmdb_509,7445,6.0
tmdb_509,8366,6.0
tmdb_509,8373,2.0
tmdb_509,8464,6.0
tmdb_509,8645,8.0
tmdb_509,8873,8.0
tmdb_509,8874,4.0
tmdb_509,8927,6.0
tmdb_509,8961,9.0
tmdb_509,30707,8.0
tmdb_509,33660,7.0
tmdb_510,17,8.0
tmdb_510,21,8.0
tmdb_510,25,2.0
tmdb_510,58,8.0
tmdb_510,97,6.0
tmdb_510,232,8.0
tmdb_510,246,8.0
tmdb_510,260,4.0
tmdb_510,265,8.0
tmdb_510,281,6.0
tmdb_510,290,6.0
tmdb_510,296,8.0
tmdb_510,318,8.0
tmdb_510,433,2.0
tmdb_510,482,2.0
tmdb_510,483,10.0
tmdb_510,488,8.0
tmdb_510,509,10.0
tmdb_510,522,2.0
tmdb_510,527,4.0
tmdb_510,531,8.0
tmdb_510,541,2.0
tmdb_510,593,10.0
tmdb_510,608,8.0
tmdb_510,647,6.0
tmdb_510,696,6.0
tmdb_510,714,2.0
tmdb_510,750,10.0
tmdb_510,753,6.0
tmdb_510,845,10.0
tmdb_510,912,10.0
tmdb_510,921,8.0
tmdb_510,940,2.0
tmdb_510,1040,8.0
tmdb_510,1089,10.0
tmdb_510,1092,2.0
tmdb_510,1163,4.0
tmdb_510,1213,6.0
tmdb_510,1244,10.0
tmdb_510,1247,10.0
tmdb_510,1265,8.0
tmdb_510,1266,2.0
tmdb_510,1280,10.0
tmdb_510,1283,8.0
tmdb_510,1393,2.0
tmdb_510,1610,4.0
tmdb_510,1641,8.0
tmdb_510,1643,8.0
tmdb_510,1673,8.0
tmdb_510,1689,6.0
tmdb_510,1701,6.0
tmdb_510,1721,2.0
tmdb_510,1729,6.0
tmdb_510,1834,10.0
tmdb_510,1875,2.0
tmdb_510,1885,8.0
tmdb_510,1923,6.0
tmdb_510,1958,6.0
tmdb_510,1961,6.0
tmdb_510,1963,10.0
tmdb_510,1965,8.0
tmdb_510,2028,4.0
tmdb_510,2108,8.0
tmdb_510,2112,4.0
tmdb_510,2300,8.0
tmdb_510,2313,4.0
tmdb_510,2359,10.0
tmdb_510,2433,4.0
tmdb_510,2671,4.0
tmdb_510,2750,8.0
tmdb_510,2753,2.0
tmdb_510,2762,6.0
tmdb_510,2973,8.0
tmdb_510,3034,2.0
tmdb_510,3036,4.0
tmdb_510,3090,6.0
tmdb_510,3114,2.0
tmdb_510,3125,8.0
tmdb_510,3418,6.0
tmdb_511,11,8.0
tmdb_511,16,10.0
tmdb_511,21,10.0
tmdb_511,25,8.0
tmdb_511,58,10.0
tmdb_511,100,10.0
tmdb_511,111,10.0
tmdb_511,150,8.0
tmdb_511,193,2.0
tmdb_511,223,8.0
tmdb_511,231,6.0
tmdb_511,235,6.0
tmdb_511,237,8.0
tmdb_511,246,10.0
tmdb_511,280,10.0
tmdb_511,288,6.0
tmdb_511,293,8.0
tmdb_511,296,10.0
tmdb_511,300,10.0
tmdb_511,318,10.0
tmdb_511,337,8.0
tmdb_511,342,10.0
tmdb_511,590,10.0
tmdb_511,608,10.0
tmdb_512,318,10.0
tmdb_512,2028,7.0
tmdb_512,2115,8.0
tmdb_512,5064,10.0
tmdb_512,74458,10.0
tmdb_513,110,10.0
tmdb_513,150,6.0
tmdb_513,161,10.0
tmdb_513,231,6.0
tmdb_513,292,6.0
tmdb_513,296,10.0
tmdb_513,318,10.0
tmdb_513,339,6.0
tmdb_513,344,6.0
tmdb_513,349,8.0
tmdb_513,380,6.0
tmdb_513,434,6.0
tmdb_513,457,6.0
tmdb_513,480,8.0
tmdb_513,527,10.0
tmdb_513,590,6.0
tmdb_513,592,6.0
tmdb_513,593,10.0
tmdb_513,595,8.0
tmdb_514,3,2.0
tmdb_514,5,2.0
tmdb_514,14,6.0
tmdb_514,17,6.0
tmdb_514,21,6.0
tmdb_514,24,2.0
tmdb_514,25,10.0
tmdb_514,35,6.0
tmdb_514,38,2.0
tmdb_514,62,6.0
tmdb_514,69,6.0
tmdb_514,78,8.0
tmdb_514,83,6.0
tmdb_514,85,6.0
tmdb_514,107,4.0
tmdb_514,110,6.0
tmdb_514,111,10.0
tmdb_514,112,6.0
tmdb_514,117,8.0
tmdb_514,144,6.0
tmdb_514,147,8.0
tmdb_514,150,8.0
tmdb_514,153,6.0
tmdb_514,156,8.0
tmdb_514,159,8.0
tmdb_514,162,10.0
tmdb_514,163,6.0
tmdb_514,172,4.0
tmdb_514,175,10.0
tmdb_514,176,10.0
tmdb_514,180,6.0
tmdb_514,194,8.0
tmdb_514,198,6.0
tmdb_514,222,6.0
tmdb_514,223,10.0
tmdb_514,227,2.0
tmdb_514,229,6.0
tmdb_514,231,4.0
tmdb_514,232,6.0
tmdb_514,233,10.0
tmdb_514,235,6.0
tmdb_514,236,2.0
tmdb_514,247,10.0
tmdb_514,249,8.0
tmdb_514,252,4.0
tmdb_514,253,8.0
tmdb_514,260,10.0
tmdb_514,265,8.0
tmdb_514,266,6.0
tmdb_514,272,10.0
tmdb_514,273,4.0
tmdb_514,288,10.0
tmdb_514,290,6.0
tmdb_514,292,6.0
tmdb_514,293,8.0
tmdb_514,296,10.0
tmdb_514,299,8.0
tmdb_514,300,6.0
tmdb_514,302,6.0
tmdb_514,314,8.0
tmdb_514,316,6.0
tmdb_514,317,6.0
tmdb_514,318,10.0
tmdb_514,319,10.0
tmdb_514,320,6.0
tmdb_514,321,6.0
tmdb_514,322,8.0
tmdb_514,327,6.0
tmdb_514,329,4.0
tmdb_514,330,6.0
tmdb_514,331,6.0
tmdb_514,337,8.0
tmdb_514,342,8.0
tmdb_514,344,6.0
tmdb_514,345,6.0
tmdb_514,350,8.0
tmdb_514,364,4.0
tmdb_514,377,6.0
tmdb_514,380,6.0
tmdb_514,407,6.0
tmdb_514,410,6.0
tmdb_514,415,2.0
tmdb_514,426,8.0
tmdb_514,427,2.0
tmdb_514,433,6.0
tmdb_514,435,6.0
tmdb_514,441,6.0
tmdb_514,442,4.0
tmdb_514,452,6.0
tmdb_514,454,6.0
tmdb_514,457,8.0
tmdb_514,469,6.0
tmdb_514,470,4.0
tmdb_514,480,8.0
tmdb_514,481,6.0
tmdb_514,490,6.0
tmdb_514,493,8.0
tmdb_514,494,2.0
tmdb_514,497,6.0
tmdb_514,500,6.0
tmdb_514,505,6.0
tmdb_514,506,8.0
tmdb_514,507,8.0
tmdb_514,509,10.0
tmdb_514,510,4.0
tmdb_514,531,6.0
tmdb_514,532,4.0
tmdb_514,535,8.0
tmdb_514,537,2.0
tmdb_514,539,6.0
tmdb_514,541,10.0
tmdb_514,542,2.0
tmdb_514,543,6.0
tmdb_514,548,2.0
tmdb_514,551,6.0
tmdb_514,558,2.0
tmdb_514,562,10.0
tmdb_514,574,8.0
tmdb_514,585,6.0
tmdb_514,586,6.0
tmdb_514,587,6.0
tmdb_514,588,8.0
tmdb_514,590,8.0
tmdb_514,592,8.0
tmdb_514,593,8.0
tmdb_514,594,8.0
tmdb_514,595,6.0
tmdb_514,596,8.0
tmdb_514,597,6.0
tmdb_514,606,6.0
tmdb_514,608,10.0
tmdb_514,613,8.0
tmdb_514,616,6.0
tmdb_514,648,6.0
tmdb_514,653,8.0
tmdb_514,661,8.0
tmdb_514,707,4.0
tmdb_514,708,4.0
tmdb_514,745,8.0
tmdb_514,750,10.0
tmdb_514,753,8.0
tmdb_514,762,2.0
tmdb_514,766,10.0
tmdb_514,778,10.0
tmdb_514,780,6.0
tmdb_514,784,4.0
tmdb_514,799,6.0
tmdb_514,800,10.0
tmdb_514,802,4.0
tmdb_514,805,6.0
tmdb_514,838,6.0
tmdb_514,851,8.0
tmdb_514,880,2.0
tmdb_514,902,8.0
tmdb_514,909,10.0
tmdb_514,910,8.0
tmdb_514,919,8.0
tmdb_514,921,6.0
tmdb_514,923,10.0
tmdb_514,924,10.0
tmdb_514,953,8.0
tmdb_514,955,8.0
tmdb_514,965,8.0
tmdb_514,1059,6.0
tmdb_514,1073,8.0
tmdb_514,1088,6.0
tmdb_514,1089,8.0
tmdb_514,1090,8.0
tmdb_514,1091,6.0
tmdb_514,1092,8.0
tmdb_514,1093,8.0
tmdb_514,1103,8.0
tmdb_514,1124,8.0
tmdb_514,1125,6.0
tmdb_514,1126,6.0
tmdb_514,1127,6.0
tmdb_514,1213,10.0
tmdb_514,1245,8.0
tmdb_514,1246,8.0
tmdb_514,1249,8.0
tmdb_514,1250,10.0
tmdb_514,1252,8.0
tmdb_514,1257,8.0
tmdb_514,1259,8.0
tmdb_514,1265,8.0
tmdb_514,1268,6.0
tmdb_514,1269,8.0
tmdb_514,1271,8.0
tmdb_514,1272,10.0
tmdb_514,1277,8.0
tmdb_514,1279,6.0
tmdb_514,1280,8.0
tmdb_514,1282,8.0
tmdb_514,1285,8.0
tmdb_514,1366,8.0
tmdb_514,1370,6.0
tmdb_514,1371,8.0
tmdb_514,1372,4.0
tmdb_514,1373,4.0
tmdb_514,1374,8.0
tmdb_514,1375,6.0
tmdb_514,1376,4.0
tmdb_514,1377,8.0
tmdb_514,1380,6.0
tmdb_514,1381,2.0
tmdb_514,1387,10.0
tmdb_514,1389,4.0
tmdb_514,1394,8.0
tmdb_514,1396,6.0
tmdb_514,1441,4.0
tmdb_514,2019,8.0
tmdb_514,5060,10.0
tmdb_515,169,10.0
tmdb_515,273,5.0
tmdb_515,1566,7.0
tmdb_515,2080,7.0
tmdb_515,4886,10.0
tmdb_515,4995,9.0
tmdb_515,8827,10.0
tmdb_515,30707,10.0
tmdb_515,58559,8.0
tmdb_516,3,6.0
tmdb_516,5,6.0
tmdb_516,6,8.0
tmdb_516,12,6.0
tmdb_516,13,6.0
tmdb_516,19,6.0
tmdb_516,21,10.0
tmdb_516,22,10.0
tmdb_516,25,10.0
tmdb_516,30,8.0
tmdb_516,64,6.0
tmdb_516,74,6.0
tmdb_516,79,6.0
tmdb_516,95,8.0
tmdb_516,110,8.0
tmdb_516,112,6.0
tmdb_516,132,6.0
tmdb_516,135,8.0
tmdb_516,140,8.0
tmdb_516,145,6.0
tmdb_516,153,4.0
tmdb_516,154,8.0
tmdb_516,155,8.0
tmdb_516,161,8.0
tmdb_516,163,6.0
tmdb_516,165,8.0
tmdb_516,168,6.0
tmdb_516,173,6.0
tmdb_516,177,6.0
tmdb_516,185,6.0
tmdb_516,186,6.0
tmdb_516,193,6.0
tmdb_516,195,6.0
tmdb_516,196,8.0
tmdb_516,203,8.0
tmdb_516,204,6.0
tmdb_516,218,8.0
tmdb_516,225,8.0
tmdb_516,231,6.0
tmdb_516,232,8.0
tmdb_516,236,6.0
tmdb_516,237,6.0
tmdb_516,247,6.0
tmdb_516,249,6.0
tmdb_516,251,6.0
tmdb_516,253,8.0
tmdb_516,256,6.0
tmdb_516,266,6.0
tmdb_516,267,6.0
tmdb_516,273,6.0
tmdb_516,278,6.0
tmdb_516,292,8.0
tmdb_516,293,8.0
tmdb_516,296,10.0
tmdb_516,303,6.0
tmdb_516,315,6.0
tmdb_516,316,6.0
tmdb_516,317,6.0
tmdb_516,318,10.0
tmdb_516,319,6.0
tmdb_516,326,8.0
tmdb_516,329,6.0
tmdb_516,337,10.0
tmdb_516,338,6.0
tmdb_516,339,6.0
tmdb_516,344,8.0
tmdb_516,349,8.0
tmdb_516,364,6.0
tmdb_516,377,6.0
tmdb_516,380,6.0
tmdb_516,433,6.0
tmdb_516,442,6.0
tmdb_516,455,6.0
tmdb_516,460,6.0
tmdb_516,464,6.0
tmdb_516,466,6.0
tmdb_516,468,6.0
tmdb_516,480,6.0
tmdb_516,494,8.0
tmdb_516,508,10.0
tmdb_516,521,6.0
tmdb_516,527,10.0
tmdb_516,539,8.0
tmdb_516,543,6.0
tmdb_516,548,6.0
tmdb_516,552,6.0
tmdb_516,586,6.0
tmdb_516,587,8.0
tmdb_516,588,6.0
tmdb_516,590,8.0
tmdb_516,592,6.0
tmdb_516,593,10.0
tmdb_516,595,8.0
tmdb_516,597,8.0
tmdb_516,640,8.0
tmdb_516,648,6.0
tmdb_516,786,8.0
tmdb_516,836,6.0
tmdb_516,861,6.0
tmdb_516,1088,6.0
tmdb_516,1090,8.0
tmdb_516,1092,6.0
tmdb_516,1124,8.0
tmdb_517,2,10.0
tmdb_517,11,10.0
tmdb_517,17,10.0
tmdb_517,19,6.0
tmdb_517,95,8.0
tmdb_517,110,10.0
tmdb_517,153,6.0
tmdb_517,160,2.0
tmdb_517,165,8.0
tmdb_517,173,8.0
tmdb_517,185,10.0
tmdb_517,186,10.0
tmdb_517,231,6.0
tmdb_517,236,10.0
tmdb_517,253,8.0
tmdb_517,266,10.0
tmdb_517,316,8.0
tmdb_517,317,10.0
tmdb_517,329,6.0
tmdb_517,344,8.0
tmdb_517,377,10.0
tmdb_517,380,8.0
tmdb_517,434,10.0
tmdb_517,480,8.0
tmdb_517,500,10.0
tmdb_517,527,10.0
tmdb_517,539,8.0
tmdb_517,587,10.0
tmdb_517,588,10.0
tmdb_517,590,10.0
tmdb_517,592,6.0
tmdb_517,595,10.0
tmdb_517,597,8.0
tmdb_518,2,8.0
tmdb_518,5,6.0
tmdb_518,11,10.0
tmdb_518,13,10.0
tmdb_518,17,10.0
tmdb_518,19,6.0
tmdb_518,21,2.0
tmdb_518,22,8.0
tmdb_518,24,6.0
tmdb_518,64,4.0
tmdb_518,65,6.0
tmdb_518,74,6.0
tmdb_518,87,6.0
tmdb_518,88,6.0
tmdb_518,89,6.0
tmdb_518,95,8.0
tmdb_518,102,6.0
tmdb_518,104,8.0
tmdb_518,122,6.0
tmdb_518,141,8.0
tmdb_518,153,6.0
tmdb_518,158,8.0
tmdb_518,160,6.0
tmdb_518,165,6.0
tmdb_518,169,8.0
tmdb_518,172,6.0
tmdb_518,173,2.0
tmdb_518,186,4.0
tmdb_518,195,6.0
tmdb_518,196,6.0
tmdb_518,203,8.0
tmdb_518,207,6.0
tmdb_518,216,6.0
tmdb_518,218,6.0
tmdb_518,222,10.0
tmdb_518,223,10.0
tmdb_518,224,4.0
tmdb_518,225,8.0
tmdb_518,231,2.0
tmdb_518,234,6.0
tmdb_518,236,6.0
tmdb_518,237,6.0
tmdb_518,239,8.0
tmdb_518,248,6.0
tmdb_518,250,6.0
tmdb_518,252,10.0
tmdb_518,253,10.0
tmdb_518,260,10.0
tmdb_518,265,8.0
tmdb_518,266,4.0
tmdb_518,273,10.0
tmdb_518,275,6.0
tmdb_518,276,6.0
tmdb_518,288,8.0
tmdb_518,289,8.0
tmdb_518,292,8.0
tmdb_518,296,10.0
tmdb_518,316,8.0
tmdb_518,317,8.0
tmdb_518,318,10.0
tmdb_518,329,6.0
tmdb_518,337,10.0
tmdb_518,339,10.0
tmdb_518,342,8.0
tmdb_518,344,8.0
tmdb_518,345,8.0
tmdb_518,364,8.0
tmdb_518,377,8.0
tmdb_518,378,6.0
tmdb_518,379,6.0
tmdb_518,380,6.0
tmdb_518,381,6.0
tmdb_518,410,6.0
tmdb_518,414,6.0
tmdb_518,415,8.0
tmdb_518,434,8.0
tmdb_518,435,2.0
tmdb_518,440,6.0
tmdb_518,441,2.0
tmdb_518,442,6.0
tmdb_518,451,2.0
tmdb_518,453,4.0
tmdb_518,455,8.0
tmdb_518,457,10.0
tmdb_518,464,4.0
tmdb_518,466,2.0
tmdb_518,480,10.0
tmdb_518,481,8.0
tmdb_518,494,8.0
tmdb_518,500,8.0
tmdb_518,502,6.0
tmdb_518,508,10.0
tmdb_518,509,2.0
tmdb_518,532,6.0
tmdb_518,539,10.0
tmdb_518,542,6.0
tmdb_518,546,2.0
tmdb_518,550,4.0
tmdb_518,551,4.0
tmdb_518,552,8.0
tmdb_518,558,6.0
tmdb_518,564,6.0
tmdb_518,575,10.0
tmdb_518,585,6.0
tmdb_518,586,10.0
tmdb_518,587,8.0
tmdb_518,588,8.0
tmdb_518,590,4.0
tmdb_518,592,6.0
tmdb_518,593,10.0
tmdb_518,594,8.0
tmdb_518,595,10.0
tmdb_518,596,8.0
tmdb_518,597,8.0
tmdb_518,605,8.0
tmdb_518,608,10.0
tmdb_518,612,4.0
tmdb_518,616,8.0
tmdb_518,628,8.0
tmdb_518,648,8.0
tmdb_518,653,8.0
tmdb_518,661,8.0
tmdb_518,663,10.0
tmdb_518,673,10.0
tmdb_518,691,6.0
tmdb_518,708,10.0
tmdb_518,709,10.0
tmdb_518,711,8.0
tmdb_518,742,10.0
tmdb_518,762,2.0
tmdb_518,780,10.0
tmdb_518,783,8.0
tmdb_518,786,6.0
tmdb_518,788,8.0
tmdb_518,799,6.0
tmdb_518,801,6.0
tmdb_518,802,10.0
tmdb_518,805,10.0
tmdb_518,828,8.0
tmdb_518,829,2.0
tmdb_518,830,8.0
tmdb_518,832,6.0
tmdb_518,836,8.0
tmdb_518,837,6.0
tmdb_518,840,6.0
tmdb_518,858,6.0
tmdb_518,885,4.0
tmdb_518,899,10.0
tmdb_518,900,8.0
tmdb_518,902,6.0
tmdb_518,912,6.0
tmdb_518,914,8.0
tmdb_518,919,8.0
tmdb_518,920,8.0
tmdb_518,924,6.0
tmdb_518,932,8.0
tmdb_518,953,10.0
tmdb_518,986,8.0
tmdb_518,1049,6.0
tmdb_518,1073,10.0
tmdb_518,1088,8.0
tmdb_518,1090,10.0
tmdb_518,1091,4.0
tmdb_518,1093,6.0
tmdb_518,1124,6.0
tmdb_518,1125,2.0
tmdb_518,1127,8.0
tmdb_518,1247,6.0
tmdb_518,1259,10.0
tmdb_518,1265,6.0
tmdb_518,1268,8.0
tmdb_518,1271,10.0
tmdb_518,1278,6.0
tmdb_518,1282,6.0
tmdb_518,1285,8.0
tmdb_518,1359,6.0
tmdb_518,1366,8.0
tmdb_518,1367,10.0
tmdb_518,1370,6.0
tmdb_518,1371,6.0
tmdb_518,1372,8.0
tmdb_518,1373,6.0
tmdb_518,1374,8.0
tmdb_518,1375,4.0
tmdb_518,1376,8.0
tmdb_518,1377,6.0
tmdb_518,1378,8.0
tmdb_518,1379,6.0
tmdb_518,1380,10.0
tmdb_518,1381,8.0
tmdb_518,1387,6.0
tmdb_518,1391,2.0
tmdb_518,1393,10.0
tmdb_518,1394,10.0
tmdb_518,1407,6.0
tmdb_518,1433,6.0
tmdb_518,1440,6.0
tmdb_518,1441,6.0
tmdb_518,1479,6.0
tmdb_518,1485,8.0
tmdb_518,1487,6.0
tmdb_518,1541,8.0
tmdb_518,1544,8.0
tmdb_518,1552,8.0
tmdb_518,1562,6.0
tmdb_518,1566,10.0
tmdb_518,1573,8.0
tmdb_518,1580,10.0
tmdb_518,1584,8.0
tmdb_518,1586,8.0
tmdb_518,1587,8.0
tmdb_518,1588,10.0
tmdb_518,1592,8.0
tmdb_518,1593,6.0
tmdb_518,1595,8.0
tmdb_518,1597,6.0
tmdb_518,1608,8.0
tmdb_518,1620,8.0
tmdb_518,1629,8.0
tmdb_518,1639,8.0
tmdb_518,1641,8.0
tmdb_518,1646,6.0
tmdb_518,1647,4.0
tmdb_518,1653,8.0
tmdb_518,1661,6.0
tmdb_518,1672,8.0
tmdb_518,1682,8.0
tmdb_518,1688,8.0
tmdb_518,1689,6.0
tmdb_518,1702,6.0
tmdb_518,1713,6.0
tmdb_518,1721,2.0
tmdb_518,1732,4.0
tmdb_518,1779,6.0
tmdb_518,1792,8.0
tmdb_518,1812,6.0
tmdb_518,1831,6.0
tmdb_518,1835,10.0
tmdb_518,1845,8.0
tmdb_518,1874,6.0
tmdb_518,1885,8.0
tmdb_518,1888,8.0
tmdb_518,1894,6.0
tmdb_518,1902,2.0
tmdb_518,1907,10.0
tmdb_518,1911,8.0
tmdb_518,1917,10.0
tmdb_518,1919,8.0
tmdb_518,1947,8.0
tmdb_518,1954,8.0
tmdb_518,1955,8.0
tmdb_518,1957,6.0
tmdb_518,1958,10.0
tmdb_518,1959,4.0
tmdb_518,1961,10.0
tmdb_518,1967,8.0
tmdb_518,1968,10.0
tmdb_518,1969,6.0
tmdb_518,1991,6.0
tmdb_518,1994,8.0
tmdb_518,1995,6.0
tmdb_518,1997,8.0
tmdb_518,2000,8.0
tmdb_518,2001,6.0
tmdb_518,2002,6.0
tmdb_518,2003,8.0
tmdb_518,2005,10.0
tmdb_518,2006,8.0
tmdb_518,2011,6.0
tmdb_518,2012,6.0
tmdb_518,2014,6.0
tmdb_518,2018,6.0
tmdb_518,2020,10.0
tmdb_518,2021,8.0
tmdb_518,2022,10.0
tmdb_518,2028,8.0
tmdb_518,2042,6.0
tmdb_518,2044,4.0
tmdb_518,2045,8.0
tmdb_518,2046,8.0
tmdb_518,2054,8.0
tmdb_518,2059,8.0
tmdb_518,2078,8.0
tmdb_518,2080,6.0
tmdb_518,2082,8.0
tmdb_518,2085,8.0
tmdb_518,2087,8.0
tmdb_518,2088,6.0
tmdb_518,2089,6.0
tmdb_518,2094,8.0
tmdb_518,2095,2.0
tmdb_518,2097,10.0
tmdb_518,2100,8.0
tmdb_518,2105,6.0
tmdb_518,2108,2.0
tmdb_518,2109,6.0
tmdb_518,2114,6.0
tmdb_518,2115,6.0
tmdb_518,2118,10.0
tmdb_518,2119,6.0
tmdb_518,2122,8.0
tmdb_518,2123,4.0
tmdb_518,2124,8.0
tmdb_518,2125,10.0
tmdb_518,2133,8.0
tmdb_518,2134,8.0
tmdb_518,2140,6.0
tmdb_518,2141,8.0
tmdb_518,2143,10.0
tmdb_518,2144,10.0
tmdb_518,2154,6.0
tmdb_518,2160,6.0
tmdb_518,2161,8.0
tmdb_518,2168,6.0
tmdb_518,2193,10.0
tmdb_518,2241,4.0
tmdb_518,2253,6.0
tmdb_518,2259,6.0
tmdb_518,2261,8.0
tmdb_518,2262,6.0
tmdb_518,2263,10.0
tmdb_518,2266,6.0
tmdb_518,2268,10.0
tmdb_518,2291,10.0
tmdb_518,2292,8.0
tmdb_518,2294,6.0
tmdb_518,2302,6.0
tmdb_518,2310,10.0
tmdb_518,2331,4.0
tmdb_518,2335,10.0
tmdb_518,2355,10.0
tmdb_518,2383,4.0
tmdb_518,2453,6.0
tmdb_518,2455,8.0
tmdb_518,2457,8.0
tmdb_518,2459,2.0
tmdb_518,2463,10.0
tmdb_518,2469,6.0
tmdb_518,2470,8.0
tmdb_518,2517,8.0
tmdb_518,2565,6.0
tmdb_518,2566,6.0
tmdb_518,2567,8.0
tmdb_518,2574,6.0
tmdb_518,2613,8.0
tmdb_518,2616,2.0
tmdb_518,2617,8.0
tmdb_518,2640,8.0
tmdb_518,2642,6.0
tmdb_518,2657,4.0
tmdb_518,2668,6.0
tmdb_518,2671,10.0
tmdb_518,2687,10.0
tmdb_518,2694,10.0
tmdb_518,2699,6.0
tmdb_518,2722,8.0
tmdb_518,2752,10.0
tmdb_518,2761,10.0
tmdb_518,2786,4.0
tmdb_518,2787,8.0
tmdb_518,2791,4.0
tmdb_518,2798,6.0
tmdb_518,2805,8.0
tmdb_518,2860,8.0
tmdb_518,2898,6.0
tmdb_518,2900,6.0
tmdb_518,2926,8.0
tmdb_518,2978,10.0
tmdb_518,2990,6.0
tmdb_518,3016,8.0
tmdb_518,3034,8.0
tmdb_518,3040,6.0
tmdb_518,3048,6.0
tmdb_518,3063,6.0
tmdb_518,3072,4.0
tmdb_518,3101,8.0
tmdb_518,3103,6.0
tmdb_518,3104,10.0
tmdb_518,3107,10.0
tmdb_518,3112,10.0
tmdb_518,3114,10.0
tmdb_519,104,8.0
tmdb_519,111,8.0
tmdb_519,216,8.0
tmdb_519,223,9.0
tmdb_519,235,8.0
tmdb_519,260,10.0
tmdb_519,288,9.0
tmdb_519,296,9.0
tmdb_519,318,9.0
tmdb_519,441,9.0
tmdb_519,527,4.0
tmdb_519,593,8.0
tmdb_519,608,8.0
tmdb_519,750,8.0
tmdb_519,858,9.0
tmdb_519,923,9.0
tmdb_519,924,10.0
tmdb_519,1089,10.0
tmdb_519,1213,10.0
tmdb_519,1244,9.0
tmdb_519,1251,10.0
tmdb_519,1259,8.0
tmdb_519,1278,8.0
tmdb_519,1380,8.0
tmdb_519,1732,10.0
tmdb_519,1954,10.0
tmdb_519,2019,10.0
tmdb_519,2324,10.0
tmdb_519,2363,8.0
tmdb_519,2395,9.0
tmdb_519,2502,9.0
tmdb_519,2791,9.0
tmdb_519,2959,10.0
tmdb_519,2973,10.0
tmdb_519,3033,8.0
tmdb_519,4973,10.0
tmdb_519,4993,9.0
tmdb_519,7451,9.0
tmdb_519,8464,4.0
tmdb_519,8874,9.0
tmdb_519,26326,10.0
tmdb_519,48385,9.0
tmdb_520,70,3.0
tmdb_520,111,10.0
tmdb_520,163,6.0
tmdb_520,231,8.0
tmdb_520,236,4.0
tmdb_520,260,10.0
tmdb_520,292,5.0
tmdb_520,296,8.0
tmdb_520,318,10.0
tmdb_520,457,7.0
tmdb_520,466,3.0
tmdb_520,475,7.0
tmdb_520,480,8.0
tmdb_520,500,6.0
tmdb_520,527,10.0
tmdb_520,539,6.0
tmdb_520,588,8.0
tmdb_520,593,9.0
tmdb_520,595,9.0
tmdb_520,648,7.0
tmdb_520,750,9.0
tmdb_520,780,5.0
tmdb_520,858,10.0
tmdb_520,912,10.0
tmdb_520,1089,8.0
tmdb_520,1090,10.0
tmdb_520,1093,5.0
tmdb_520,1213,8.0
tmdb_520,1247,8.0
tmdb_520,1252,10.0
tmdb_520,1278,7.0
tmdb_520,1358,7.0
tmdb_520,1387,6.0
tmdb_520,1393,7.0
tmdb_520,1396,6.0
tmdb_520,1544,3.0
tmdb_520,1573,3.0
tmdb_520,1627,3.0
tmdb_520,1639,7.0
tmdb_520,1653,7.0
tmdb_520,1676,5.0
tmdb_520,1682,8.0
tmdb_520,1912,7.0
tmdb_520,1917,2.0
tmdb_520,1961,9.0
tmdb_520,2028,8.0
tmdb_520,2067,9.0
tmdb_520,2115,7.0
tmdb_520,2268,8.0
tmdb_520,2297,5.0
tmdb_520,2321,6.0
tmdb_520,2355,7.0
tmdb_520,2762,7.0
tmdb_520,2791,6.0
tmdb_520,2959,9.0
tmdb_520,3593,1.0
tmdb_520,4011,8.0
tmdb_520,4226,8.0
tmdb_520,4499,2.0
tmdb_520,4816,6.0
tmdb_520,4886,9.0
tmdb_520,4896,7.0
tmdb_520,4973,10.0
tmdb_520,4974,2.0
tmdb_520,4993,10.0
tmdb_520,5816,9.0
tmdb_520,6934,6.0
tmdb_520,8961,8.0
tmdb_520,30707,9.0
tmdb_520,33166,9.0
tmdb_520,40815,8.0
tmdb_520,41566,7.0
tmdb_520,44191,7.0
tmdb_521,236,7.0
tmdb_521,260,9.0
tmdb_521,318,9.0
tmdb_521,527,9.0
tmdb_521,593,9.0
tmdb_521,608,10.0
tmdb_521,805,7.0
tmdb_521,858,10.0
tmdb_521,1213,10.0
tmdb_521,1282,7.0
tmdb_521,1372,8.0
tmdb_521,1375,6.0
tmdb_521,1377,8.0
tmdb_521,1597,8.0
tmdb_521,1645,8.0
tmdb_521,1729,9.0
tmdb_521,1909,6.0
tmdb_521,2100,6.0
tmdb_521,2324,9.0
tmdb_521,2959,8.0
tmdb_521,4226,8.0
tmdb_521,4993,9.0
tmdb_521,58559,9.0
tmdb_522,2,5.0
tmdb_522,19,7.0
tmdb_522,110,8.0
tmdb_522,122,5.0
tmdb_522,165,6.0
tmdb_522,173,6.0
tmdb_522,193,4.0
tmdb_522,231,7.0
tmdb_522,293,6.0
tmdb_522,296,8.0
tmdb_522,344,8.0
tmdb_522,364,5.0
tmdb_522,431,7.0
tmdb_522,442,7.0
tmdb_522,466,7.0
tmdb_522,508,7.0
tmdb_522,527,6.0
tmdb_522,616,4.0
tmdb_522,673,5.0
tmdb_522,762,3.0
tmdb_522,778,7.0
tmdb_522,784,5.0
tmdb_522,858,9.0
tmdb_522,1059,4.0
tmdb_522,1089,8.0
tmdb_522,1092,3.0
tmdb_522,1213,8.0
tmdb_522,1247,7.0
tmdb_522,1249,7.0
tmdb_522,1273,7.0
tmdb_522,1278,8.0
tmdb_522,1391,5.0
tmdb_522,1393,7.0
tmdb_522,1408,7.0
tmdb_522,1485,4.0
tmdb_522,1537,6.0
tmdb_522,1556,3.0
tmdb_522,1610,7.0
tmdb_522,1680,6.0
tmdb_522,1682,8.0
tmdb_522,1721,5.0
tmdb_522,1732,7.0
tmdb_522,1831,4.0
tmdb_522,1917,5.0
tmdb_522,1923,6.0
tmdb_522,1954,6.0
tmdb_522,1961,8.0
tmdb_522,1997,5.0
tmdb_522,2028,6.0
tmdb_522,2125,5.0
tmdb_522,2324,7.0
tmdb_522,2762,5.0
tmdb_522,2959,7.0
tmdb_522,3173,8.0
tmdb_522,4816,9.0
tmdb_522,4973,6.0
tmdb_522,4974,5.0
tmdb_522,4993,8.0
tmdb_522,4995,9.0
tmdb_522,5956,8.0
tmdb_522,6373,8.0
tmdb_522,6793,3.0
tmdb_522,6947,5.0
tmdb_522,8363,6.0
tmdb_522,8961,6.0
tmdb_522,8984,5.0
tmdb_522,30707,6.0
tmdb_522,33660,7.0
tmdb_522,44191,8.0
tmdb_522,55261,2.0
tmdb_522,58156,7.0
tmdb_522,58559,7.0
tmdb_522,74458,7.0
tmdb_522,91628,3.0
tmdb_523,16,2.0
tmdb_523,110,10.0
tmdb_523,141,8.0
tmdb_523,150,7.0
tmdb_523,253,8.0
tmdb_523,260,9.0
tmdb_523,266,9.0
tmdb_523,296,7.0
tmdb_523,318,10.0
tmdb_523,349,8.0
tmdb_523,364,8.0
tmdb_523,377,8.0
tmdb_523,380,7.0
tmdb_523,434,7.0
tmdb_523,480,8.0
tmdb_523,500,8.0
tmdb_523,539,10.0
tmdb_523,587,9.0
tmdb_523,588,8.0
tmdb_523,590,9.0
tmdb_523,593,9.0
tmdb_523,595,10.0
tmdb_523,628,9.0
tmdb_523,648,9.0
tmdb_523,780,6.0
tmdb_523,783,7.0
tmdb_523,784,5.0
tmdb_523,858,9.0
tmdb_523,1092,8.0
tmdb_523,1246,9.0
tmdb_523,1265,10.0
tmdb_523,1391,6.0
tmdb_523,1407,7.0
tmdb_523,1552,8.0
tmdb_523,1573,8.0
tmdb_523,1580,8.0
tmdb_523,1645,8.0
tmdb_523,1682,8.0
tmdb_523,1721,10.0
tmdb_523,1917,7.0
tmdb_523,1923,8.0
tmdb_523,2115,8.0
tmdb_523,2161,8.0
tmdb_523,2302,5.0
tmdb_523,2324,8.0
tmdb_523,2617,7.0
tmdb_523,2640,8.0
tmdb_523,2762,9.0
tmdb_523,2791,8.0
tmdb_523,3176,8.0
tmdb_523,4896,8.0
tmdb_523,4993,9.0
tmdb_523,4995,9.0
tmdb_523,8961,9.0
tmdb_523,26606,9.0
tmdb_524,135,6.0
tmdb_524,296,6.0
tmdb_524,303,6.0
tmdb_524,481,6.0
tmdb_524,648,5.0
tmdb_524,1717,4.0
tmdb_524,2013,6.0
tmdb_524,2116,8.0
tmdb_524,2662,7.0
tmdb_524,2959,8.0
tmdb_524,4011,10.0
tmdb_524,4226,8.0
tmdb_524,4896,9.0
tmdb_524,5816,9.0
tmdb_524,5956,9.0
tmdb_524,8873,8.0
tmdb_524,8874,10.0
tmdb_524,8961,6.0
tmdb_524,40815,9.0
tmdb_524,58559,8.0
tmdb_525,2,4.0
tmdb_525,6,8.0
tmdb_525,21,8.0
tmdb_525,110,10.0
tmdb_525,173,6.0
tmdb_525,185,8.0
tmdb_525,260,10.0
tmdb_525,380,10.0
tmdb_525,405,2.0
tmdb_525,442,10.0
tmdb_525,480,6.0
tmdb_525,493,6.0
tmdb_525,541,6.0
tmdb_525,592,4.0
tmdb_525,651,2.0
tmdb_525,673,2.0
tmdb_525,788,6.0
tmdb_525,810,4.0
tmdb_525,858,10.0
tmdb_525,903,8.0
tmdb_525,924,10.0
tmdb_525,1127,10.0
tmdb_525,1372,10.0
tmdb_525,1374,10.0
tmdb_525,1375,10.0
tmdb_525,1552,10.0
tmdb_525,1573,10.0
tmdb_525,1580,10.0
tmdb_525,1608,6.0
tmdb_525,1610,10.0
tmdb_525,1721,6.0
tmdb_525,1722,8.0
tmdb_525,1912,8.0
tmdb_525,1917,8.0
tmdb_525,1918,10.0
tmdb_525,1920,2.0
tmdb_525,1954,6.0
tmdb_525,1967,8.0
tmdb_525,2000,10.0
tmdb_525,2005,4.0
tmdb_525,2006,6.0
tmdb_525,2011,8.0
tmdb_525,2012,8.0
tmdb_525,2023,10.0
tmdb_525,2105,8.0
tmdb_525,2115,6.0
tmdb_525,2143,8.0
tmdb_525,2193,8.0
tmdb_525,2253,6.0
tmdb_525,2527,10.0
tmdb_525,2640,6.0
tmdb_525,2699,6.0
tmdb_525,2722,8.0
tmdb_525,2762,10.0
tmdb_525,3033,6.0
tmdb_525,3175,4.0
tmdb_525,3489,6.0
tmdb_525,3635,10.0
tmdb_525,3699,8.0
tmdb_525,4480,6.0
tmdb_525,4643,8.0
tmdb_525,4896,8.0
tmdb_525,4911,6.0
tmdb_525,4993,10.0
tmdb_526,1653,8.0
tmdb_526,4226,8.0
tmdb_526,4973,7.0
tmdb_526,4995,10.0
tmdb_526,6373,8.0
tmdb_526,8961,8.0
tmdb_527,19,3.0
tmdb_527,25,6.0
tmdb_527,62,7.0
tmdb_527,110,7.0
tmdb_527,165,2.0
tmdb_527,231,3.0
tmdb_527,260,8.0
tmdb_527,292,4.0
tmdb_527,293,9.0
tmdb_527,296,6.0
tmdb_527,434,2.0
tmdb_527,480,4.0
tmdb_527,500,2.0
tmdb_527,539,5.0
tmdb_527,541,8.0
tmdb_527,585,1.0
tmdb_527,586,2.0
tmdb_527,587,2.0
tmdb_527,590,7.0
tmdb_527,593,7.0
tmdb_527,597,4.0
tmdb_527,608,7.0
tmdb_527,778,7.0
tmdb_527,858,9.0
tmdb_527,912,8.0
tmdb_527,924,6.0
tmdb_527,1073,8.0
tmdb_527,1089,7.0
tmdb_527,1247,5.0
tmdb_527,1259,6.0
tmdb_527,1265,8.0
tmdb_527,1266,7.0
tmdb_527,1371,8.0
tmdb_527,1387,5.0
tmdb_527,1580,6.0
tmdb_527,1610,5.0
tmdb_527,1682,7.0
tmdb_527,1721,4.0
tmdb_527,1918,2.0
tmdb_527,1923,7.0
tmdb_527,1968,8.0
tmdb_527,2012,3.0
tmdb_527,2028,9.0
tmdb_527,2115,7.0
tmdb_527,2160,8.0
tmdb_527,2355,1.0
tmdb_527,2502,9.0
tmdb_527,2959,9.0
tmdb_527,4688,6.0
tmdb_527,4886,3.0
tmdb_527,4993,9.0
tmdb_527,5747,9.0
tmdb_527,7980,7.0
tmdb_527,8208,10.0
tmdb_527,33660,9.0
tmdb_527,58293,2.0
tmdb_528,19,5.0
tmdb_528,111,7.0
tmdb_528,223,7.0
tmdb_528,236,6.0
tmdb_528,260,7.0
tmdb_528,266,7.0
tmdb_528,296,7.0
tmdb_528,377,4.0
tmdb_528,441,9.0
tmdb_528,442,5.0
tmdb_528,541,6.0
tmdb_528,592,6.0
tmdb_528,608,8.0
tmdb_528,808,7.0
tmdb_528,858,8.0
tmdb_528,899,9.0
tmdb_528,1059,7.0
tmdb_528,1213,9.0
tmdb_528,1257,7.0
tmdb_528,1259,9.0
tmdb_528,1278,8.0
tmdb_528,1380,6.0
tmdb_528,1407,6.0
tmdb_528,1639,9.0
tmdb_528,1687,4.0
tmdb_528,1730,7.0
tmdb_528,1845,7.0
tmdb_528,1923,6.0
tmdb_528,2115,7.0
tmdb_528,2169,5.0
tmdb_528,2282,6.0
tmdb_528,2289,6.0
tmdb_528,2762,8.0
tmdb_528,2788,6.0
tmdb_528,2959,6.0
tmdb_528,3052,6.0
tmdb_528,3173,6.0
tmdb_528,3513,6.0
tmdb_528,4226,6.0
tmdb_528,4643,4.0
tmdb_528,4993,8.0
tmdb_528,8366,6.0
tmdb_528,8966,7.0
tmdb_528,8981,5.0
tmdb_528,30707,7.0
tmdb_529,17,9.0
tmdb_529,24,6.0
tmdb_529,25,8.0
tmdb_529,28,8.0
tmdb_529,55,8.0
tmdb_529,58,8.0
tmdb_529,62,8.0
tmdb_529,68,4.0
tmdb_529,105,8.0
tmdb_529,111,8.0
tmdb_529,141,6.0
tmdb_529,162,5.0
tmdb_529,164,6.0
tmdb_529,232,9.0
tmdb_529,260,8.0
tmdb_529,261,8.0
tmdb_529,265,10.0
tmdb_529,300,9.0
tmdb_529,306,8.0
tmdb_529,307,8.0
tmdb_529,308,8.0
tmdb_529,318,9.0
tmdb_529,337,8.0
tmdb_529,339,6.0
tmdb_529,348,10.0
tmdb_529,363,7.0
tmdb_529,434,4.0
tmdb_529,475,10.0
tmdb_529,492,10.0
tmdb_529,497,8.0
tmdb_529,506,4.0
tmdb_529,508,7.0
tmdb_529,509,6.0
tmdb_529,527,10.0
tmdb_529,534,8.0
tmdb_529,549,9.0
tmdb_529,581,7.0
tmdb_529,586,6.0
tmdb_529,587,4.0
tmdb_529,588,6.0
tmdb_529,599,10.0
tmdb_529,608,10.0
tmdb_529,616,8.0
tmdb_529,674,2.0
tmdb_529,685,8.0
tmdb_529,750,9.0
tmdb_529,780,2.0
tmdb_529,838,8.0
tmdb_529,858,6.0
tmdb_529,898,4.0
tmdb_529,899,10.0
tmdb_529,900,8.0
tmdb_529,902,6.0
tmdb_529,909,4.0
tmdb_529,910,9.0
tmdb_529,912,10.0
tmdb_529,914,6.0
tmdb_529,916,8.0
tmdb_529,918,10.0
tmdb_529,919,10.0
tmdb_529,920,8.0
tmdb_529,921,10.0
tmdb_529,922,7.0
tmdb_529,923,8.0
tmdb_529,924,8.0
tmdb_529,926,10.0
tmdb_529,927,10.0
tmdb_529,932,2.0
tmdb_529,935,10.0
tmdb_529,951,10.0
tmdb_529,953,6.0
tmdb_529,955,10.0
tmdb_529,968,8.0
tmdb_529,994,10.0
tmdb_529,1073,8.0
tmdb_529,1124,2.0
tmdb_529,1125,8.0
tmdb_529,1213,2.0
tmdb_529,1244,8.0
tmdb_529,1247,10.0
tmdb_529,1248,6.0
tmdb_529,1252,10.0
tmdb_529,1265,8.0
tmdb_529,1266,8.0
tmdb_529,1269,6.0
tmdb_529,1271,10.0
tmdb_529,1272,6.0
tmdb_529,1273,6.0
tmdb_529,1278,8.0
tmdb_529,1280,8.0
tmdb_529,1282,6.0
tmdb_529,1361,8.0
tmdb_529,1367,6.0
tmdb_529,1371,4.0
tmdb_529,1380,4.0
tmdb_529,1387,2.0
tmdb_529,1393,8.0
tmdb_529,1408,4.0
tmdb_529,1410,8.0
tmdb_529,1416,6.0
tmdb_529,1535,8.0
tmdb_529,1584,8.0
tmdb_529,1619,6.0
tmdb_529,1635,7.0
tmdb_529,1641,10.0
tmdb_529,1678,8.0
tmdb_529,1682,8.0
tmdb_529,1810,8.0
tmdb_529,1835,6.0
tmdb_529,1885,7.0
tmdb_529,1936,7.0
tmdb_529,1947,6.0
tmdb_529,1948,8.0
tmdb_529,1951,8.0
tmdb_529,1954,4.0
tmdb_529,1955,8.0
tmdb_529,1956,8.0
tmdb_529,1957,6.0
tmdb_529,1958,8.0
tmdb_529,1963,6.0
tmdb_529,1964,10.0
tmdb_529,1997,6.0
tmdb_529,2009,4.0
tmdb_529,2013,6.0
tmdb_529,2015,6.0
tmdb_529,2028,10.0
tmdb_529,2057,8.0
tmdb_529,2067,4.0
tmdb_529,2074,8.0
tmdb_529,2077,8.0
tmdb_529,2078,6.0
tmdb_529,2080,8.0
tmdb_529,2085,6.0
tmdb_529,2112,6.0
tmdb_529,2160,6.0
tmdb_529,2176,6.0
tmdb_529,2268,8.0
tmdb_529,2289,6.0
tmdb_529,2291,6.0
tmdb_529,2297,6.0
tmdb_529,2300,10.0
tmdb_529,2302,10.0
tmdb_529,2321,10.0
tmdb_529,2324,9.0
tmdb_529,2331,8.0
tmdb_529,2436,8.0
tmdb_529,2463,8.0
tmdb_529,2469,6.0
tmdb_529,2493,7.0
tmdb_529,2528,2.0
tmdb_529,2565,6.0
tmdb_529,2639,2.0
tmdb_529,2640,6.0
tmdb_529,2642,6.0
tmdb_529,2657,4.0
tmdb_529,2662,2.0
tmdb_529,2671,2.0
tmdb_529,2721,8.0
tmdb_529,2750,10.0
tmdb_529,2752,6.0
tmdb_529,2762,6.0
tmdb_529,2779,6.0
tmdb_529,2791,8.0
tmdb_529,2926,8.0
tmdb_529,2929,10.0
tmdb_529,2973,7.0
tmdb_529,3011,6.0
tmdb_529,3037,8.0
tmdb_529,3072,8.0
tmdb_529,3074,10.0
tmdb_529,3083,4.0
tmdb_529,3088,8.0
tmdb_529,3089,9.0
tmdb_529,3093,6.0
tmdb_529,3110,6.0
tmdb_529,3396,8.0
tmdb_529,3418,4.0
tmdb_529,3512,6.0
tmdb_529,3526,8.0
tmdb_529,3529,6.0
tmdb_529,3543,8.0
tmdb_529,3549,6.0
tmdb_529,3635,6.0
tmdb_529,3682,4.0
tmdb_529,3683,8.0
tmdb_529,4034,9.0
tmdb_529,4970,6.0
tmdb_529,4973,8.0
tmdb_529,5060,8.0
tmdb_529,5470,10.0
tmdb_529,5780,6.0
tmdb_529,5991,10.0
tmdb_529,5995,8.0
tmdb_529,6643,7.0
tmdb_529,7091,8.0
tmdb_529,7216,7.0
tmdb_529,7303,7.0
tmdb_529,7840,7.0
tmdb_529,7979,7.0
tmdb_529,8016,5.0
tmdb_529,8337,5.0
tmdb_529,8645,7.0
tmdb_529,8785,7.0
tmdb_529,8838,8.0
tmdb_529,8961,9.0
tmdb_529,8970,9.0
tmdb_529,8998,7.0
tmdb_529,25753,7.0
tmdb_529,25898,7.0
tmdb_529,26325,8.0
tmdb_529,26587,8.0
tmdb_529,27329,8.0
tmdb_529,31035,4.0
tmdb_529,31522,8.0
tmdb_529,31923,8.0
tmdb_529,33166,4.0
tmdb_529,46976,8.0
tmdb_530,14,8.0
tmdb_530,17,8.0
tmdb_530,62,8.0
tmdb_530,95,10.0
tmdb_530,158,6.0
tmdb_530,185,6.0
tmdb_530,239,8.0
tmdb_530,260,10.0
tmdb_530,261,8.0
tmdb_530,313,4.0
tmdb_530,364,10.0
tmdb_530,480,10.0
tmdb_530,527,10.0
tmdb_530,558,4.0
tmdb_530,588,10.0
tmdb_530,594,10.0
tmdb_530,595,10.0
tmdb_530,608,10.0
tmdb_530,609,4.0
tmdb_530,647,8.0
tmdb_530,661,10.0
tmdb_530,673,2.0
tmdb_530,745,10.0
tmdb_530,780,6.0
tmdb_530,783,10.0
tmdb_530,802,8.0
tmdb_530,804,4.0
tmdb_530,832,10.0
tmdb_530,838,8.0
tmdb_530,991,6.0
tmdb_530,1073,8.0
tmdb_530,1282,10.0
tmdb_530,1367,8.0
tmdb_530,1391,8.0
tmdb_530,1416,8.0
tmdb_530,1485,4.0
tmdb_530,1544,4.0
tmdb_530,1556,4.0
tmdb_530,1566,10.0
tmdb_530,1573,10.0
tmdb_530,1580,10.0
tmdb_530,1584,10.0
tmdb_530,1586,4.0
tmdb_530,1588,6.0
tmdb_530,1597,6.0
tmdb_530,1676,2.0
tmdb_530,1690,4.0
tmdb_530,1702,4.0
tmdb_530,1721,10.0
tmdb_531,2,8.0
tmdb_531,158,5.0
tmdb_531,165,1.0
tmdb_531,316,4.0
tmdb_531,364,8.0
tmdb_531,410,7.0
tmdb_531,480,6.0
tmdb_531,500,6.0
tmdb_531,541,5.0
tmdb_531,586,5.0
tmdb_531,588,8.0
tmdb_531,590,4.0
tmdb_531,594,8.0
tmdb_531,595,6.0
tmdb_531,596,7.0
tmdb_531,661,7.0
tmdb_531,745,7.0
tmdb_531,788,6.0
tmdb_531,918,3.0
tmdb_531,919,8.0
tmdb_531,1073,7.0
tmdb_531,1088,10.0
tmdb_531,1262,3.0
tmdb_531,1370,1.0
tmdb_531,1380,8.0
tmdb_531,1407,2.0
tmdb_531,1580,6.0
tmdb_531,1653,7.0
tmdb_531,1676,3.0
tmdb_531,1682,8.0
tmdb_531,1721,4.0
tmdb_531,1997,1.0
tmdb_531,2054,7.0
tmdb_531,2088,6.0
tmdb_531,2291,8.0
tmdb_531,2300,4.0
tmdb_531,2321,7.0
tmdb_531,2355,7.0
tmdb_531,2567,7.0
tmdb_531,2762,4.0
tmdb_531,2791,1.0
tmdb_531,2959,7.0
tmdb_531,3114,5.0
tmdb_531,4886,7.0
tmdb_531,4896,2.0
tmdb_531,4973,9.0
tmdb_531,4993,1.0
tmdb_531,8961,7.0
tmdb_531,8965,3.0
tmdb_531,30793,8.0
tmdb_531,54272,7.0
tmdb_531,59421,7.0
tmdb_532,19,7.0
tmdb_532,110,7.0
tmdb_532,163,7.0
tmdb_532,344,7.0
tmdb_532,380,7.0
tmdb_532,457,7.0
tmdb_532,466,8.0
tmdb_532,480,8.0
tmdb_532,1262,9.0
tmdb_532,1544,6.0
tmdb_532,1597,7.0
tmdb_532,2011,8.0
tmdb_532,2028,7.0
tmdb_532,2151,9.0
tmdb_532,2268,7.0
tmdb_532,2617,7.0
tmdb_532,2762,9.0
tmdb_532,3101,6.0
tmdb_532,3146,7.0
tmdb_532,4727,6.0
tmdb_532,4975,5.0
tmdb_532,4993,9.0
tmdb_533,25,2.0
tmdb_533,79,4.0
tmdb_533,110,6.0
tmdb_533,111,6.0
tmdb_533,150,8.0
tmdb_533,196,4.0
tmdb_533,253,6.0
tmdb_533,260,10.0
tmdb_533,266,6.0
tmdb_533,281,6.0
tmdb_533,292,8.0
tmdb_533,316,10.0
tmdb_533,318,8.0
tmdb_533,329,8.0
tmdb_533,379,8.0
tmdb_533,388,4.0
tmdb_533,436,4.0
tmdb_533,480,8.0
tmdb_533,509,6.0
tmdb_533,531,6.0
tmdb_533,534,8.0
tmdb_533,541,8.0
tmdb_533,590,6.0
tmdb_533,592,6.0
tmdb_533,593,10.0
tmdb_533,608,8.0
tmdb_533,780,8.0
tmdb_533,788,6.0
tmdb_533,832,6.0
tmdb_533,899,8.0
tmdb_533,923,8.0
tmdb_533,953,10.0
tmdb_533,1246,6.0
tmdb_533,1259,8.0
tmdb_533,1271,6.0
tmdb_533,1363,6.0
tmdb_533,1371,6.0
tmdb_533,1373,6.0
tmdb_533,1374,10.0
tmdb_533,1375,6.0
tmdb_533,1376,10.0
tmdb_533,1573,4.0
tmdb_533,1580,6.0
tmdb_533,1584,6.0
tmdb_533,1620,6.0
tmdb_533,1653,8.0
tmdb_533,1676,8.0
tmdb_533,1678,6.0
tmdb_533,1682,8.0
tmdb_533,1721,8.0
tmdb_533,1726,6.0
tmdb_533,1727,6.0
tmdb_533,1807,6.0
tmdb_533,1921,8.0
tmdb_533,1945,8.0
tmdb_533,1954,10.0
tmdb_533,1956,8.0
tmdb_533,1961,8.0
tmdb_533,2011,6.0
tmdb_533,2028,8.0
tmdb_533,2094,6.0
tmdb_533,2105,8.0
tmdb_533,2268,6.0
tmdb_533,2289,6.0
tmdb_533,2322,8.0
tmdb_533,2433,8.0
tmdb_533,2454,8.0
tmdb_533,2455,4.0
tmdb_533,2527,8.0
tmdb_533,2640,8.0
tmdb_533,2642,4.0
tmdb_533,2657,2.0
tmdb_533,2668,4.0
tmdb_533,3035,8.0
tmdb_533,3060,8.0
tmdb_533,3175,8.0
tmdb_533,3591,6.0
tmdb_533,3593,2.0
tmdb_533,3699,8.0
tmdb_533,3766,6.0
tmdb_534,2,8.0
tmdb_534,3,4.0
tmdb_534,6,10.0
tmdb_534,11,6.0
tmdb_534,16,8.0
tmdb_534,17,4.0
tmdb_534,21,4.0
tmdb_534,22,8.0
tmdb_534,25,6.0
tmdb_534,64,6.0
tmdb_534,69,6.0
tmdb_534,70,4.0
tmdb_534,79,6.0
tmdb_534,81,4.0
tmdb_534,86,10.0
tmdb_534,89,8.0
tmdb_534,95,8.0
tmdb_534,105,4.0
tmdb_534,107,8.0
tmdb_534,110,10.0
tmdb_534,150,10.0
tmdb_534,153,6.0
tmdb_534,158,10.0
tmdb_534,161,10.0
tmdb_534,163,8.0
tmdb_534,164,6.0
tmdb_534,165,8.0
tmdb_534,168,8.0
tmdb_534,170,6.0
tmdb_534,173,4.0
tmdb_534,185,8.0
tmdb_534,195,4.0
tmdb_534,224,6.0
tmdb_534,225,8.0
tmdb_534,236,6.0
tmdb_534,239,8.0
tmdb_534,257,8.0
tmdb_534,258,4.0
tmdb_534,259,8.0
tmdb_534,266,8.0
tmdb_534,276,4.0
tmdb_534,280,8.0
tmdb_534,287,4.0
tmdb_534,288,6.0
tmdb_534,291,6.0
tmdb_534,292,8.0
tmdb_534,293,6.0
tmdb_534,296,8.0
tmdb_534,303,6.0
tmdb_534,315,8.0
tmdb_534,318,10.0
tmdb_534,319,6.0
tmdb_534,339,6.0
tmdb_534,349,8.0
tmdb_534,364,10.0
tmdb_534,377,8.0
tmdb_534,378,6.0
tmdb_534,380,8.0
tmdb_534,387,6.0
tmdb_534,391,6.0
tmdb_534,423,8.0
tmdb_534,431,8.0
tmdb_534,434,8.0
tmdb_534,436,8.0
tmdb_534,442,6.0
tmdb_534,454,10.0
tmdb_534,455,8.0
tmdb_534,457,8.0
tmdb_534,464,6.0
tmdb_534,479,8.0
tmdb_534,480,6.0
tmdb_534,481,6.0
tmdb_534,490,8.0
tmdb_534,494,8.0
tmdb_534,500,6.0
tmdb_534,507,8.0
tmdb_534,511,6.0
tmdb_534,539,8.0
tmdb_534,540,8.0
tmdb_534,543,6.0
tmdb_534,547,8.0
tmdb_534,550,4.0
tmdb_534,552,8.0
tmdb_534,586,8.0
tmdb_534,587,6.0
tmdb_534,588,10.0
tmdb_534,590,10.0
tmdb_534,593,8.0
tmdb_534,597,6.0
tmdb_534,626,4.0
tmdb_534,628,8.0
tmdb_534,631,8.0
tmdb_534,648,8.0
tmdb_534,673,8.0
tmdb_534,688,4.0
tmdb_534,707,8.0
tmdb_534,742,6.0
tmdb_534,780,10.0
tmdb_534,782,8.0
tmdb_534,786,6.0
tmdb_534,799,6.0
tmdb_534,802,10.0
tmdb_534,832,10.0
tmdb_534,836,8.0
tmdb_534,839,4.0
tmdb_534,992,6.0
tmdb_534,996,8.0
tmdb_534,1049,10.0
tmdb_534,1092,8.0
tmdb_534,1213,8.0
tmdb_534,1265,6.0
tmdb_534,1358,8.0
tmdb_534,1370,6.0
tmdb_534,1377,8.0
tmdb_534,1379,6.0
tmdb_534,1393,8.0
tmdb_534,1396,6.0
tmdb_534,1405,10.0
tmdb_534,1407,8.0
tmdb_534,1408,8.0
tmdb_534,1422,8.0
tmdb_534,1427,8.0
tmdb_534,1479,8.0
tmdb_534,1485,8.0
tmdb_534,1499,10.0
tmdb_534,1552,8.0
tmdb_534,1573,8.0
tmdb_534,1580,8.0
tmdb_534,1584,10.0
tmdb_534,1586,6.0
tmdb_534,1592,6.0
tmdb_534,1597,8.0
tmdb_534,1608,8.0
tmdb_534,1610,8.0
tmdb_534,1616,8.0
tmdb_534,1620,8.0
tmdb_534,1626,6.0
tmdb_534,1627,6.0
tmdb_534,1631,8.0
tmdb_534,1644,8.0
tmdb_534,1645,8.0
tmdb_534,1673,4.0
tmdb_534,1682,6.0
tmdb_534,1687,10.0
tmdb_534,1717,8.0
tmdb_534,1721,10.0
tmdb_534,1732,4.0
tmdb_534,1792,8.0
tmdb_534,1833,8.0
tmdb_534,1835,8.0
tmdb_534,1888,4.0
tmdb_534,1892,6.0
tmdb_534,1894,8.0
tmdb_534,1895,6.0
tmdb_534,1917,10.0
tmdb_534,1918,8.0
tmdb_534,1923,8.0
tmdb_534,2002,8.0
tmdb_534,2006,6.0
tmdb_534,2028,10.0
tmdb_534,2045,8.0
tmdb_534,2046,8.0
tmdb_534,2058,8.0
tmdb_534,2089,8.0
tmdb_534,2125,6.0
tmdb_534,2142,10.0
tmdb_534,2154,4.0
tmdb_534,2266,4.0
tmdb_534,2268,8.0
tmdb_534,2291,4.0
tmdb_534,2294,8.0
tmdb_534,2302,6.0
tmdb_534,2321,6.0
tmdb_534,2355,8.0
tmdb_534,2501,8.0
tmdb_534,2502,6.0
tmdb_534,2539,4.0
tmdb_534,2687,10.0
tmdb_534,2762,10.0
tmdb_534,2770,6.0
tmdb_534,2841,8.0
tmdb_534,3063,8.0
tmdb_534,3064,8.0
tmdb_534,3176,8.0
tmdb_534,3489,8.0
tmdb_534,3686,8.0
tmdb_535,2,6.0
tmdb_535,11,6.0
tmdb_535,19,2.0
tmdb_535,21,6.0
tmdb_535,95,6.0
tmdb_535,104,6.0
tmdb_535,110,8.0
tmdb_535,141,6.0
tmdb_535,153,6.0
tmdb_535,160,6.0
tmdb_535,161,8.0
tmdb_535,165,6.0
tmdb_535,172,4.0
tmdb_535,173,6.0
tmdb_535,185,4.0
tmdb_535,204,6.0
tmdb_535,225,6.0
tmdb_535,231,6.0
tmdb_535,253,6.0
tmdb_535,288,6.0
tmdb_535,292,6.0
tmdb_535,293,8.0
tmdb_535,296,6.0
tmdb_535,300,6.0
tmdb_535,316,4.0
tmdb_535,318,8.0
tmdb_535,329,4.0
tmdb_535,344,6.0
tmdb_535,349,8.0
tmdb_535,350,6.0
tmdb_535,364,6.0
tmdb_535,380,6.0
tmdb_535,410,4.0
tmdb_535,434,4.0
tmdb_535,440,6.0
tmdb_535,442,6.0
tmdb_535,454,8.0
tmdb_535,457,8.0
tmdb_535,480,8.0
tmdb_535,500,6.0
tmdb_535,508,6.0
tmdb_535,539,6.0
tmdb_535,551,10.0
tmdb_535,553,4.0
tmdb_535,586,6.0
tmdb_535,587,6.0
tmdb_535,588,6.0
tmdb_535,590,6.0
tmdb_535,592,10.0
tmdb_535,593,10.0
tmdb_535,595,2.0
tmdb_535,597,2.0
tmdb_535,799,6.0
tmdb_536,19,4.0
tmdb_536,22,10.0
tmdb_536,110,10.0
tmdb_536,122,6.0
tmdb_536,132,6.0
tmdb_536,144,10.0
tmdb_536,150,10.0
tmdb_536,153,8.0
tmdb_536,154,4.0
tmdb_536,158,8.0
tmdb_536,159,10.0
tmdb_536,160,6.0
tmdb_536,161,10.0
tmdb_536,163,10.0
tmdb_536,165,10.0
tmdb_536,177,10.0
tmdb_536,178,10.0
tmdb_536,180,8.0
tmdb_536,185,8.0
tmdb_536,186,6.0
tmdb_536,193,6.0
tmdb_536,194,8.0
tmdb_536,195,8.0
tmdb_536,196,8.0
tmdb_536,198,10.0
tmdb_536,204,8.0
tmdb_536,206,8.0
tmdb_536,216,6.0
tmdb_536,222,10.0
tmdb_536,223,10.0
tmdb_536,224,10.0
tmdb_536,225,8.0
tmdb_536,231,8.0
tmdb_536,233,10.0
tmdb_536,234,6.0
tmdb_536,235,10.0
tmdb_536,236,8.0
tmdb_536,237,8.0
tmdb_536,241,10.0
tmdb_536,246,10.0
tmdb_536,248,4.0
tmdb_536,250,8.0
tmdb_536,252,4.0
tmdb_536,253,8.0
tmdb_536,256,4.0
tmdb_536,257,8.0
tmdb_536,259,8.0
tmdb_536,260,10.0
tmdb_536,261,10.0
tmdb_536,266,6.0
tmdb_536,273,6.0
tmdb_536,276,6.0
tmdb_536,277,10.0
tmdb_536,278,6.0
tmdb_536,281,8.0
tmdb_536,288,4.0
tmdb_536,289,6.0
tmdb_536,291,6.0
tmdb_536,293,8.0
tmdb_536,294,8.0
tmdb_536,296,10.0
tmdb_536,300,8.0
tmdb_536,303,6.0
tmdb_536,315,8.0
tmdb_536,316,8.0
tmdb_536,317,8.0
tmdb_536,318,10.0
tmdb_536,319,6.0
tmdb_536,337,10.0
tmdb_536,339,8.0
tmdb_536,340,6.0
tmdb_536,344,10.0
tmdb_536,349,8.0
tmdb_536,380,8.0
tmdb_536,381,8.0
tmdb_536,427,8.0
tmdb_536,431,8.0
tmdb_536,434,8.0
tmdb_536,435,4.0
tmdb_536,452,10.0
tmdb_536,468,4.0
tmdb_536,553,10.0
tmdb_536,554,6.0
tmdb_536,588,10.0
tmdb_536,590,10.0
tmdb_536,592,6.0
tmdb_536,595,10.0
tmdb_537,2,6.0
tmdb_537,11,6.0
tmdb_537,17,10.0
tmdb_537,21,10.0
tmdb_537,58,10.0
tmdb_537,62,8.0
tmdb_537,89,6.0
tmdb_537,95,4.0
tmdb_537,105,8.0
tmdb_537,141,8.0
tmdb_537,144,6.0
tmdb_537,150,8.0
tmdb_537,156,6.0
tmdb_537,161,6.0
tmdb_537,163,10.0
tmdb_537,164,8.0
tmdb_537,171,10.0
tmdb_537,176,8.0
tmdb_537,194,8.0
tmdb_537,195,4.0
tmdb_537,205,10.0
tmdb_537,222,8.0
tmdb_537,229,8.0
tmdb_537,235,6.0
tmdb_537,236,6.0
tmdb_537,237,6.0
tmdb_537,252,6.0
tmdb_537,253,4.0
tmdb_537,260,10.0
tmdb_537,261,8.0
tmdb_537,265,8.0
tmdb_537,266,8.0
tmdb_537,268,8.0
tmdb_537,272,10.0
tmdb_537,273,6.0
tmdb_537,277,8.0
tmdb_537,280,8.0
tmdb_537,281,8.0
tmdb_537,296,8.0
tmdb_537,300,8.0
tmdb_537,314,10.0
tmdb_537,318,10.0
tmdb_537,329,10.0
tmdb_537,334,8.0
tmdb_537,337,8.0
tmdb_537,339,8.0
tmdb_537,342,10.0
tmdb_537,345,8.0
tmdb_537,348,8.0
tmdb_537,349,6.0
tmdb_537,350,4.0
tmdb_537,380,6.0
tmdb_537,440,8.0
tmdb_537,452,8.0
tmdb_537,457,8.0
tmdb_537,475,10.0
tmdb_537,480,6.0
tmdb_537,492,8.0
tmdb_537,497,10.0
tmdb_537,500,4.0
tmdb_537,507,6.0
tmdb_537,508,10.0
tmdb_537,509,10.0
tmdb_537,523,2.0
tmdb_537,527,10.0
tmdb_537,531,6.0
tmdb_537,534,8.0
tmdb_537,535,2.0
tmdb_537,539,10.0
tmdb_537,541,10.0
tmdb_537,551,4.0
tmdb_537,553,6.0
tmdb_537,562,10.0
tmdb_537,581,8.0
tmdb_537,587,6.0
tmdb_537,590,10.0
tmdb_537,593,8.0
tmdb_537,608,6.0
tmdb_537,627,4.0
tmdb_537,635,10.0
tmdb_537,648,6.0
tmdb_537,661,8.0
tmdb_537,708,8.0
tmdb_537,714,8.0
tmdb_537,745,10.0
tmdb_537,750,10.0
tmdb_537,761,2.0
tmdb_537,780,10.0
tmdb_537,788,8.0
tmdb_537,800,10.0
tmdb_537,801,6.0
tmdb_537,802,8.0
tmdb_537,830,6.0
tmdb_537,875,8.0
tmdb_537,898,10.0
tmdb_537,899,10.0
tmdb_537,900,8.0
tmdb_537,901,10.0
tmdb_537,902,10.0
tmdb_537,907,10.0
tmdb_537,909,6.0
tmdb_537,910,8.0
tmdb_537,911,10.0
tmdb_537,912,10.0
tmdb_537,913,8.0
tmdb_537,914,10.0
tmdb_537,916,10.0
tmdb_537,918,8.0
tmdb_537,919,10.0
tmdb_537,920,10.0
tmdb_537,921,10.0
tmdb_537,922,8.0
tmdb_537,923,8.0
tmdb_537,924,10.0
tmdb_537,926,10.0
tmdb_537,932,8.0
tmdb_537,934,8.0
tmdb_537,935,8.0
tmdb_537,936,8.0
tmdb_537,938,10.0
tmdb_537,940,8.0
tmdb_537,942,8.0
tmdb_537,943,8.0
tmdb_537,948,8.0
tmdb_537,949,6.0
tmdb_537,951,8.0
tmdb_537,953,8.0
tmdb_537,954,8.0
tmdb_537,955,10.0
tmdb_537,956,8.0
tmdb_537,994,10.0
tmdb_537,1023,10.0
tmdb_537,1050,10.0
tmdb_537,1051,4.0
tmdb_537,1073,10.0
tmdb_537,1103,8.0
tmdb_537,1124,10.0
tmdb_537,1125,8.0
tmdb_537,1127,10.0
tmdb_537,1244,4.0
tmdb_537,1246,8.0
tmdb_537,1247,10.0
tmdb_537,1249,8.0
tmdb_537,1250,6.0
tmdb_537,1252,8.0
tmdb_537,1253,10.0
tmdb_537,1259,8.0
tmdb_537,1265,10.0
tmdb_537,1266,6.0
tmdb_537,1267,10.0
tmdb_537,1269,10.0
tmdb_537,1271,8.0
tmdb_537,1273,10.0
tmdb_537,1278,8.0
tmdb_537,1282,10.0
tmdb_537,1283,8.0
tmdb_537,1284,8.0
tmdb_537,1285,6.0
tmdb_537,1358,10.0
tmdb_537,1365,10.0
tmdb_537,1372,10.0
tmdb_537,1374,10.0
tmdb_537,1376,6.0
tmdb_537,1377,2.0
tmdb_537,1380,10.0
tmdb_537,1387,8.0
tmdb_537,1394,10.0
tmdb_537,1408,6.0
tmdb_537,1411,8.0
tmdb_537,1414,8.0
tmdb_537,1422,4.0
tmdb_537,1441,6.0
tmdb_537,1479,4.0
tmdb_537,1584,10.0
tmdb_537,1590,2.0
tmdb_537,1597,6.0
tmdb_537,1608,8.0
tmdb_537,1610,10.0
tmdb_537,5060,10.0
tmdb_538,110,8.0
tmdb_538,111,10.0
tmdb_538,150,8.0
tmdb_538,153,6.0
tmdb_538,163,6.0
tmdb_538,165,6.0
tmdb_538,185,6.0
tmdb_538,207,6.0
tmdb_538,246,10.0
tmdb_538,253,6.0
tmdb_538,288,6.0
tmdb_538,296,6.0
tmdb_538,300,10.0
tmdb_538,316,4.0
tmdb_538,318,10.0
tmdb_538,319,10.0
tmdb_538,329,4.0
tmdb_538,380,4.0
tmdb_538,509,10.0
tmdb_538,588,8.0
tmdb_538,590,8.0
tmdb_538,592,6.0
tmdb_538,595,6.0
tmdb_539,17,8.0
tmdb_539,265,8.0
tmdb_539,296,8.0
tmdb_539,318,8.0
tmdb_539,326,10.0
tmdb_539,527,8.0
tmdb_539,608,8.0
tmdb_539,1259,10.0
tmdb_539,1358,10.0
tmdb_539,2019,6.0
tmdb_539,3072,10.0
tmdb_539,3418,8.0
tmdb_540,318,10.0
tmdb_540,1125,8.0
tmdb_540,4226,8.0
tmdb_540,4369,6.0
tmdb_540,4558,8.0
tmdb_540,4973,9.0
tmdb_540,4975,9.0
tmdb_540,8866,2.0
tmdb_541,923,6.0
tmdb_541,1093,8.0
tmdb_541,1127,6.0
tmdb_541,2657,6.0
tmdb_541,2762,10.0
tmdb_541,2841,8.0
tmdb_541,2959,10.0
tmdb_541,3175,6.0
tmdb_541,3593,2.0
tmdb_542,329,8.0
tmdb_542,858,10.0
tmdb_542,941,6.0
tmdb_542,1073,6.0
tmdb_542,1682,9.0
tmdb_542,1907,8.0
tmdb_542,2662,5.0
tmdb_542,4241,5.0
tmdb_542,4886,10.0
tmdb_542,4896,9.0
tmdb_542,4973,10.0
tmdb_542,4993,8.0
tmdb_542,5816,7.0
tmdb_542,8961,6.0
tmdb_542,26693,9.0
tmdb_542,27706,4.0
tmdb_542,40815,8.0
tmdb_542,58559,10.0
tmdb_543,3,10.0
tmdb_543,5,6.0
tmdb_543,107,10.0
tmdb_543,141,10.0
tmdb_543,260,10.0
tmdb_543,494,10.0
tmdb_543,608,10.0
tmdb_543,609,6.0
tmdb_543,631,6.0
tmdb_543,647,10.0
tmdb_543,648,10.0
tmdb_543,653,10.0
tmdb_543,661,10.0
tmdb_543,663,8.0
tmdb_543,673,8.0
tmdb_543,708,8.0
tmdb_543,761,8.0
tmdb_543,762,10.0
tmdb_543,780,10.0
tmdb_543,783,8.0
tmdb_543,786,8.0
tmdb_543,788,6.0
tmdb_543,801,10.0
tmdb_543,802,8.0
tmdb_543,810,6.0
tmdb_543,837,8.0
tmdb_543,848,10.0
tmdb_543,880,6.0
tmdb_543,881,8.0
tmdb_543,1073,6.0
tmdb_543,1363,8.0
tmdb_543,1367,6.0
tmdb_543,1429,8.0
tmdb_543,1485,10.0
tmdb_543,1562,8.0
tmdb_544,6,9.0
tmdb_544,16,8.0
tmdb_544,25,10.0
tmdb_544,110,8.0
tmdb_544,111,9.0
tmdb_544,150,10.0
tmdb_544,223,10.0
tmdb_544,260,8.0
tmdb_544,293,9.0
tmdb_544,296,9.0
tmdb_544,480,8.0
tmdb_544,527,9.0
tmdb_544,593,8.0
tmdb_544,608,10.0
tmdb_544,714,10.0
tmdb_544,750,9.0
tmdb_544,778,10.0
tmdb_544,780,7.0
tmdb_544,858,10.0
tmdb_544,924,10.0
tmdb_544,1089,9.0
tmdb_544,1090,9.0
tmdb_544,1244,9.0
tmdb_544,1391,10.0
tmdb_544,1584,10.0
tmdb_544,1645,8.0
tmdb_544,1653,9.0
tmdb_544,1680,9.0
tmdb_544,1682,9.0
tmdb_544,1729,9.0
tmdb_544,1732,10.0
tmdb_544,1884,9.0
tmdb_544,1921,8.0
tmdb_544,1968,10.0
tmdb_544,2019,10.0
tmdb_544,2028,9.0
tmdb_544,2117,10.0
tmdb_544,2455,9.0
tmdb_544,2788,10.0
tmdb_544,2959,9.0
tmdb_544,3033,8.0
tmdb_544,3160,9.0
tmdb_544,4011,9.0
tmdb_544,4034,9.0
tmdb_544,4148,8.0
tmdb_544,4226,10.0
tmdb_544,4643,8.0
tmdb_544,4973,7.0
tmdb_544,4993,8.0
tmdb_544,4995,9.0
tmdb_544,5528,9.0
tmdb_544,5956,9.0
tmdb_544,6016,9.0
tmdb_544,6934,7.0
tmdb_544,6978,10.0
tmdb_544,7980,8.0
tmdb_544,8984,8.0
tmdb_544,36527,8.0
tmdb_544,44191,9.0
tmdb_544,48385,10.0
tmdb_544,51540,9.0
tmdb_544,58559,9.0
tmdb_544,64197,10.0
tmdb_544,89492,10.0
tmdb_544,115210,8.0
tmdb_544,121491,9.0
tmdb_545,110,2.0
tmdb_545,111,10.0
tmdb_545,262,2.0
tmdb_545,265,10.0
tmdb_545,296,10.0
tmdb_545,300,10.0
tmdb_545,493,6.0
tmdb_545,497,8.0
tmdb_545,549,10.0
tmdb_545,608,10.0
tmdb_545,1059,2.0
tmdb_545,1213,6.0
tmdb_545,1244,10.0
tmdb_545,1246,6.0
tmdb_545,1249,10.0
tmdb_545,1259,10.0
tmdb_545,1273,8.0
tmdb_545,1358,10.0
tmdb_545,1406,10.0
tmdb_545,1572,10.0
tmdb_545,1667,2.0
tmdb_545,1673,10.0
tmdb_545,1719,8.0
tmdb_545,1721,6.0
tmdb_545,1729,6.0
tmdb_545,1834,8.0
tmdb_545,1885,2.0
tmdb_545,1955,10.0
tmdb_545,1956,10.0
tmdb_545,1958,10.0
tmdb_545,1959,10.0
tmdb_545,1961,6.0
tmdb_545,1968,10.0
tmdb_545,2000,2.0
tmdb_545,2020,10.0
tmdb_545,2069,8.0
tmdb_545,2114,8.0
tmdb_545,2239,8.0
tmdb_545,2262,4.0
tmdb_545,2290,2.0
tmdb_545,2291,10.0
tmdb_545,2302,2.0
tmdb_545,2312,10.0
tmdb_545,2313,10.0
tmdb_545,2348,8.0
tmdb_545,2750,8.0
tmdb_545,2757,10.0
tmdb_545,2762,6.0
tmdb_546,145,6.0
tmdb_546,216,10.0
tmdb_546,231,10.0
tmdb_546,272,10.0
tmdb_546,318,10.0
tmdb_546,1246,10.0
tmdb_546,1371,9.0
tmdb_546,1376,10.0
tmdb_546,1586,6.0
tmdb_546,1653,10.0
tmdb_546,1887,10.0
tmdb_546,1918,10.0
tmdb_546,1961,10.0
tmdb_546,2011,10.0
tmdb_546,2012,10.0
tmdb_546,2294,10.0
tmdb_546,2325,9.0
tmdb_546,2455,2.0
tmdb_546,2617,10.0
tmdb_546,2761,8.0
tmdb_546,2762,10.0
tmdb_546,2959,10.0
tmdb_546,3176,9.0
tmdb_546,4816,10.0
tmdb_546,5481,10.0
tmdb_546,58559,10.0
tmdb_547,6,5.0
tmdb_547,11,6.0
tmdb_547,14,7.0
tmdb_547,16,8.0
tmdb_547,17,10.0
tmdb_547,21,8.0
tmdb_547,25,9.0
tmdb_547,85,6.0
tmdb_547,111,10.0
tmdb_547,116,9.0
tmdb_547,123,8.0
tmdb_547,141,2.0
tmdb_547,144,4.0
tmdb_547,150,8.0
tmdb_547,153,4.0
tmdb_547,155,4.0
tmdb_547,156,5.0
tmdb_547,161,2.0
tmdb_547,162,6.0
tmdb_547,164,6.0
tmdb_547,165,9.0
tmdb_547,176,10.0
tmdb_547,180,1.0
tmdb_547,186,6.0
tmdb_547,193,7.0
tmdb_547,194,10.0
tmdb_547,203,3.0
tmdb_547,206,2.0
tmdb_547,222,5.0
tmdb_547,223,1.0
tmdb_547,232,8.0
tmdb_547,233,8.0
tmdb_547,235,8.0
tmdb_547,237,2.0
tmdb_547,246,10.0
tmdb_547,247,8.0
tmdb_547,253,1.0
tmdb_547,261,8.0
tmdb_547,265,8.0
tmdb_547,266,8.0
tmdb_547,272,8.0
tmdb_547,279,1.0
tmdb_547,281,7.0
tmdb_547,288,8.0
tmdb_547,289,3.0
tmdb_547,296,10.0
tmdb_547,300,9.0
tmdb_547,307,6.0
tmdb_547,308,6.0
tmdb_547,318,10.0
tmdb_547,334,2.0
tmdb_547,337,9.0
tmdb_547,342,8.0
tmdb_547,344,1.0
tmdb_547,345,6.0
tmdb_547,346,6.0
tmdb_547,349,7.0
tmdb_547,350,6.0
tmdb_547,377,4.0
tmdb_547,380,6.0
tmdb_547,381,6.0
tmdb_547,390,7.0
tmdb_547,434,3.0
tmdb_547,440,7.0
tmdb_547,441,9.0
tmdb_547,451,6.0
tmdb_547,454,5.0
tmdb_547,457,8.0
tmdb_547,475,8.0
tmdb_547,480,6.0
tmdb_547,490,4.0
tmdb_547,492,4.0
tmdb_547,496,6.0
tmdb_547,500,8.0
tmdb_547,508,6.0
tmdb_547,509,2.0
tmdb_547,523,6.0
tmdb_547,524,2.0
tmdb_547,527,10.0
tmdb_547,535,6.0
tmdb_547,537,7.0
tmdb_547,539,6.0
tmdb_547,541,7.0
tmdb_547,549,5.0
tmdb_547,562,1.0
tmdb_547,574,4.0
tmdb_547,581,10.0
tmdb_547,586,6.0
tmdb_547,587,6.0
tmdb_547,590,6.0
tmdb_547,592,2.0
tmdb_547,593,10.0
tmdb_547,594,10.0
tmdb_547,595,7.0
tmdb_547,596,8.0
tmdb_547,597,7.0
tmdb_547,608,10.0
tmdb_547,628,8.0
tmdb_547,671,8.0
tmdb_547,674,6.0
tmdb_547,685,3.0
tmdb_547,708,5.0
tmdb_547,745,4.0
tmdb_547,746,4.0
tmdb_547,750,10.0
tmdb_547,766,6.0
tmdb_547,778,8.0
tmdb_547,780,7.0
tmdb_547,781,8.0
tmdb_547,800,6.0
tmdb_547,803,8.0
tmdb_547,804,4.0
tmdb_547,805,5.0
tmdb_547,824,4.0
tmdb_547,838,6.0
tmdb_547,848,4.0
tmdb_547,851,6.0
tmdb_547,858,8.0
tmdb_547,866,9.0
tmdb_547,898,10.0
tmdb_547,899,10.0
tmdb_547,900,6.0
tmdb_547,902,10.0
tmdb_547,903,10.0
tmdb_547,905,8.0
tmdb_547,909,10.0
tmdb_547,910,10.0
tmdb_547,911,4.0
tmdb_547,912,10.0
tmdb_547,913,10.0
tmdb_547,917,8.0
tmdb_547,918,8.0
tmdb_547,919,10.0
tmdb_547,920,10.0
tmdb_547,921,8.0
tmdb_547,922,10.0
tmdb_547,923,10.0
tmdb_547,924,10.0
tmdb_547,926,10.0
tmdb_547,927,10.0
tmdb_547,928,10.0
tmdb_547,929,6.0
tmdb_547,931,8.0
tmdb_547,932,4.0
tmdb_547,938,9.0
tmdb_547,942,9.0
tmdb_547,947,6.0
tmdb_547,948,7.0
tmdb_547,949,8.0
tmdb_547,950,9.0
tmdb_547,951,6.0
tmdb_547,953,10.0
tmdb_547,954,9.0
tmdb_547,955,10.0
tmdb_547,968,8.0
tmdb_547,988,6.0
tmdb_547,994,10.0
tmdb_547,1018,5.0
tmdb_547,1023,6.0
tmdb_547,1050,5.0
tmdb_547,1051,8.0
tmdb_547,1059,8.0
tmdb_547,1088,10.0
tmdb_547,1089,9.0
tmdb_547,1090,8.0
tmdb_547,1092,8.0
tmdb_547,1093,7.0
tmdb_547,1103,10.0
tmdb_547,1124,6.0
tmdb_547,1162,8.0
tmdb_547,1213,10.0
tmdb_547,1244,10.0
tmdb_547,1246,2.0
tmdb_547,1247,10.0
tmdb_547,1248,10.0
tmdb_547,1249,6.0
tmdb_547,1250,7.0
tmdb_547,1251,10.0
tmdb_547,1252,10.0
tmdb_547,1253,8.0
tmdb_547,1254,10.0
tmdb_547,1259,4.0
tmdb_547,1265,10.0
tmdb_547,1266,6.0
tmdb_547,1267,10.0
tmdb_547,1268,6.0
tmdb_547,1269,10.0
tmdb_547,1271,8.0
tmdb_547,1278,10.0
tmdb_547,1279,7.0
tmdb_547,1280,9.0
tmdb_547,1282,10.0
tmdb_547,1284,8.0
tmdb_547,1285,7.0
tmdb_547,1358,8.0
tmdb_547,1361,10.0
tmdb_547,1370,8.0
tmdb_547,1371,2.0
tmdb_547,1374,4.0
tmdb_547,1377,5.0
tmdb_547,1380,6.0
tmdb_547,1387,8.0
tmdb_547,1391,1.0
tmdb_547,1392,6.0
tmdb_547,1393,7.0
tmdb_547,1394,4.0
tmdb_547,1396,5.0
tmdb_547,1405,8.0
tmdb_547,1407,8.0
tmdb_547,1411,10.0
tmdb_547,1413,4.0
tmdb_547,1416,5.0
tmdb_547,1419,9.0
tmdb_547,1441,8.0
tmdb_547,1484,7.0
tmdb_547,1487,5.0
tmdb_547,1498,4.0
tmdb_547,1573,2.0
tmdb_547,1580,4.0
tmdb_547,1584,8.0
tmdb_547,1587,2.0
tmdb_547,1594,8.0
tmdb_547,1596,2.0
tmdb_547,1600,4.0
tmdb_547,1610,5.0
tmdb_547,1611,8.0
tmdb_547,1633,6.0
tmdb_547,1635,9.0
tmdb_547,1639,1.0
tmdb_547,1641,8.0
tmdb_547,1649,6.0
tmdb_547,1660,6.0
tmdb_547,1673,5.0
tmdb_547,1678,7.0
tmdb_547,1680,8.0
tmdb_547,1682,9.0
tmdb_547,1683,6.0
tmdb_547,1694,8.0
tmdb_547,1702,7.0
tmdb_547,1719,8.0
tmdb_547,1721,9.0
tmdb_547,1729,10.0
tmdb_547,1732,10.0
tmdb_547,1734,7.0
tmdb_547,1810,8.0
tmdb_547,1834,9.0
tmdb_547,1836,2.0
tmdb_547,1865,2.0
tmdb_547,1883,6.0
tmdb_547,1885,9.0
tmdb_547,1909,6.0
tmdb_547,1912,1.0
tmdb_547,1913,9.0
tmdb_547,1914,4.0
tmdb_547,1921,4.0
tmdb_547,1923,8.0
tmdb_547,1924,8.0
tmdb_547,1934,7.0
tmdb_547,1936,8.0
tmdb_547,1938,8.0
tmdb_547,1939,10.0
tmdb_547,1940,5.0
tmdb_547,1944,6.0
tmdb_547,1945,10.0
tmdb_547,1946,10.0
tmdb_547,1947,10.0
tmdb_547,1948,10.0
tmdb_547,1950,10.0
tmdb_547,1951,6.0
tmdb_547,1954,3.0
tmdb_547,1955,8.0
tmdb_547,1956,10.0
tmdb_547,1958,6.0
tmdb_547,1961,6.0
tmdb_547,1963,8.0
tmdb_547,1964,8.0
tmdb_547,1965,8.0
tmdb_547,1966,2.0
tmdb_547,1968,5.0
tmdb_547,1987,6.0
tmdb_547,1994,9.0
tmdb_547,1997,6.0
tmdb_547,2011,2.0
tmdb_547,2012,1.0
tmdb_547,2013,4.0
tmdb_547,2014,2.0
tmdb_547,2015,7.0
tmdb_547,2017,6.0
tmdb_547,2018,10.0
tmdb_547,2019,10.0
tmdb_547,2020,9.0
tmdb_547,2021,4.0
tmdb_547,2023,4.0
tmdb_547,2043,7.0
tmdb_547,2056,7.0
tmdb_547,2057,7.0
tmdb_547,2064,10.0
tmdb_547,2067,10.0
tmdb_547,2078,8.0
tmdb_547,2080,7.0
tmdb_547,2085,6.0
tmdb_547,2087,7.0
tmdb_547,2088,4.0
tmdb_547,2108,7.0
tmdb_547,2110,4.0
tmdb_547,2111,4.0
tmdb_547,2112,4.0
tmdb_547,2125,7.0
tmdb_547,2135,2.0
tmdb_547,2144,5.0
tmdb_547,2155,4.0
tmdb_547,2160,8.0
tmdb_547,2165,7.0
tmdb_547,2166,5.0
tmdb_547,2171,7.0
tmdb_547,2176,8.0
tmdb_547,2186,10.0
tmdb_547,2204,8.0
tmdb_547,2239,4.0
tmdb_547,2259,1.0
tmdb_547,2260,4.0
tmdb_547,2262,2.0
tmdb_547,2268,6.0
tmdb_547,2289,10.0
tmdb_547,2290,8.0
tmdb_547,2291,8.0
tmdb_547,2300,10.0
tmdb_547,2302,7.0
tmdb_547,2313,8.0
tmdb_547,2321,9.0
tmdb_547,2324,10.0
tmdb_547,2348,4.0
tmdb_547,2349,9.0
tmdb_547,2357,10.0
tmdb_547,2360,6.0
tmdb_547,2362,8.0
tmdb_547,2363,8.0
tmdb_547,2395,4.0
tmdb_547,2441,6.0
tmdb_547,2454,7.0
tmdb_547,2455,8.0
tmdb_547,2463,4.0
tmdb_547,2501,7.0
tmdb_547,2502,5.0
tmdb_547,2539,6.0
tmdb_547,2546,4.0
tmdb_547,2565,6.0
tmdb_547,2610,8.0
tmdb_547,2612,10.0
tmdb_547,2616,1.0
tmdb_547,2617,4.0
tmdb_547,2621,6.0
tmdb_547,2639,8.0
tmdb_547,2640,4.0
tmdb_547,2654,8.0
tmdb_547,2657,8.0
tmdb_547,2671,4.0
tmdb_547,2690,8.0
tmdb_547,2699,3.0
tmdb_547,2728,9.0
tmdb_547,2731,10.0
tmdb_547,2750,6.0
tmdb_547,2755,4.0
tmdb_547,2757,6.0
tmdb_547,2759,7.0
tmdb_547,2762,8.0
tmdb_547,2770,8.0
tmdb_547,2779,6.0
tmdb_547,2788,8.0
tmdb_547,2791,10.0
tmdb_547,2925,10.0
tmdb_547,2926,8.0
tmdb_547,2928,6.0
tmdb_547,2929,8.0
tmdb_547,2959,7.0
tmdb_547,2973,6.0
tmdb_547,2976,7.0
tmdb_547,2993,7.0
tmdb_547,3007,9.0
tmdb_547,3011,8.0
tmdb_547,3019,9.0
tmdb_547,3022,9.0
tmdb_547,3028,6.0
tmdb_547,3037,9.0
tmdb_547,3051,6.0
tmdb_547,3052,4.0
tmdb_547,3060,10.0
tmdb_547,3061,4.0
tmdb_547,3072,7.0
tmdb_547,3075,8.0
tmdb_547,3077,9.0
tmdb_547,3088,10.0
tmdb_547,3090,4.0
tmdb_547,3093,4.0
tmdb_547,3101,10.0
tmdb_547,3104,10.0
tmdb_547,3115,4.0
tmdb_547,3121,7.0
tmdb_547,3125,6.0
tmdb_547,3160,8.0
tmdb_547,3175,8.0
tmdb_547,3176,9.0
tmdb_547,3418,10.0
tmdb_547,3426,6.0
tmdb_547,3469,8.0
tmdb_547,3476,7.0
tmdb_547,3478,8.0
tmdb_547,3489,3.0
tmdb_547,3512,2.0
tmdb_547,3526,4.0
tmdb_547,3536,9.0
tmdb_547,3537,4.0
tmdb_547,3543,6.0
tmdb_547,3604,8.0
tmdb_547,3682,2.0
tmdb_547,3683,8.0
tmdb_547,3699,8.0
tmdb_547,3763,8.0
tmdb_547,3989,9.0
tmdb_547,4011,1.0
tmdb_547,4024,6.0
tmdb_547,4034,9.0
tmdb_547,4043,8.0
tmdb_547,4108,8.0
tmdb_547,4174,6.0
tmdb_547,4175,6.0
tmdb_547,4191,8.0
tmdb_547,4226,9.0
tmdb_547,4228,4.0
tmdb_547,4235,9.0
tmdb_547,4279,4.0
tmdb_547,4281,6.0
tmdb_547,4290,8.0
tmdb_547,4291,2.0
tmdb_547,4296,4.0
tmdb_547,4349,9.0
tmdb_547,4464,6.0
tmdb_547,4474,4.0
tmdb_547,4495,4.0
tmdb_547,4499,2.0
tmdb_547,4515,6.0
tmdb_547,4523,6.0
tmdb_547,4546,8.0
tmdb_547,4564,4.0
tmdb_547,4587,2.0
tmdb_547,4627,4.0
tmdb_547,4628,6.0
tmdb_547,4639,2.0
tmdb_547,4641,7.0
tmdb_547,4704,6.0
tmdb_547,4787,6.0
tmdb_547,4816,8.0
tmdb_547,4823,4.0
tmdb_547,4832,6.0
tmdb_547,4889,6.0
tmdb_547,4912,9.0
tmdb_547,4927,9.0
tmdb_547,4954,5.0
tmdb_547,4965,9.0
tmdb_547,4970,6.0
tmdb_547,4973,9.0
tmdb_547,4975,8.0
tmdb_547,4978,5.0
tmdb_547,4993,5.0
tmdb_547,4995,8.0
tmdb_547,5056,4.0
tmdb_547,5060,9.0
tmdb_547,5061,3.0
tmdb_547,5121,8.0
tmdb_547,5177,6.0
tmdb_547,5434,7.0
tmdb_547,5483,8.0
tmdb_547,5521,1.0
tmdb_547,5528,7.0
tmdb_547,5544,4.0
tmdb_547,5638,6.0
tmdb_547,5646,6.0
tmdb_547,5651,7.0
tmdb_547,5680,8.0
tmdb_547,5693,9.0
tmdb_547,5729,4.0
tmdb_547,5801,8.0
tmdb_547,5820,6.0
tmdb_547,5876,8.0
tmdb_547,5902,10.0
tmdb_547,5966,5.0
tmdb_547,5991,6.0
tmdb_547,5995,8.0
tmdb_547,6003,7.0
tmdb_547,6016,8.0
tmdb_547,6105,6.0
tmdb_547,6341,6.0
tmdb_547,6373,4.0
tmdb_547,6440,4.0
tmdb_547,6466,5.0
tmdb_547,6477,7.0
tmdb_547,6538,9.0
tmdb_547,6552,9.0
tmdb_547,6620,5.0
tmdb_547,6639,9.0
tmdb_547,6646,8.0
tmdb_547,6935,7.0
tmdb_547,6957,7.0
tmdb_547,6964,7.0
tmdb_547,6970,5.0
tmdb_547,6974,7.0
tmdb_547,6977,7.0
tmdb_547,7008,9.0
tmdb_547,7010,8.0
tmdb_547,7088,9.0
tmdb_547,7091,9.0
tmdb_547,7131,7.0
tmdb_547,7182,6.0
tmdb_547,7216,7.0
tmdb_547,7219,8.0
tmdb_547,7300,9.0
tmdb_547,7348,5.0
tmdb_547,7451,5.0
tmdb_547,7484,7.0
tmdb_547,7872,5.0
tmdb_547,7944,8.0
tmdb_547,7979,8.0
tmdb_547,8011,8.0
tmdb_547,8016,4.0
tmdb_547,8056,5.0
tmdb_547,8194,6.0
tmdb_547,8197,3.0
tmdb_547,8266,5.0
tmdb_547,8337,8.0
tmdb_547,8366,6.0
tmdb_547,8373,5.0
tmdb_547,8388,8.0
tmdb_547,8392,4.0
tmdb_547,8410,8.0
tmdb_547,8420,8.0
tmdb_547,8422,6.0
tmdb_547,8462,5.0
tmdb_547,8464,9.0
tmdb_547,8487,5.0
tmdb_547,8491,9.0
tmdb_547,8583,5.0
tmdb_547,8617,6.0
tmdb_547,8618,8.0
tmdb_547,8665,7.0
tmdb_547,8768,7.0
tmdb_547,8838,8.0
tmdb_547,8851,4.0
tmdb_547,8874,5.0
tmdb_547,8882,7.0
tmdb_547,8923,8.0
tmdb_547,8933,8.0
tmdb_547,8966,8.0
tmdb_547,8970,7.0
tmdb_547,8981,8.0
tmdb_547,8984,5.0
tmdb_547,8987,6.0
tmdb_547,8998,6.0
tmdb_547,9012,8.0
tmdb_547,25769,8.0
tmdb_547,25773,8.0
tmdb_547,25842,7.0
tmdb_547,25874,6.0
tmdb_547,25900,7.0
tmdb_547,25941,8.0
tmdb_547,25952,8.0
tmdb_547,26147,9.0
tmdb_547,26178,9.0
tmdb_547,26180,7.0
tmdb_547,26198,5.0
tmdb_547,26199,8.0
tmdb_547,26258,3.0
tmdb_547,26271,8.0
tmdb_547,26323,9.0
tmdb_547,26371,5.0
tmdb_547,26564,8.0
tmdb_547,26581,4.0
tmdb_547,26622,7.0
tmdb_547,26680,6.0
tmdb_547,26689,4.0
tmdb_547,26694,8.0
tmdb_547,26712,8.0
tmdb_547,26782,6.0
tmdb_547,26797,10.0
tmdb_547,26838,7.0
tmdb_547,27329,8.0
tmdb_547,27904,8.0
tmdb_547,30707,10.0
tmdb_547,30712,9.0
tmdb_547,31104,6.0
tmdb_547,31522,3.0
tmdb_547,31696,1.0
tmdb_547,32444,5.0
tmdb_547,32582,8.0
tmdb_547,32728,7.0
tmdb_547,33166,8.0
tmdb_547,33358,8.0
tmdb_547,33660,7.0
tmdb_547,38499,9.0
tmdb_547,39414,8.0
tmdb_547,41566,8.0
tmdb_547,41714,7.0
tmdb_547,42740,5.0
tmdb_547,43333,8.0
tmdb_547,43351,6.0
tmdb_547,43635,8.0
tmdb_547,43708,7.0
tmdb_547,44694,3.0
tmdb_547,44864,5.0
tmdb_547,45179,7.0
tmdb_547,45186,3.0
tmdb_547,45722,7.0
tmdb_547,46976,6.0
tmdb_547,48385,7.0
tmdb_547,49530,7.0
tmdb_547,51540,8.0
tmdb_547,54272,9.0
tmdb_547,56152,8.0
tmdb_547,58559,5.0
tmdb_547,59118,7.0
tmdb_547,67087,8.0
tmdb_547,72720,9.0
tmdb_547,74458,8.0
tmdb_547,74510,7.0
tmdb_547,74545,8.0
tmdb_547,80346,7.0
tmdb_547,89492,8.0
tmdb_547,104374,7.0
tmdb_547,109161,8.0
tmdb_547,140174,8.0
tmdb_548,2,6.0
tmdb_548,3,8.0
tmdb_548,5,6.0
tmdb_548,6,6.0
tmdb_548,11,6.0
tmdb_548,19,6.0
tmdb_548,21,6.0
tmdb_548,22,6.0
tmdb_548,58,10.0
tmdb_548,62,6.0
tmdb_548,65,6.0
tmdb_548,69,8.0
tmdb_548,76,6.0
tmdb_548,88,6.0
tmdb_548,95,6.0
tmdb_548,105,8.0
tmdb_548,110,10.0
tmdb_548,112,6.0
tmdb_548,141,8.0
tmdb_548,150,6.0
tmdb_548,161,6.0
tmdb_548,162,8.0
tmdb_548,168,6.0
tmdb_548,223,6.0
tmdb_548,225,6.0
tmdb_548,231,8.0
tmdb_548,234,6.0
tmdb_548,235,6.0
tmdb_548,236,6.0
tmdb_548,246,8.0
tmdb_548,253,6.0
tmdb_548,260,10.0
tmdb_548,265,4.0
tmdb_548,276,6.0
tmdb_548,288,6.0
tmdb_548,292,6.0
tmdb_548,293,8.0
tmdb_548,296,8.0
tmdb_548,300,6.0
tmdb_548,306,6.0
tmdb_548,307,6.0
tmdb_548,308,6.0
tmdb_548,315,6.0
tmdb_548,316,6.0
tmdb_548,318,10.0
tmdb_548,329,6.0
tmdb_548,337,6.0
tmdb_548,340,6.0
tmdb_548,344,6.0
tmdb_548,345,8.0
tmdb_548,348,8.0
tmdb_548,349,8.0
tmdb_548,350,6.0
tmdb_548,364,6.0
tmdb_548,380,6.0
tmdb_548,383,6.0
tmdb_548,410,6.0
tmdb_548,427,6.0
tmdb_548,434,6.0
tmdb_548,435,6.0
tmdb_548,440,8.0
tmdb_548,442,8.0
tmdb_548,445,6.0
tmdb_548,454,6.0
tmdb_548,457,10.0
tmdb_548,466,6.0
tmdb_548,468,6.0
tmdb_548,480,8.0
tmdb_548,481,8.0
tmdb_548,493,6.0
tmdb_548,494,6.0
tmdb_548,497,6.0
tmdb_548,500,6.0
tmdb_548,509,6.0
tmdb_548,541,10.0
tmdb_548,542,6.0
tmdb_548,543,6.0
tmdb_548,544,6.0
tmdb_548,552,6.0
tmdb_548,553,8.0
tmdb_548,586,6.0
tmdb_548,588,6.0
tmdb_548,590,6.0
tmdb_548,593,8.0
tmdb_548,595,6.0
tmdb_548,597,6.0
tmdb_548,608,10.0
tmdb_548,628,8.0
tmdb_548,647,6.0
tmdb_548,648,6.0
tmdb_548,671,8.0
tmdb_548,708,6.0
tmdb_548,778,10.0
tmdb_548,780,8.0
tmdb_548,784,6.0
tmdb_548,786,6.0
tmdb_548,788,6.0
tmdb_548,802,6.0
tmdb_548,1073,6.0
tmdb_548,1103,6.0
tmdb_549,18,2.0
tmdb_549,267,4.0
tmdb_549,318,7.0
tmdb_549,671,10.0
tmdb_549,750,10.0
tmdb_549,858,10.0
tmdb_549,1245,7.0
tmdb_549,1680,2.0
tmdb_549,3019,5.0
tmdb_549,3087,5.0
tmdb_549,3396,6.0
tmdb_550,11,8.0
tmdb_550,16,10.0
tmdb_550,110,6.0
tmdb_550,145,8.0
tmdb_550,153,2.0
tmdb_550,161,8.0
tmdb_550,172,4.0
tmdb_550,293,6.0
tmdb_550,296,10.0
tmdb_550,338,8.0
tmdb_550,377,10.0
tmdb_550,380,8.0
tmdb_550,440,6.0
tmdb_550,442,4.0
tmdb_550,457,6.0
tmdb_550,480,8.0
tmdb_550,494,6.0
tmdb_550,527,10.0
tmdb_550,588,8.0
tmdb_550,590,10.0
tmdb_550,593,8.0
tmdb_550,608,10.0
tmdb_550,647,8.0
tmdb_550,648,6.0
tmdb_550,665,10.0
tmdb_550,780,6.0
tmdb_550,788,6.0
tmdb_550,832,4.0
tmdb_550,861,6.0
tmdb_550,1127,8.0
tmdb_550,1372,8.0
tmdb_550,1377,4.0
tmdb_550,1391,6.0
tmdb_550,1393,8.0
tmdb_550,1422,6.0
tmdb_550,1427,6.0
tmdb_550,1480,8.0
tmdb_550,1499,4.0
tmdb_550,1552,6.0
tmdb_550,1573,8.0
tmdb_550,1580,8.0
tmdb_550,1590,2.0
tmdb_550,1608,6.0
tmdb_550,1610,8.0
tmdb_550,1616,6.0
tmdb_550,1620,6.0
tmdb_550,1645,4.0
tmdb_550,1653,10.0
tmdb_550,1676,8.0
tmdb_550,1683,10.0
tmdb_550,1721,4.0
tmdb_550,1722,6.0
tmdb_550,1792,6.0
tmdb_550,1833,4.0
tmdb_550,1883,8.0
tmdb_550,1917,6.0
tmdb_550,1918,4.0
tmdb_550,1920,4.0
tmdb_550,1921,10.0
tmdb_550,1923,10.0
tmdb_550,2000,8.0
tmdb_550,2002,4.0
tmdb_550,2028,6.0
tmdb_550,2058,8.0
tmdb_550,2115,8.0
tmdb_550,2118,10.0
tmdb_550,2252,8.0
tmdb_550,2302,8.0
tmdb_550,2334,6.0
tmdb_550,2616,6.0
tmdb_550,2762,10.0
tmdb_550,2912,6.0
tmdb_550,3052,6.0
tmdb_550,3082,4.0
tmdb_550,3101,8.0
tmdb_551,12,6.0
tmdb_551,105,6.0
tmdb_551,135,6.0
tmdb_551,150,8.0
tmdb_551,196,6.0
tmdb_551,253,6.0
tmdb_551,273,8.0
tmdb_551,277,6.0
tmdb_551,316,8.0
tmdb_551,329,6.0
tmdb_551,330,6.0
tmdb_551,332,6.0
tmdb_551,336,6.0
tmdb_551,344,8.0
tmdb_551,364,6.0
tmdb_551,410,6.0
tmdb_551,421,8.0
tmdb_551,426,6.0
tmdb_551,457,8.0
tmdb_551,480,6.0
tmdb_551,548,6.0
tmdb_551,553,6.0
tmdb_551,575,8.0
tmdb_551,586,8.0
tmdb_551,587,8.0
tmdb_551,590,6.0
tmdb_551,593,6.0
tmdb_551,594,8.0
tmdb_551,595,6.0
tmdb_551,616,6.0
tmdb_551,637,8.0
tmdb_551,640,6.0
tmdb_551,648,8.0
tmdb_551,667,8.0
tmdb_551,783,10.0
tmdb_551,788,8.0
tmdb_551,849,6.0
tmdb_551,880,8.0
tmdb_551,1018,6.0
tmdb_552,97,8.0
tmdb_552,145,6.0
tmdb_552,153,4.0
tmdb_552,155,6.0
tmdb_552,165,6.0
tmdb_552,172,6.0
tmdb_552,185,4.0
tmdb_552,196,6.0
tmdb_552,198,8.0
tmdb_552,296,10.0
tmdb_552,319,8.0
tmdb_552,377,2.0
tmdb_552,466,6.0
tmdb_552,480,4.0
tmdb_552,508,6.0
tmdb_552,527,6.0
tmdb_552,546,2.0
tmdb_552,551,8.0
tmdb_552,586,2.0
tmdb_552,588,6.0
tmdb_552,590,6.0
tmdb_552,592,6.0
tmdb_552,593,8.0
tmdb_552,597,4.0
tmdb_552,616,8.0
tmdb_553,110,10.0
tmdb_553,260,10.0
tmdb_553,293,8.0
tmdb_553,318,10.0
tmdb_553,457,6.0
tmdb_553,858,7.0
tmdb_553,1262,7.0
tmdb_553,1278,8.0
tmdb_553,1377,6.0
tmdb_553,1682,3.0
tmdb_553,1722,8.0
tmdb_553,2005,10.0
tmdb_553,2028,10.0
tmdb_553,2115,10.0
tmdb_553,2502,8.0
tmdb_553,2959,10.0
tmdb_553,2989,9.0
tmdb_553,4011,8.0
tmdb_553,4886,7.0
tmdb_553,4896,9.0
tmdb_553,4958,8.0
tmdb_553,4993,10.0
tmdb_553,4995,9.0
tmdb_553,5816,9.0
tmdb_553,6016,8.0
tmdb_553,6947,6.0
tmdb_553,8665,8.0
tmdb_553,8874,8.0
tmdb_553,8961,7.0
tmdb_553,30707,5.0
tmdb_553,40815,9.0
tmdb_553,41566,9.0
tmdb_553,44191,8.0
tmdb_553,45722,8.0
tmdb_553,49530,8.0
tmdb_553,51935,10.0
tmdb_553,58559,10.0
tmdb_553,67087,8.0
tmdb_553,74458,7.0
tmdb_553,77866,8.0
tmdb_553,79553,8.0
tmdb_553,86332,9.0
tmdb_554,17,10.0
tmdb_554,500,6.0
tmdb_554,527,10.0
tmdb_554,541,8.0
tmdb_554,593,8.0
tmdb_554,784,2.0
tmdb_554,858,10.0
tmdb_554,1556,2.0
tmdb_554,1610,6.0
tmdb_554,1676,6.0
tmdb_554,1734,8.0
tmdb_554,1959,8.0
tmdb_554,1968,6.0
tmdb_554,1975,6.0
tmdb_554,1977,2.0
tmdb_554,1996,2.0
tmdb_554,2012,4.0
tmdb_554,2029,8.0
tmdb_554,2114,8.0
tmdb_554,2324,8.0
tmdb_554,2355,8.0
tmdb_554,2470,4.0
tmdb_554,2762,10.0
tmdb_554,3309,8.0
tmdb_554,4025,4.0
tmdb_554,4993,8.0
tmdb_555,17,6.0
tmdb_555,82,6.0
tmdb_555,95,2.0
tmdb_555,105,4.0
tmdb_555,110,6.0
tmdb_555,114,6.0
tmdb_555,144,8.0
tmdb_555,150,6.0
tmdb_555,154,8.0
tmdb_555,194,10.0
tmdb_555,196,6.0
tmdb_555,225,6.0
tmdb_555,232,6.0
tmdb_555,246,6.0
tmdb_555,247,6.0
tmdb_555,249,4.0
tmdb_555,253,6.0
tmdb_555,260,10.0
tmdb_555,272,8.0
tmdb_555,273,6.0
tmdb_555,296,8.0
tmdb_555,300,6.0
tmdb_555,306,10.0
tmdb_555,307,8.0
tmdb_555,308,10.0
tmdb_555,316,6.0
tmdb_555,318,10.0
tmdb_555,329,6.0
tmdb_555,337,4.0
tmdb_555,342,6.0
tmdb_555,344,6.0
tmdb_555,348,6.0
tmdb_555,377,6.0
tmdb_555,380,6.0
tmdb_555,457,6.0
tmdb_555,480,6.0
tmdb_555,497,6.0
tmdb_555,509,8.0
tmdb_555,527,8.0
tmdb_555,535,8.0
tmdb_555,537,6.0
tmdb_555,539,4.0
tmdb_555,582,8.0
tmdb_555,587,2.0
tmdb_555,590,6.0
tmdb_555,592,6.0
tmdb_555,593,6.0
tmdb_555,608,8.0
tmdb_555,648,6.0
tmdb_555,780,6.0
tmdb_555,786,6.0
tmdb_555,802,2.0
tmdb_556,150,10.0
tmdb_556,161,10.0
tmdb_556,165,10.0
tmdb_556,231,6.0
tmdb_556,292,10.0
tmdb_556,296,6.0
tmdb_556,316,10.0
tmdb_556,318,10.0
tmdb_556,329,10.0
tmdb_556,344,8.0
tmdb_556,349,10.0
tmdb_556,364,8.0
tmdb_556,380,8.0
tmdb_556,434,8.0
tmdb_556,454,10.0
tmdb_556,457,10.0
tmdb_556,480,10.0
tmdb_556,500,8.0
tmdb_556,586,8.0
tmdb_556,590,10.0
tmdb_556,592,6.0
tmdb_556,593,10.0
tmdb_557,239,6.0
tmdb_557,344,6.0
tmdb_557,410,5.0
tmdb_557,588,5.0
tmdb_557,616,5.0
tmdb_557,631,4.0
tmdb_557,934,7.0
tmdb_557,940,6.0
tmdb_557,1367,5.0
tmdb_557,1381,8.0
tmdb_557,1592,7.0
tmdb_557,1688,6.0
tmdb_557,1713,6.0
tmdb_557,2018,4.0
tmdb_557,2085,3.0
tmdb_557,2123,4.0
tmdb_557,2124,5.0
tmdb_557,2141,2.0
tmdb_557,2142,2.0
tmdb_557,2152,7.0
tmdb_557,2294,3.0
tmdb_557,5481,8.0
tmdb_557,47518,7.0
tmdb_557,59429,8.0
tmdb_558,111,10.0
tmdb_558,121,8.0
tmdb_558,290,8.0
tmdb_558,327,2.0
tmdb_558,593,10.0
tmdb_558,608,8.0
tmdb_558,615,8.0
tmdb_558,648,8.0
tmdb_558,678,10.0
tmdb_558,806,8.0
tmdb_558,846,8.0
tmdb_558,858,10.0
tmdb_558,903,8.0
tmdb_558,912,10.0
tmdb_558,920,10.0
tmdb_558,924,10.0
tmdb_558,949,8.0
tmdb_558,1089,10.0
tmdb_558,1090,10.0
tmdb_558,1213,10.0
tmdb_558,1247,10.0
tmdb_558,1249,8.0
tmdb_558,1250,10.0
tmdb_558,1254,10.0
tmdb_558,1267,10.0
tmdb_558,1282,10.0
tmdb_558,1413,10.0
tmdb_558,1594,6.0
tmdb_558,1609,6.0
tmdb_558,1945,10.0
tmdb_558,1946,10.0
tmdb_558,2015,6.0
tmdb_558,2019,10.0
tmdb_558,2085,8.0
tmdb_558,2300,8.0
tmdb_558,2357,10.0
tmdb_558,2662,8.0
tmdb_558,2976,6.0
tmdb_558,2998,8.0
tmdb_558,3055,6.0
tmdb_558,3077,8.0
tmdb_558,3078,8.0
tmdb_558,3079,8.0
tmdb_558,3082,8.0
tmdb_558,3083,10.0
tmdb_558,3089,10.0
tmdb_558,3112,10.0
tmdb_558,3116,8.0
tmdb_558,3117,6.0
tmdb_558,3160,8.0
tmdb_558,3173,6.0
tmdb_558,3176,8.0
tmdb_558,3509,8.0
tmdb_558,3512,10.0
tmdb_558,3683,10.0
tmdb_558,3763,10.0
tmdb_558,3865,4.0
tmdb_558,4024,8.0
tmdb_558,4034,10.0
tmdb_558,4148,10.0
tmdb_558,4174,10.0
tmdb_558,4191,10.0
tmdb_558,4226,10.0
tmdb_558,4234,8.0
tmdb_558,4641,10.0
tmdb_558,4889,8.0
tmdb_558,4995,10.0
tmdb_559,3,6.0
tmdb_559,17,8.0
tmdb_559,79,8.0
tmdb_559,95,8.0
tmdb_559,104,8.0
tmdb_559,110,10.0
tmdb_559,135,6.0
tmdb_559,150,10.0
tmdb_559,260,10.0
tmdb_559,300,8.0
tmdb_559,316,10.0
tmdb_559,318,10.0
tmdb_559,349,10.0
tmdb_559,364,8.0
tmdb_559,380,10.0
tmdb_559,457,10.0
tmdb_559,494,8.0
tmdb_559,497,10.0
tmdb_559,527,10.0
tmdb_559,541,10.0
tmdb_559,588,10.0
tmdb_559,590,10.0
tmdb_559,593,10.0
tmdb_559,608,10.0
tmdb_559,637,6.0
tmdb_559,648,8.0
tmdb_559,671,8.0
tmdb_559,673,6.0
tmdb_559,765,6.0
tmdb_559,780,8.0
tmdb_559,788,8.0
tmdb_559,802,8.0
tmdb_559,805,10.0
tmdb_559,830,6.0
tmdb_559,858,10.0
tmdb_559,903,10.0
tmdb_559,913,10.0
tmdb_559,919,6.0
tmdb_559,926,10.0
tmdb_559,953,10.0
tmdb_559,986,10.0
tmdb_559,991,10.0
tmdb_559,1247,10.0
tmdb_559,1250,10.0
tmdb_559,1252,10.0
tmdb_559,1262,10.0
tmdb_559,1266,10.0
tmdb_559,1272,10.0
tmdb_559,1393,10.0
tmdb_559,1414,8.0
tmdb_559,1479,8.0
tmdb_559,1485,8.0
tmdb_559,1544,6.0
tmdb_559,1573,8.0
tmdb_559,1580,10.0
tmdb_559,1584,10.0
tmdb_559,1610,10.0
tmdb_559,1653,8.0
tmdb_559,1667,8.0
tmdb_559,1682,8.0
tmdb_559,1721,10.0
tmdb_559,1931,10.0
tmdb_559,1961,10.0
tmdb_559,1997,10.0
tmdb_559,2018,10.0
tmdb_559,2019,10.0
tmdb_559,2028,10.0
tmdb_559,2078,8.0
tmdb_559,2080,8.0
tmdb_559,2268,10.0
tmdb_559,2294,6.0
tmdb_559,2355,10.0
tmdb_559,2433,8.0
tmdb_560,19,7.0
tmdb_560,150,9.0
tmdb_560,165,8.0
tmdb_560,231,7.0
tmdb_560,296,8.0
tmdb_560,318,10.0
tmdb_560,344,7.0
tmdb_560,364,8.0
tmdb_560,455,7.0
tmdb_560,480,8.0
tmdb_560,527,9.0
tmdb_560,586,8.0
tmdb_560,593,7.0
tmdb_560,596,8.0
tmdb_560,597,7.0
tmdb_560,648,8.0
tmdb_560,778,7.0
tmdb_560,780,8.0
tmdb_560,858,8.0
tmdb_560,1059,8.0
tmdb_560,1370,8.0
tmdb_560,1407,8.0
tmdb_560,1544,8.0
tmdb_560,1566,8.0
tmdb_560,1573,9.0
tmdb_560,1580,6.0
tmdb_560,1608,8.0
tmdb_560,1665,8.0
tmdb_560,1676,8.0
tmdb_560,1690,8.0
tmdb_560,1702,9.0
tmdb_560,1717,8.0
tmdb_560,1722,7.0
tmdb_560,1882,8.0
tmdb_560,1917,9.0
tmdb_560,2011,10.0
tmdb_560,2012,10.0
tmdb_560,2085,7.0
tmdb_560,2294,8.0
tmdb_560,2335,6.0
tmdb_560,2355,8.0
tmdb_560,2455,8.0
tmdb_560,2470,8.0
tmdb_560,2687,8.0
tmdb_560,2761,8.0
tmdb_560,2959,10.0
tmdb_560,2990,8.0
tmdb_560,3034,7.0
tmdb_560,3082,8.0
tmdb_560,3114,8.0
tmdb_560,4254,6.0
tmdb_560,116977,6.0
tmdb_561,2,6.0
tmdb_561,62,8.0
tmdb_561,104,8.0
tmdb_561,141,8.0
tmdb_561,150,8.0
tmdb_561,153,6.0
tmdb_561,160,5.0
tmdb_561,163,8.0
tmdb_561,173,2.0
tmdb_561,180,9.0
tmdb_561,216,6.0
tmdb_561,223,10.0
tmdb_561,231,6.0
tmdb_561,235,10.0
tmdb_561,236,7.0
tmdb_561,260,9.0
tmdb_561,293,8.0
tmdb_561,296,9.0
tmdb_561,317,6.0
tmdb_561,327,5.0
tmdb_561,329,6.0
tmdb_561,364,8.0
tmdb_561,377,6.0
tmdb_561,380,6.0
tmdb_561,410,6.0
tmdb_561,466,8.0
tmdb_561,480,8.0
tmdb_561,500,6.0
tmdb_561,527,8.0
tmdb_561,551,8.0
tmdb_561,552,8.0
tmdb_561,586,6.0
tmdb_561,588,7.0
tmdb_561,592,8.0
tmdb_561,593,9.0
tmdb_561,594,4.0
tmdb_561,595,7.0
tmdb_561,596,3.0
tmdb_561,648,7.0
tmdb_561,780,6.0
tmdb_561,783,6.0
tmdb_561,802,6.0
tmdb_561,832,4.0
tmdb_561,919,6.0
tmdb_561,923,8.0
tmdb_561,924,7.0
tmdb_561,1059,7.0
tmdb_561,1073,8.0
tmdb_561,1089,10.0
tmdb_561,1247,9.0
tmdb_561,1265,7.0
tmdb_561,1278,9.0
tmdb_561,1282,6.0
tmdb_561,1285,8.0
tmdb_561,1377,6.0
tmdb_561,1380,6.0
tmdb_561,1391,6.0
tmdb_561,1552,7.0
tmdb_561,1562,5.0
tmdb_561,1573,8.0
tmdb_561,1580,6.0
tmdb_561,1608,6.0
tmdb_561,1610,8.0
tmdb_561,1639,8.0
tmdb_561,1645,7.0
tmdb_561,1653,8.0
tmdb_561,1676,7.0
tmdb_561,1682,9.0
tmdb_561,1722,6.0
tmdb_561,1835,7.0
tmdb_561,1917,6.0
tmdb_561,1968,8.0
tmdb_561,2006,6.0
tmdb_561,2012,7.0
tmdb_561,2028,7.0
tmdb_561,2054,8.0
tmdb_561,2105,9.0
tmdb_561,2115,8.0
tmdb_561,2291,10.0
tmdb_561,2294,5.0
tmdb_561,2324,7.0
tmdb_561,2355,7.0
tmdb_561,2502,8.0
tmdb_561,2605,6.0
tmdb_561,2617,6.0
tmdb_561,2657,8.0
tmdb_561,2770,6.0
tmdb_561,2791,6.0
tmdb_561,2959,9.0
tmdb_561,2993,8.0
tmdb_561,3033,10.0
tmdb_561,3034,9.0
tmdb_561,3052,8.0
tmdb_561,3107,4.0
tmdb_561,3114,6.0
tmdb_561,3175,6.0
tmdb_561,3686,10.0
tmdb_561,4025,6.0
tmdb_561,4226,6.0
tmdb_561,4643,5.0
tmdb_561,4734,6.0
tmdb_561,4896,8.0
tmdb_561,4973,7.0
tmdb_561,4974,6.0
tmdb_561,4993,10.0
tmdb_561,5066,6.0
tmdb_561,5528,7.0
tmdb_561,5816,8.0
tmdb_561,5956,8.0
tmdb_561,5971,8.0
tmdb_561,5991,9.0
tmdb_561,6373,7.0
tmdb_561,6934,5.0
tmdb_561,7090,8.0
tmdb_561,7451,8.0
tmdb_561,8464,7.0
tmdb_561,8874,8.0
tmdb_561,8961,9.0
tmdb_561,8984,8.0
tmdb_561,30707,6.0
tmdb_561,30793,7.0
tmdb_561,41566,8.0
tmdb_561,44191,8.0
tmdb_561,45431,7.0
tmdb_561,45722,9.0
tmdb_561,46972,8.0
tmdb_561,48385,4.0
tmdb_562,5,7.0
tmdb_562,6,8.0
tmdb_562,11,8.0
tmdb_562,16,7.0
tmdb_562,19,6.0
tmdb_562,21,8.0
tmdb_562,95,7.0
tmdb_562,110,8.0
tmdb_562,141,8.0
tmdb_562,150,9.0
tmdb_562,163,8.0
tmdb_562,165,7.0
tmdb_562,180,8.0
tmdb_562,185,7.0
tmdb_562,186,7.0
tmdb_562,223,10.0
tmdb_562,235,8.0
tmdb_562,253,9.0
tmdb_562,260,10.0
tmdb_562,288,8.0
tmdb_562,292,8.0
tmdb_562,293,9.0
tmdb_562,296,10.0
tmdb_562,300,8.0
tmdb_562,317,6.0
tmdb_562,318,10.0
tmdb_562,339,7.0
tmdb_562,344,6.0
tmdb_562,364,9.0
tmdb_562,377,8.0
tmdb_562,380,8.0
tmdb_562,410,7.0
tmdb_562,457,8.0
tmdb_562,480,10.0
tmdb_562,500,7.0
tmdb_562,527,8.0
tmdb_562,539,8.0
tmdb_562,541,8.0
tmdb_562,553,8.0
tmdb_562,586,7.0
tmdb_562,590,8.0
tmdb_562,592,9.0
tmdb_562,593,10.0
tmdb_562,597,9.0
tmdb_562,608,9.0
tmdb_562,678,7.0
tmdb_562,778,8.0
tmdb_562,780,8.0
tmdb_562,784,6.0
tmdb_562,786,7.0
tmdb_562,858,8.0
tmdb_562,1073,9.0
tmdb_562,1089,10.0
tmdb_562,1092,8.0
tmdb_562,1213,9.0
tmdb_562,1246,9.0
tmdb_562,1265,8.0
tmdb_562,1266,8.0
tmdb_562,1358,7.0
tmdb_562,1370,7.0
tmdb_562,1391,7.0
tmdb_562,1393,8.0
tmdb_562,1407,8.0
tmdb_562,1573,7.0
tmdb_562,1580,8.0
tmdb_562,1584,8.0
tmdb_562,1610,9.0
tmdb_562,1639,9.0
tmdb_562,1673,8.0
tmdb_562,1676,8.0
tmdb_562,1682,7.0
tmdb_562,1721,8.0
tmdb_562,1729,8.0
tmdb_562,1909,9.0
tmdb_562,1917,7.0
tmdb_562,1923,8.0
tmdb_562,2001,8.0
tmdb_562,2011,7.0
tmdb_562,2012,6.0
tmdb_562,2023,7.0
tmdb_562,2028,10.0
tmdb_562,2058,9.0
tmdb_562,2115,9.0
tmdb_562,2268,9.0
tmdb_562,2291,8.0
tmdb_562,2294,8.0
tmdb_562,2302,8.0
tmdb_562,2355,8.0
tmdb_562,2395,7.0
tmdb_562,2502,9.0
tmdb_562,2617,7.0
tmdb_562,2671,8.0
tmdb_562,2762,6.0
tmdb_562,2791,8.0
tmdb_562,2959,9.0
tmdb_562,3052,9.0
tmdb_562,3114,8.0
tmdb_562,4034,8.0
tmdb_562,4105,8.0
tmdb_562,4226,9.0
tmdb_562,4499,8.0
tmdb_562,4734,9.0
tmdb_562,4886,8.0
tmdb_562,4896,9.0
tmdb_562,4973,8.0
tmdb_562,4993,10.0
tmdb_562,5816,9.0
tmdb_562,5956,8.0
tmdb_562,5991,8.0
tmdb_562,6947,8.0
tmdb_562,8961,9.0
tmdb_562,8983,8.0
tmdb_562,30793,8.0
tmdb_562,40815,9.0
tmdb_562,41566,8.0
tmdb_562,44191,8.0
tmdb_562,45722,9.0
tmdb_562,49013,2.0
tmdb_563,111,9.0
tmdb_563,150,5.0
tmdb_563,267,6.0
tmdb_563,293,8.0
tmdb_563,296,10.0
tmdb_563,364,6.0
tmdb_563,442,7.0
tmdb_563,527,6.0
tmdb_563,541,8.0
tmdb_563,608,8.0
tmdb_563,750,10.0
tmdb_563,778,9.0
tmdb_563,924,10.0
tmdb_563,1213,10.0
tmdb_563,2028,8.0
tmdb_563,2762,8.0
tmdb_563,2959,10.0
tmdb_563,3593,4.0
tmdb_563,4011,8.0
tmdb_563,4226,7.0
tmdb_563,4734,8.0
tmdb_563,4973,5.0
tmdb_563,6283,8.0
tmdb_563,8874,7.0
tmdb_563,8916,5.0
tmdb_563,27793,3.0
tmdb_563,31658,9.0
tmdb_563,33166,9.0
tmdb_563,44191,8.0
tmdb_563,58559,8.0
tmdb_563,74458,8.0
tmdb_563,89492,8.0
tmdb_563,98491,8.0
tmdb_563,115210,8.0
tmdb_564,2,8.0
tmdb_564,3,6.0
tmdb_564,5,6.0
tmdb_564,6,2.0
tmdb_564,11,6.0
tmdb_564,12,2.0
tmdb_564,13,8.0
tmdb_564,15,2.0
tmdb_564,16,8.0
tmdb_564,17,6.0
tmdb_564,18,4.0
tmdb_564,19,6.0
tmdb_564,21,8.0
tmdb_564,22,10.0
tmdb_564,25,10.0
tmdb_564,30,10.0
tmdb_564,35,4.0
tmdb_564,55,8.0
tmdb_564,62,2.0
tmdb_564,66,2.0
tmdb_564,68,8.0
tmdb_564,70,4.0
tmdb_564,71,4.0
tmdb_564,73,4.0
tmdb_564,74,6.0
tmdb_564,76,8.0
tmdb_564,77,8.0
tmdb_564,78,8.0
tmdb_564,81,6.0
tmdb_564,85,8.0
tmdb_564,86,8.0
tmdb_564,87,2.0
tmdb_564,88,4.0
tmdb_564,89,6.0
tmdb_564,93,4.0
tmdb_564,95,6.0
tmdb_564,99,8.0
tmdb_564,102,8.0
tmdb_564,103,10.0
tmdb_564,104,4.0
tmdb_564,105,8.0
tmdb_564,107,8.0
tmdb_564,108,8.0
tmdb_564,110,2.0
tmdb_564,111,6.0
tmdb_564,112,6.0
tmdb_564,113,8.0
tmdb_564,116,10.0
tmdb_564,118,8.0
tmdb_564,121,8.0
tmdb_564,122,8.0
tmdb_564,132,8.0
tmdb_564,137,2.0
tmdb_564,141,8.0
tmdb_564,145,4.0
tmdb_564,147,4.0
tmdb_564,149,10.0
tmdb_564,150,6.0
tmdb_564,152,8.0
tmdb_564,153,6.0
tmdb_564,155,4.0
tmdb_564,156,10.0
tmdb_564,158,6.0
tmdb_564,160,2.0
tmdb_564,161,8.0
tmdb_564,162,10.0
tmdb_564,165,8.0
tmdb_564,166,8.0
tmdb_564,169,2.0
tmdb_564,170,8.0
tmdb_564,171,8.0
tmdb_564,172,2.0
tmdb_564,173,8.0
tmdb_564,174,2.0
tmdb_564,175,2.0
tmdb_564,176,8.0
tmdb_564,177,4.0
tmdb_564,180,8.0
tmdb_564,183,10.0
tmdb_564,184,10.0
tmdb_564,185,8.0
tmdb_564,186,6.0
tmdb_564,189,8.0
tmdb_564,193,10.0
tmdb_564,194,8.0
tmdb_564,196,8.0
tmdb_564,198,8.0
tmdb_564,203,8.0
tmdb_564,205,6.0
tmdb_564,206,10.0
tmdb_564,207,6.0
tmdb_564,216,2.0
tmdb_564,217,6.0
tmdb_564,218,6.0
tmdb_564,219,8.0
tmdb_564,220,4.0
tmdb_564,222,8.0
tmdb_564,223,10.0
tmdb_564,225,8.0
tmdb_564,229,10.0
tmdb_564,231,10.0
tmdb_564,233,10.0
tmdb_564,234,8.0
tmdb_564,235,10.0
tmdb_564,236,6.0
tmdb_564,237,4.0
tmdb_564,239,10.0
tmdb_564,240,10.0
tmdb_564,241,10.0
tmdb_564,244,6.0
tmdb_564,247,10.0
tmdb_564,248,10.0
tmdb_564,250,2.0
tmdb_564,252,6.0
tmdb_564,253,10.0
tmdb_564,255,4.0
tmdb_564,256,8.0
tmdb_564,257,4.0
tmdb_564,260,4.0
tmdb_564,261,8.0
tmdb_564,265,2.0
tmdb_564,266,4.0
tmdb_564,267,4.0
tmdb_564,271,10.0
tmdb_564,273,8.0
tmdb_564,277,6.0
tmdb_564,278,10.0
tmdb_564,287,8.0
tmdb_564,288,6.0
tmdb_564,291,4.0
tmdb_564,292,2.0
tmdb_564,296,10.0
tmdb_564,299,10.0
tmdb_564,302,8.0
tmdb_564,303,6.0
tmdb_564,312,10.0
tmdb_564,313,2.0
tmdb_564,314,4.0
tmdb_564,315,2.0
tmdb_564,317,6.0
tmdb_564,319,10.0
tmdb_564,320,6.0
tmdb_564,326,10.0
tmdb_564,327,10.0
tmdb_564,329,6.0
tmdb_564,330,8.0
tmdb_564,332,8.0
tmdb_564,335,6.0
tmdb_564,337,6.0
tmdb_564,338,4.0
tmdb_564,339,8.0
tmdb_564,342,10.0
tmdb_564,344,6.0
tmdb_564,345,8.0
tmdb_564,347,8.0
tmdb_564,348,8.0
tmdb_564,349,8.0
tmdb_564,350,10.0
tmdb_564,363,10.0
tmdb_564,364,8.0
tmdb_564,377,4.0
tmdb_564,378,2.0
tmdb_564,379,8.0
tmdb_564,380,10.0
tmdb_564,381,8.0
tmdb_564,387,8.0
tmdb_564,388,8.0
tmdb_564,390,8.0
tmdb_564,391,6.0
tmdb_564,392,4.0
tmdb_564,405,2.0
tmdb_564,407,8.0
tmdb_564,410,10.0
tmdb_564,415,6.0
tmdb_564,421,10.0
tmdb_564,422,10.0
tmdb_564,423,10.0
tmdb_564,425,8.0
tmdb_564,426,10.0
tmdb_564,427,4.0
tmdb_564,429,6.0
tmdb_564,431,4.0
tmdb_564,434,8.0
tmdb_564,435,4.0
tmdb_564,436,2.0
tmdb_564,437,6.0
tmdb_564,440,4.0
tmdb_564,441,6.0
tmdb_564,442,6.0
tmdb_564,445,6.0
tmdb_564,451,8.0
tmdb_564,452,8.0
tmdb_564,454,8.0
tmdb_564,455,2.0
tmdb_564,457,8.0
tmdb_564,468,4.0
tmdb_564,469,6.0
tmdb_564,473,2.0
tmdb_564,475,4.0
tmdb_564,480,10.0
tmdb_564,481,8.0
tmdb_564,488,6.0
tmdb_564,489,6.0
tmdb_564,490,6.0
tmdb_564,492,10.0
tmdb_564,493,2.0
tmdb_564,497,6.0
tmdb_564,500,10.0
tmdb_564,501,10.0
tmdb_564,502,2.0
tmdb_564,505,6.0
tmdb_564,506,6.0
tmdb_564,507,8.0
tmdb_564,508,6.0
tmdb_564,509,10.0
tmdb_564,512,6.0
tmdb_564,513,8.0
tmdb_564,521,10.0
tmdb_564,523,10.0
tmdb_564,526,2.0
tmdb_564,527,8.0
tmdb_564,532,10.0
tmdb_564,533,8.0
tmdb_564,534,8.0
tmdb_564,535,8.0
tmdb_564,537,8.0
tmdb_564,539,10.0
tmdb_564,540,8.0
tmdb_564,541,8.0
tmdb_564,542,8.0
tmdb_564,543,8.0
tmdb_564,544,2.0
tmdb_564,547,6.0
tmdb_564,548,4.0
tmdb_564,550,10.0
tmdb_564,551,10.0
tmdb_564,552,8.0
tmdb_564,553,2.0
tmdb_564,558,8.0
tmdb_564,561,6.0
tmdb_564,562,6.0
tmdb_564,565,8.0
tmdb_564,567,10.0
tmdb_564,571,8.0
tmdb_564,574,6.0
tmdb_564,575,4.0
tmdb_564,577,2.0
tmdb_564,580,8.0
tmdb_564,581,10.0
tmdb_564,585,8.0
tmdb_564,586,2.0
tmdb_564,587,2.0
tmdb_564,588,8.0
tmdb_564,590,4.0
tmdb_564,592,8.0
tmdb_564,593,10.0
tmdb_564,594,8.0
tmdb_564,595,8.0
tmdb_564,596,8.0
tmdb_564,597,8.0
tmdb_564,606,8.0
tmdb_564,608,10.0
tmdb_564,612,8.0
tmdb_564,614,4.0
tmdb_564,616,8.0
tmdb_564,621,10.0
tmdb_564,627,8.0
tmdb_564,628,10.0
tmdb_564,631,4.0
tmdb_564,633,8.0
tmdb_564,637,2.0
tmdb_564,639,8.0
tmdb_564,640,8.0
tmdb_564,648,4.0
tmdb_564,653,8.0
tmdb_564,661,8.0
tmdb_564,662,2.0
tmdb_564,663,6.0
tmdb_564,664,8.0
tmdb_564,670,2.0
tmdb_564,671,8.0
tmdb_564,673,2.0
tmdb_564,674,8.0
tmdb_564,678,8.0
tmdb_564,680,8.0
tmdb_564,691,8.0
tmdb_564,695,8.0
tmdb_564,697,4.0
tmdb_564,705,4.0
tmdb_564,707,10.0
tmdb_564,708,8.0
tmdb_564,709,6.0
tmdb_564,745,8.0
tmdb_564,750,10.0
tmdb_564,753,8.0
tmdb_564,754,8.0
tmdb_564,765,4.0
tmdb_564,766,10.0
tmdb_564,775,4.0
tmdb_564,778,8.0
tmdb_564,779,6.0
tmdb_564,780,4.0
tmdb_564,782,8.0
tmdb_564,783,6.0
tmdb_564,784,6.0
tmdb_564,786,8.0
tmdb_564,788,8.0
tmdb_564,799,8.0
tmdb_564,800,10.0
tmdb_564,801,8.0
tmdb_564,802,8.0
tmdb_564,804,8.0
tmdb_564,806,6.0
tmdb_564,810,2.0
tmdb_564,818,8.0
tmdb_564,830,8.0
tmdb_564,831,8.0
tmdb_564,836,4.0
tmdb_564,838,6.0
tmdb_564,840,8.0
tmdb_564,841,8.0
tmdb_564,842,6.0
tmdb_564,846,8.0
tmdb_564,849,10.0
tmdb_564,851,6.0
tmdb_564,858,4.0
tmdb_564,861,6.0
tmdb_564,864,6.0
tmdb_564,866,10.0
tmdb_564,875,8.0
tmdb_564,879,10.0
tmdb_564,880,8.0
tmdb_564,881,4.0
tmdb_564,888,6.0
tmdb_564,891,6.0
tmdb_564,892,6.0
tmdb_564,896,8.0
tmdb_564,901,8.0
tmdb_564,903,10.0
tmdb_564,905,8.0
tmdb_564,910,10.0
tmdb_564,912,8.0
tmdb_564,914,6.0
tmdb_564,919,6.0
tmdb_564,920,10.0
tmdb_564,921,10.0
tmdb_564,922,10.0
tmdb_564,923,6.0
tmdb_564,924,6.0
tmdb_564,926,10.0
tmdb_564,928,8.0
tmdb_564,931,8.0
tmdb_564,934,8.0
tmdb_564,942,8.0
tmdb_564,949,6.0
tmdb_564,953,10.0
tmdb_564,955,10.0
tmdb_564,968,10.0
tmdb_564,980,2.0
tmdb_564,988,10.0
tmdb_564,991,6.0
tmdb_564,1018,8.0
tmdb_564,1023,8.0
tmdb_564,1024,8.0
tmdb_564,1049,6.0
tmdb_564,1051,6.0
tmdb_564,1073,10.0
tmdb_564,1088,4.0
tmdb_564,1089,10.0
tmdb_564,1091,8.0
tmdb_564,1092,10.0
tmdb_564,1093,8.0
tmdb_564,1125,10.0
tmdb_564,1126,6.0
tmdb_564,1127,8.0
tmdb_564,1213,6.0
tmdb_564,1244,10.0
tmdb_564,1246,6.0
tmdb_564,1247,8.0
tmdb_564,1248,8.0
tmdb_564,1249,8.0
tmdb_564,1251,8.0
tmdb_564,1252,10.0
tmdb_564,1255,8.0
tmdb_564,1257,6.0
tmdb_564,1259,10.0
tmdb_564,1266,10.0
tmdb_564,1268,8.0
tmdb_564,1271,10.0
tmdb_564,1272,8.0
tmdb_564,1273,4.0
tmdb_564,1278,10.0
tmdb_564,1279,10.0
tmdb_564,1280,8.0
tmdb_564,1282,8.0
tmdb_564,1284,8.0
tmdb_564,1285,10.0
tmdb_564,1358,6.0
tmdb_564,1361,10.0
tmdb_564,1366,8.0
tmdb_564,1367,6.0
tmdb_564,1369,4.0
tmdb_564,1370,8.0
tmdb_564,1371,8.0
tmdb_564,1372,8.0
tmdb_564,1373,6.0
tmdb_564,1374,10.0
tmdb_564,1375,8.0
tmdb_564,1376,8.0
tmdb_564,1377,8.0
tmdb_564,1378,2.0
tmdb_564,1379,2.0
tmdb_564,1380,8.0
tmdb_564,1381,8.0
tmdb_564,1387,10.0
tmdb_564,1389,6.0
tmdb_564,1391,8.0
tmdb_564,1392,10.0
tmdb_564,1394,8.0
tmdb_564,1396,8.0
tmdb_564,1405,8.0
tmdb_564,1406,8.0
tmdb_564,1407,8.0
tmdb_564,1408,6.0
tmdb_564,1410,6.0
tmdb_564,1411,8.0
tmdb_564,1414,8.0
tmdb_564,1415,8.0
tmdb_564,1416,6.0
tmdb_564,1419,8.0
tmdb_564,1479,6.0
tmdb_564,1480,10.0
tmdb_564,1483,10.0
tmdb_564,1485,4.0
tmdb_564,1487,6.0
tmdb_564,1493,8.0
tmdb_564,1495,2.0
tmdb_564,1498,6.0
tmdb_564,1499,4.0
tmdb_564,1535,8.0
tmdb_564,1541,8.0
tmdb_564,1543,10.0
tmdb_564,1544,4.0
tmdb_564,1546,2.0
tmdb_564,1549,4.0
tmdb_564,1550,6.0
tmdb_564,1552,8.0
tmdb_564,1554,10.0
tmdb_564,1562,6.0
tmdb_564,1566,6.0
tmdb_564,1572,6.0
tmdb_564,1573,8.0
tmdb_564,1580,8.0
tmdb_564,1581,8.0
tmdb_564,1583,2.0
tmdb_564,1587,8.0
tmdb_564,1588,8.0
tmdb_564,1590,10.0
tmdb_564,1591,6.0
tmdb_564,1592,2.0
tmdb_564,1595,2.0
tmdb_564,1597,2.0
tmdb_564,1598,6.0
tmdb_564,1600,4.0
tmdb_564,1608,4.0
tmdb_564,1610,8.0
tmdb_564,1611,8.0
tmdb_564,1616,6.0
tmdb_564,1619,6.0
tmdb_564,1620,6.0
tmdb_564,1623,4.0
tmdb_564,1627,4.0
tmdb_564,1629,10.0
tmdb_564,1633,6.0
tmdb_564,1635,8.0
tmdb_564,1639,10.0
tmdb_564,1640,2.0
tmdb_564,1641,10.0
tmdb_564,1642,8.0
tmdb_564,1643,8.0
tmdb_564,1644,8.0
tmdb_564,1645,8.0
tmdb_564,1648,8.0
tmdb_564,1649,10.0
tmdb_564,1653,4.0
tmdb_564,1655,10.0
tmdb_564,1661,6.0
tmdb_564,1667,6.0
tmdb_564,1673,8.0
tmdb_564,1676,2.0
tmdb_564,1678,10.0
tmdb_564,1682,6.0
tmdb_564,1688,8.0
tmdb_564,1690,8.0
tmdb_564,1696,4.0
tmdb_564,1701,10.0
tmdb_564,1702,4.0
tmdb_564,1713,8.0
tmdb_564,1715,6.0
tmdb_564,1717,8.0
tmdb_564,1719,6.0
tmdb_564,1721,8.0
tmdb_564,1722,8.0
tmdb_564,1726,2.0
tmdb_564,1729,6.0
tmdb_564,1730,8.0
tmdb_564,1731,2.0
tmdb_564,1732,10.0
tmdb_564,1771,10.0
tmdb_564,1779,8.0
tmdb_564,1783,2.0
tmdb_564,1791,8.0
tmdb_564,1812,6.0
tmdb_564,1816,6.0
tmdb_564,1831,2.0
tmdb_564,1833,8.0
tmdb_564,1834,4.0
tmdb_564,1841,6.0
tmdb_564,1844,8.0
tmdb_564,1845,8.0
tmdb_564,1863,2.0
tmdb_564,1865,6.0
tmdb_564,1873,6.0
tmdb_564,1875,10.0
tmdb_564,1882,4.0
tmdb_564,1883,8.0
tmdb_564,1884,6.0
tmdb_564,1885,10.0
tmdb_564,1888,6.0
tmdb_564,1891,4.0
tmdb_564,1892,6.0
tmdb_564,1894,6.0
tmdb_564,1895,4.0
tmdb_564,1904,10.0
tmdb_564,1907,6.0
tmdb_564,1911,8.0
tmdb_564,1912,10.0
tmdb_564,1914,8.0
tmdb_564,1917,2.0
tmdb_564,1918,6.0
tmdb_564,1920,10.0
tmdb_564,1921,8.0
tmdb_564,1923,8.0
tmdb_564,1924,6.0
tmdb_564,1947,8.0
tmdb_564,1954,8.0
tmdb_564,1956,10.0
tmdb_564,1957,2.0
tmdb_564,1958,8.0
tmdb_564,1959,10.0
tmdb_564,1961,6.0
tmdb_564,1963,8.0
tmdb_564,1965,6.0
tmdb_564,1967,6.0
tmdb_564,1968,8.0
tmdb_564,1969,8.0
tmdb_564,1970,6.0
tmdb_564,1975,6.0
tmdb_564,1976,8.0
tmdb_564,1977,6.0
tmdb_564,1978,8.0
tmdb_564,1979,6.0
tmdb_564,1984,8.0
tmdb_564,1985,8.0
tmdb_564,1986,8.0
tmdb_564,1987,2.0
tmdb_564,1988,6.0
tmdb_564,1989,4.0
tmdb_564,1990,6.0
tmdb_564,1991,10.0
tmdb_564,1993,6.0
tmdb_564,1994,10.0
tmdb_564,1995,6.0
tmdb_564,1996,2.0
tmdb_564,1997,8.0
tmdb_564,1998,8.0
tmdb_564,1999,4.0
tmdb_564,2000,6.0
tmdb_564,2001,4.0
tmdb_564,2002,4.0
tmdb_564,2003,8.0
tmdb_564,2004,6.0
tmdb_564,2005,8.0
tmdb_564,2009,8.0
tmdb_564,2011,6.0
tmdb_564,2012,6.0
tmdb_564,2013,8.0
tmdb_564,2014,8.0
tmdb_564,2015,8.0
tmdb_564,2016,6.0
tmdb_564,2018,10.0
tmdb_564,2019,8.0
tmdb_564,2020,10.0
tmdb_564,2021,6.0
tmdb_564,2023,6.0
tmdb_564,2024,10.0
tmdb_564,2026,4.0
tmdb_564,2028,10.0
tmdb_564,2029,8.0
tmdb_564,2038,8.0
tmdb_564,2042,2.0
tmdb_564,2043,8.0
tmdb_564,2044,4.0
tmdb_564,2047,8.0
tmdb_564,2048,8.0
tmdb_564,2054,8.0
tmdb_564,2055,8.0
tmdb_564,2059,2.0
tmdb_564,2064,8.0
tmdb_564,2069,6.0
tmdb_564,2071,2.0
tmdb_564,2077,8.0
tmdb_564,2078,6.0
tmdb_564,2080,8.0
tmdb_564,2082,2.0
tmdb_564,2084,2.0
tmdb_564,2085,10.0
tmdb_564,2087,8.0
tmdb_564,2088,6.0
tmdb_564,2089,8.0
tmdb_564,2091,8.0
tmdb_564,2093,10.0
tmdb_564,2095,8.0
tmdb_564,2097,8.0
tmdb_564,2098,6.0
tmdb_564,2099,8.0
tmdb_564,2100,8.0
tmdb_564,2105,8.0
tmdb_564,2107,10.0
tmdb_564,2108,10.0
tmdb_564,2109,10.0
tmdb_564,2110,8.0
tmdb_564,2111,10.0
tmdb_564,2114,6.0
tmdb_564,2115,8.0
tmdb_564,2116,8.0
tmdb_564,2117,8.0
tmdb_564,2118,8.0
tmdb_564,2119,8.0
tmdb_564,2122,8.0
tmdb_564,2123,8.0
tmdb_564,2124,8.0
tmdb_564,2125,8.0
tmdb_564,2133,8.0
tmdb_564,2134,8.0
tmdb_564,2135,6.0
tmdb_564,2140,8.0
tmdb_564,2141,8.0
tmdb_564,2142,8.0
tmdb_564,2143,8.0
tmdb_564,2144,10.0
tmdb_564,2148,8.0
tmdb_564,2149,2.0
tmdb_564,2151,4.0
tmdb_564,2152,2.0
tmdb_564,2153,2.0
tmdb_564,2154,8.0
tmdb_564,2160,10.0
tmdb_564,2161,8.0
tmdb_564,2163,6.0
tmdb_564,2165,10.0
tmdb_564,2166,10.0
tmdb_564,2176,8.0
tmdb_564,2186,6.0
tmdb_564,2189,8.0
tmdb_564,2193,8.0
tmdb_564,2195,4.0
tmdb_564,2232,10.0
tmdb_564,2241,6.0
tmdb_564,2252,4.0
tmdb_564,2255,8.0
tmdb_564,2259,8.0
tmdb_564,2260,4.0
tmdb_564,2261,8.0
tmdb_564,2262,8.0
tmdb_564,2263,8.0
tmdb_564,2266,8.0
tmdb_564,2267,10.0
tmdb_564,2268,6.0
tmdb_564,2269,6.0
tmdb_564,2282,6.0
tmdb_564,2286,6.0
tmdb_564,2287,8.0
tmdb_564,2288,10.0
tmdb_564,2289,8.0
tmdb_564,2290,10.0
tmdb_564,2291,6.0
tmdb_564,2294,8.0
tmdb_564,2295,8.0
tmdb_564,2297,4.0
tmdb_564,2300,8.0
tmdb_564,2302,8.0
tmdb_564,2313,10.0
tmdb_564,2320,6.0
tmdb_564,2321,8.0
tmdb_564,2322,4.0
tmdb_564,2325,6.0
tmdb_564,2335,8.0
tmdb_564,2348,10.0
tmdb_564,2349,10.0
tmdb_564,2355,8.0
tmdb_564,2359,6.0
tmdb_564,2362,4.0
tmdb_564,2363,8.0
tmdb_564,2370,4.0
tmdb_564,2383,2.0
tmdb_564,2395,8.0
tmdb_564,2428,6.0
tmdb_564,2440,8.0
tmdb_564,2455,10.0
tmdb_564,2457,6.0
tmdb_564,2459,10.0
tmdb_564,2460,8.0
tmdb_564,2462,2.0
tmdb_564,2463,10.0
tmdb_564,2469,10.0
tmdb_564,2470,6.0
tmdb_564,2516,2.0
tmdb_564,2517,10.0
tmdb_564,2525,6.0
tmdb_564,2527,8.0
tmdb_564,2528,8.0
tmdb_564,2539,8.0
tmdb_564,2567,8.0
tmdb_564,2574,8.0
tmdb_564,2577,6.0
tmdb_564,2594,10.0
tmdb_564,2611,6.0
tmdb_564,2612,10.0
tmdb_564,2613,10.0
tmdb_564,2616,8.0
tmdb_564,2617,8.0
tmdb_564,2639,8.0
tmdb_564,2640,8.0
tmdb_564,2642,4.0
tmdb_564,2654,8.0
tmdb_564,2655,6.0
tmdb_564,2657,10.0
tmdb_564,2662,10.0
tmdb_564,2668,10.0
tmdb_564,2687,6.0
tmdb_564,2690,6.0
tmdb_564,2694,4.0
tmdb_564,2699,10.0
tmdb_564,2721,10.0
tmdb_564,2722,6.0
tmdb_564,2734,8.0
tmdb_564,2748,4.0
tmdb_564,2749,8.0
tmdb_564,2750,8.0
tmdb_564,2752,10.0
tmdb_564,2753,8.0
tmdb_564,2754,6.0
tmdb_564,2755,10.0
tmdb_564,2757,8.0
tmdb_564,2759,10.0
tmdb_564,2761,8.0
tmdb_564,2762,10.0
tmdb_564,2767,4.0
tmdb_564,2779,8.0
tmdb_564,2786,6.0
tmdb_564,2787,6.0
tmdb_564,2788,8.0
tmdb_564,2789,6.0
tmdb_564,2791,10.0
tmdb_564,2798,2.0
tmdb_564,2800,6.0
tmdb_564,2841,6.0
tmdb_564,2860,8.0
tmdb_564,2898,8.0
tmdb_564,2899,8.0
tmdb_564,2900,6.0
tmdb_564,2907,8.0
tmdb_564,2912,10.0
tmdb_564,2926,10.0
tmdb_564,2928,8.0
tmdb_564,2929,8.0
tmdb_564,2959,10.0
tmdb_564,2973,10.0
tmdb_564,2974,2.0
tmdb_564,2976,10.0
tmdb_564,2982,10.0
tmdb_564,2989,10.0
tmdb_564,2990,4.0
tmdb_564,3016,10.0
tmdb_564,3019,8.0
tmdb_564,3021,10.0
tmdb_564,3028,8.0
tmdb_564,3033,8.0
tmdb_564,3034,8.0
tmdb_564,3036,10.0
tmdb_564,3040,8.0
tmdb_564,3041,6.0
tmdb_564,3048,8.0
tmdb_564,3051,6.0
tmdb_564,3052,10.0
tmdb_564,3060,8.0
tmdb_564,3063,8.0
tmdb_564,3064,2.0
tmdb_564,3072,10.0
tmdb_564,3075,6.0
tmdb_564,3082,8.0
tmdb_564,3083,10.0
tmdb_564,3086,8.0
tmdb_564,3087,6.0
tmdb_564,3089,6.0
tmdb_564,3101,10.0
tmdb_564,3103,8.0
tmdb_564,3107,4.0
tmdb_564,3111,6.0
tmdb_564,3112,10.0
tmdb_564,3115,10.0
tmdb_564,3125,10.0
tmdb_564,3145,8.0
tmdb_564,3146,2.0
tmdb_564,3160,10.0
tmdb_564,3175,10.0
tmdb_564,3176,4.0
tmdb_564,3179,6.0
tmdb_564,3396,8.0
tmdb_564,3397,8.0
tmdb_564,3418,10.0
tmdb_564,3476,10.0
tmdb_564,3478,2.0
tmdb_564,3479,4.0
tmdb_564,3480,8.0
tmdb_564,3489,4.0
tmdb_564,3525,8.0
tmdb_564,3526,8.0
tmdb_564,3529,10.0
tmdb_564,3543,8.0
tmdb_564,3547,10.0
tmdb_564,3573,8.0
tmdb_564,3574,2.0
tmdb_564,3577,8.0
tmdb_564,3587,8.0
tmdb_564,3591,8.0
tmdb_564,3604,8.0
tmdb_564,3635,10.0
tmdb_564,3638,10.0
tmdb_564,3683,10.0
tmdb_564,3699,6.0
tmdb_564,3716,8.0
tmdb_564,3763,8.0
tmdb_564,3764,2.0
tmdb_564,3777,2.0
tmdb_564,3786,6.0
tmdb_564,3865,2.0
tmdb_564,3877,4.0
tmdb_564,5060,8.0
tmdb_565,150,6.0
tmdb_565,300,6.0
tmdb_565,337,4.0
tmdb_565,480,8.0
tmdb_565,608,10.0
tmdb_565,994,4.0
tmdb_565,1213,6.0
tmdb_565,1266,4.0
tmdb_565,1358,6.0
tmdb_565,1537,8.0
tmdb_565,1721,8.0
tmdb_565,2324,10.0
tmdb_565,2359,10.0
tmdb_565,2779,6.0
tmdb_565,3072,10.0
tmdb_566,318,10.0
tmdb_566,1792,8.0
tmdb_566,3177,7.0
tmdb_566,4255,7.0
tmdb_566,58559,10.0
tmdb_567,260,7.0
tmdb_567,318,10.0
tmdb_567,593,8.0
tmdb_567,750,8.0
tmdb_567,858,10.0
tmdb_567,924,8.0
tmdb_567,1089,10.0
tmdb_567,1213,9.0
tmdb_567,1265,10.0
tmdb_567,1732,10.0
tmdb_567,2502,10.0
tmdb_567,2959,10.0
tmdb_567,4011,10.0
tmdb_567,44191,9.0
tmdb_568,150,6.0
tmdb_568,153,10.0
tmdb_568,161,8.0
tmdb_568,165,8.0
tmdb_568,231,6.0
tmdb_568,253,6.0
tmdb_568,288,8.0
tmdb_568,292,8.0
tmdb_568,293,8.0
tmdb_568,296,8.0
tmdb_568,300,8.0
tmdb_568,316,10.0
tmdb_568,318,10.0
tmdb_568,329,10.0
tmdb_568,344,6.0
tmdb_568,349,10.0
tmdb_568,377,10.0
tmdb_568,380,10.0
tmdb_568,410,6.0
tmdb_568,434,10.0
tmdb_568,442,10.0
tmdb_568,457,10.0
tmdb_568,480,10.0
tmdb_568,588,8.0
tmdb_568,590,4.0
tmdb_568,592,10.0
tmdb_568,593,10.0
tmdb_568,595,8.0
tmdb_569,11,10.0
tmdb_569,110,6.0
tmdb_569,164,8.0
tmdb_569,318,10.0
tmdb_569,349,10.0
tmdb_569,377,8.0
tmdb_569,440,8.0
tmdb_569,593,8.0
tmdb_569,800,4.0
tmdb_569,858,10.0
tmdb_569,899,10.0
tmdb_569,902,6.0
tmdb_569,903,10.0
tmdb_569,905,10.0
tmdb_569,909,10.0
tmdb_569,910,10.0
tmdb_569,911,10.0
tmdb_569,912,10.0
tmdb_569,913,6.0
tmdb_569,914,10.0
tmdb_569,916,10.0
tmdb_569,919,10.0
tmdb_569,920,10.0
tmdb_569,922,10.0
tmdb_569,924,4.0
tmdb_569,928,10.0
tmdb_569,931,8.0
tmdb_569,932,6.0
tmdb_569,942,8.0
tmdb_569,943,10.0
tmdb_569,1247,8.0
tmdb_569,1278,2.0
tmdb_569,1358,10.0
tmdb_569,1393,8.0
tmdb_569,1608,8.0
tmdb_569,1721,8.0
tmdb_569,1873,8.0
tmdb_569,1918,6.0
tmdb_569,1944,6.0
tmdb_569,1946,8.0
tmdb_569,1947,6.0
tmdb_569,1956,6.0
tmdb_569,2000,8.0
tmdb_569,2001,8.0
tmdb_569,2002,6.0
tmdb_569,2006,8.0
tmdb_569,2028,10.0
tmdb_569,2109,6.0
tmdb_569,2324,8.0
tmdb_569,2359,10.0
tmdb_569,2770,6.0
tmdb_569,2791,6.0
tmdb_569,3082,6.0
tmdb_569,3176,4.0
tmdb_569,3512,8.0
tmdb_570,104,7.0
tmdb_570,110,6.0
tmdb_570,150,7.0
tmdb_570,165,10.0
tmdb_570,260,4.0
tmdb_570,296,10.0
tmdb_570,457,8.0
tmdb_570,508,10.0
tmdb_570,527,5.0
tmdb_570,593,10.0
tmdb_570,608,8.0
tmdb_570,648,10.0
tmdb_570,780,8.0
tmdb_570,1213,4.0
tmdb_570,1370,10.0
tmdb_570,1544,6.0
tmdb_570,1584,4.0
tmdb_570,1608,9.0
tmdb_570,1882,3.0
tmdb_570,1917,8.0
tmdb_570,1997,9.0
tmdb_570,2000,8.0
tmdb_570,2028,5.0
tmdb_570,2115,10.0
tmdb_570,2268,5.0
tmdb_570,2617,3.0
tmdb_570,2959,6.0
tmdb_570,2990,5.0
tmdb_570,4369,6.0
tmdb_570,4701,8.0
tmdb_570,4896,8.0
tmdb_570,4993,10.0
tmdb_570,5064,8.0
tmdb_570,7445,8.0
tmdb_570,8961,4.0
tmdb_570,32029,8.0
tmdb_570,37727,5.0
tmdb_570,40815,9.0
tmdb_570,41566,7.0
tmdb_570,45186,10.0
tmdb_570,58559,3.0
tmdb_571,18,10.0
tmdb_571,88,7.0
tmdb_571,150,8.0
tmdb_571,546,5.0
tmdb_571,1608,7.0
tmdb_571,1917,8.0
tmdb_571,2094,4.0
tmdb_571,2124,8.0
tmdb_571,3981,7.0
tmdb_571,4973,9.0
tmdb_571,5481,5.0
tmdb_571,47518,7.0
tmdb_571,84954,8.0
tmdb_572,145,9.0
tmdb_572,163,5.0
tmdb_572,296,8.0
tmdb_572,318,9.0
tmdb_572,337,8.0
tmdb_572,381,6.0
tmdb_572,527,8.0
tmdb_572,593,7.0
tmdb_572,858,8.0
tmdb_572,912,8.0
tmdb_572,1213,7.0
tmdb_572,2028,9.0
tmdb_572,2268,10.0
tmdb_572,2959,9.0
tmdb_572,4993,9.0
tmdb_572,5066,8.0
tmdb_572,6934,6.0
tmdb_572,7346,7.0
tmdb_572,7454,8.0
tmdb_572,30707,6.0
tmdb_572,31685,6.0
tmdb_572,31696,7.0
tmdb_572,40815,7.0
tmdb_572,41566,6.0
tmdb_572,42738,8.0
tmdb_572,45186,8.0
tmdb_572,58559,10.0
tmdb_572,73881,7.0
tmdb_573,80,8.0
tmdb_573,105,4.0
tmdb_573,260,6.0
tmdb_573,480,6.0
tmdb_573,527,10.0
tmdb_573,595,8.0
tmdb_573,596,8.0
tmdb_573,1280,8.0
tmdb_573,1367,6.0
tmdb_573,1408,8.0
tmdb_573,1485,6.0
tmdb_573,1641,8.0
tmdb_573,1907,8.0
tmdb_573,2003,4.0
tmdb_573,2028,10.0
tmdb_573,2080,8.0
tmdb_573,2087,8.0
tmdb_573,2095,2.0
tmdb_573,2324,10.0
tmdb_573,2355,8.0
tmdb_574,3,7.0
tmdb_574,6,10.0
tmdb_574,16,9.0
tmdb_574,19,6.0
tmdb_574,25,9.0
tmdb_574,70,8.0
tmdb_574,104,6.0
tmdb_574,111,10.0
tmdb_574,141,8.0
tmdb_574,145,7.0
tmdb_574,150,6.0
tmdb_574,153,4.0
tmdb_574,163,7.0
tmdb_574,165,7.0
tmdb_574,173,5.0
tmdb_574,193,2.0
tmdb_574,196,6.0
tmdb_574,215,9.0
tmdb_574,223,8.0
tmdb_574,231,5.0
tmdb_574,260,8.0
tmdb_574,293,10.0
tmdb_574,296,10.0
tmdb_574,316,5.0
tmdb_574,318,10.0
tmdb_574,329,5.0
tmdb_574,344,5.0
tmdb_574,364,7.0
tmdb_574,377,6.0
tmdb_574,435,6.0
tmdb_574,442,7.0
tmdb_574,466,5.0
tmdb_574,480,7.0
tmdb_574,500,6.0
tmdb_574,539,6.0
tmdb_574,541,8.0
tmdb_574,586,6.0
tmdb_574,592,6.0
tmdb_574,597,6.0
tmdb_574,608,10.0
tmdb_574,648,6.0
tmdb_574,673,5.0
tmdb_574,762,1.0
tmdb_574,780,7.0
tmdb_574,858,10.0
tmdb_574,1088,6.0
tmdb_574,1089,9.0
tmdb_574,1092,7.0
tmdb_574,1213,9.0
tmdb_574,1245,9.0
tmdb_574,1247,9.0
tmdb_574,1265,9.0
tmdb_574,1370,6.0
tmdb_574,1371,6.0
tmdb_574,1373,2.0
tmdb_574,1374,8.0
tmdb_574,1375,7.0
tmdb_574,1391,7.0
tmdb_574,1407,8.0
tmdb_574,1556,5.0
tmdb_574,1562,6.0
tmdb_574,1573,7.0
tmdb_574,1580,7.0
tmdb_574,1639,9.0
tmdb_574,1676,6.0
tmdb_574,1682,7.0
tmdb_574,1687,8.0
tmdb_574,1717,6.0
tmdb_574,1721,6.0
tmdb_574,1722,6.0
tmdb_574,1729,9.0
tmdb_574,1732,9.0
tmdb_574,1909,5.0
tmdb_574,1911,5.0
tmdb_574,1917,6.0
tmdb_574,1918,8.0
tmdb_574,1923,7.0
tmdb_574,1968,8.0
tmdb_574,2000,9.0
tmdb_574,2001,8.0
tmdb_574,2011,7.0
tmdb_574,2012,7.0
tmdb_574,2082,6.0
tmdb_574,2115,6.0
tmdb_574,2232,6.0
tmdb_574,2324,8.0
tmdb_574,2383,1.0
tmdb_574,2395,7.0
tmdb_574,2539,6.0
tmdb_574,2617,6.0
tmdb_574,2762,5.0
tmdb_574,2959,9.0
tmdb_574,3052,7.0
tmdb_574,3082,5.0
tmdb_574,3114,7.0
tmdb_574,3176,8.0
tmdb_574,3489,8.0
tmdb_574,3683,9.0
tmdb_574,4011,8.0
tmdb_574,4034,9.0
tmdb_574,4226,7.0
tmdb_574,4369,6.0
tmdb_574,4643,6.0
tmdb_574,4701,5.0
tmdb_574,4734,6.0
tmdb_574,4816,7.0
tmdb_574,4886,8.0
tmdb_574,4993,8.0
tmdb_574,5481,4.0
tmdb_574,5956,7.0
tmdb_574,6016,9.0
tmdb_574,6373,6.0
tmdb_574,6440,7.0
tmdb_574,6537,6.0
tmdb_574,7090,7.0
tmdb_574,7346,7.0
tmdb_574,7451,7.0
tmdb_574,8665,8.0
tmdb_574,8874,7.0
tmdb_574,8961,7.0
tmdb_574,8981,9.0
tmdb_574,8983,7.0
tmdb_574,8984,6.0
tmdb_574,30707,8.0
tmdb_574,33166,8.0
tmdb_574,38499,9.0
tmdb_574,44191,8.0
tmdb_574,45186,8.0
tmdb_574,49530,8.0
tmdb_574,51540,8.0
tmdb_574,56152,7.0
tmdb_574,58559,8.0
tmdb_575,2,8.0
tmdb_575,11,6.0
tmdb_575,17,10.0
tmdb_575,28,10.0
tmdb_575,62,6.0
tmdb_575,107,8.0
tmdb_575,112,8.0
tmdb_575,148,8.0
tmdb_575,153,8.0
tmdb_575,185,4.0
tmdb_575,207,8.0
tmdb_575,224,8.0
tmdb_575,236,6.0
tmdb_575,237,4.0
tmdb_575,252,6.0
tmdb_575,260,10.0
tmdb_575,261,8.0
tmdb_575,276,6.0
tmdb_575,303,6.0
tmdb_575,316,4.0
tmdb_575,317,6.0
tmdb_575,318,8.0
tmdb_575,329,10.0
tmdb_575,337,6.0
tmdb_575,339,10.0
tmdb_575,349,6.0
tmdb_575,350,6.0
tmdb_575,364,6.0
tmdb_575,377,8.0
tmdb_575,423,6.0
tmdb_575,440,8.0
tmdb_575,457,10.0
tmdb_575,468,8.0
tmdb_575,490,8.0
tmdb_575,494,8.0
tmdb_575,497,10.0
tmdb_575,500,8.0
tmdb_575,509,6.0
tmdb_575,539,6.0
tmdb_575,541,8.0
tmdb_575,543,4.0
tmdb_575,587,4.0
tmdb_575,588,8.0
tmdb_575,590,6.0
tmdb_575,592,6.0
tmdb_575,594,6.0
tmdb_575,595,10.0
tmdb_575,596,8.0
tmdb_575,608,8.0
tmdb_575,613,8.0
tmdb_575,700,8.0
tmdb_575,708,4.0
tmdb_575,750,10.0
tmdb_575,765,4.0
tmdb_575,830,6.0
tmdb_575,838,10.0
tmdb_575,848,8.0
tmdb_575,861,8.0
tmdb_575,898,10.0
tmdb_575,899,10.0
tmdb_575,900,10.0
tmdb_575,901,8.0
tmdb_575,902,6.0
tmdb_575,905,8.0
tmdb_575,907,8.0
tmdb_575,909,6.0
tmdb_575,910,10.0
tmdb_575,911,8.0
tmdb_575,912,10.0
tmdb_575,913,10.0
tmdb_575,914,8.0
tmdb_575,916,10.0
tmdb_575,918,8.0
tmdb_575,919,8.0
tmdb_575,920,8.0
tmdb_575,921,6.0
tmdb_575,924,4.0
tmdb_575,928,8.0
tmdb_575,932,10.0
tmdb_575,935,6.0
tmdb_575,938,6.0
tmdb_575,940,10.0
tmdb_575,941,8.0
tmdb_575,942,8.0
tmdb_575,943,6.0
tmdb_575,947,6.0
tmdb_575,948,6.0
tmdb_575,953,10.0
tmdb_575,954,8.0
tmdb_575,963,6.0
tmdb_575,964,6.0
tmdb_575,991,8.0
tmdb_575,994,10.0
tmdb_575,1049,8.0
tmdb_575,1073,8.0
tmdb_575,1088,6.0
tmdb_575,1090,6.0
tmdb_575,1124,6.0
tmdb_575,1127,6.0
tmdb_575,1244,8.0
tmdb_575,1246,6.0
tmdb_575,1250,6.0
tmdb_575,1252,8.0
tmdb_575,1254,10.0
tmdb_575,1262,8.0
tmdb_575,1265,4.0
tmdb_575,1269,8.0
tmdb_575,1271,10.0
tmdb_575,1272,6.0
tmdb_575,1277,8.0
tmdb_575,1278,8.0
tmdb_575,1282,10.0
tmdb_575,1284,8.0
tmdb_575,1367,4.0
tmdb_575,1371,2.0
tmdb_575,1374,8.0
tmdb_575,1380,6.0
tmdb_575,1387,8.0
tmdb_575,1391,2.0
tmdb_575,1408,6.0
tmdb_575,1411,10.0
tmdb_575,1429,8.0
tmdb_575,1441,8.0
tmdb_575,1479,4.0
tmdb_575,1480,4.0
tmdb_575,1555,8.0
tmdb_575,1580,2.0
tmdb_575,1584,4.0
tmdb_575,1597,8.0
tmdb_575,1619,6.0
tmdb_575,1621,6.0
tmdb_575,1626,2.0
tmdb_575,1633,8.0
tmdb_575,1641,6.0
tmdb_575,1688,6.0
tmdb_575,1713,6.0
tmdb_575,1721,2.0
tmdb_575,1835,4.0
tmdb_575,1894,6.0
tmdb_575,1907,6.0
tmdb_575,1923,2.0
tmdb_575,1937,6.0
tmdb_575,1945,8.0
tmdb_575,1947,6.0
tmdb_575,1948,10.0
tmdb_575,1949,6.0
tmdb_575,1950,8.0
tmdb_575,1951,6.0
tmdb_575,1954,6.0
tmdb_575,1955,6.0
tmdb_575,1956,8.0
tmdb_575,1957,10.0
tmdb_575,1959,6.0
tmdb_575,1961,8.0
tmdb_575,1968,6.0
tmdb_575,2015,6.0
tmdb_575,2017,4.0
tmdb_575,2018,6.0
tmdb_575,2043,6.0
tmdb_575,2069,10.0
tmdb_575,2078,8.0
tmdb_575,2080,10.0
tmdb_575,2082,4.0
tmdb_575,2085,8.0
tmdb_575,2087,6.0
tmdb_575,2088,8.0
tmdb_575,2099,6.0
tmdb_575,2100,6.0
tmdb_575,2105,8.0
tmdb_575,2114,6.0
tmdb_575,2115,4.0
tmdb_575,2118,4.0
tmdb_575,2176,4.0
tmdb_575,2193,10.0
tmdb_575,2253,8.0
tmdb_575,2287,2.0
tmdb_575,2291,8.0
tmdb_575,2300,10.0
tmdb_575,2322,4.0
tmdb_575,2355,8.0
tmdb_575,2359,10.0
tmdb_575,2371,6.0
tmdb_575,2470,6.0
tmdb_575,2528,6.0
tmdb_575,2539,6.0
tmdb_575,2565,6.0
tmdb_575,2612,4.0
tmdb_575,2616,6.0
tmdb_575,2617,4.0
tmdb_575,2640,8.0
tmdb_575,2690,10.0
tmdb_575,2728,6.0
tmdb_575,2749,8.0
tmdb_575,2762,8.0
tmdb_575,2779,10.0
tmdb_575,2882,8.0
tmdb_575,2973,10.0
tmdb_575,3011,4.0
tmdb_575,3025,6.0
tmdb_575,3033,4.0
tmdb_575,3035,10.0
tmdb_575,3037,8.0
tmdb_575,3052,6.0
tmdb_575,3061,8.0
tmdb_575,3072,8.0
tmdb_575,3074,6.0
tmdb_575,3087,8.0
tmdb_575,3088,10.0
tmdb_575,3093,4.0
tmdb_575,3111,10.0
tmdb_575,3114,10.0
tmdb_575,3175,10.0
tmdb_575,3418,6.0
tmdb_575,3427,4.0
tmdb_575,3469,8.0
tmdb_575,3479,4.0
tmdb_575,3489,4.0
tmdb_575,3549,8.0
tmdb_575,3591,8.0
tmdb_575,3600,8.0
tmdb_575,3602,4.0
tmdb_575,3604,6.0
tmdb_575,3638,4.0
tmdb_575,3682,4.0
tmdb_575,3699,6.0
tmdb_575,3870,6.0
tmdb_575,4274,4.0
tmdb_575,4291,8.0
tmdb_575,4296,4.0
tmdb_575,4326,6.0
tmdb_575,4495,6.0
tmdb_575,4639,4.0
tmdb_575,4704,8.0
tmdb_575,4710,6.0
tmdb_575,4787,8.0
tmdb_575,4798,8.0
tmdb_575,4836,6.0
tmdb_575,4857,6.0
tmdb_575,4896,10.0
tmdb_575,4912,6.0
tmdb_575,4925,2.0
tmdb_575,4993,10.0
tmdb_575,5060,6.0
tmdb_575,5168,8.0
tmdb_575,5187,8.0
tmdb_575,5227,2.0
tmdb_575,5247,2.0
tmdb_576,260,8.0
tmdb_576,435,2.0
tmdb_576,480,8.0
tmdb_576,541,8.0
tmdb_576,552,6.0
tmdb_576,924,8.0
tmdb_576,1249,8.0
tmdb_576,1537,10.0
tmdb_576,1580,8.0
tmdb_576,1900,8.0
tmdb_576,2006,8.0
tmdb_576,2357,8.0
tmdb_576,3101,4.0
tmdb_576,4034,4.0
tmdb_576,4643,6.0
tmdb_577,6,8.0
tmdb_577,17,10.0
tmdb_577,22,6.0
tmdb_577,95,7.0
tmdb_577,110,9.0
tmdb_577,111,10.0
tmdb_577,150,9.0
tmdb_577,158,3.0
tmdb_577,161,9.0
tmdb_577,165,9.0
tmdb_577,173,8.0
tmdb_577,231,7.0
tmdb_577,236,8.0
tmdb_577,247,9.0
tmdb_577,260,9.0
tmdb_577,296,10.0
tmdb_577,316,7.0
tmdb_577,318,9.0
tmdb_577,329,8.0
tmdb_577,342,8.0
tmdb_577,349,7.0
tmdb_577,364,8.0
tmdb_577,377,7.0
tmdb_577,380,9.0
tmdb_577,434,7.0
tmdb_577,440,8.0
tmdb_577,454,7.0
tmdb_577,457,9.0
tmdb_577,480,8.0
tmdb_577,497,10.0
tmdb_577,500,7.0
tmdb_577,541,10.0
tmdb_577,585,8.0
tmdb_577,586,7.0
tmdb_577,587,6.0
tmdb_577,588,8.0
tmdb_577,590,7.0
tmdb_577,593,8.0
tmdb_577,595,9.0
tmdb_577,596,8.0
tmdb_577,597,6.0
tmdb_577,648,7.0
tmdb_577,780,7.0
tmdb_577,786,8.0
tmdb_577,849,7.0
tmdb_577,858,10.0
tmdb_577,902,10.0
tmdb_577,912,10.0
tmdb_577,919,9.0
tmdb_577,953,10.0
tmdb_577,1073,8.0
tmdb_577,1090,7.0
tmdb_577,1126,7.0
tmdb_577,1127,8.0
tmdb_577,1213,9.0
tmdb_577,1259,10.0
tmdb_577,1262,10.0
tmdb_577,1265,9.0
tmdb_577,1266,8.0
tmdb_577,1282,10.0
tmdb_577,1370,9.0
tmdb_577,1374,10.0
tmdb_577,1378,8.0
tmdb_577,1380,8.0
tmdb_577,1408,6.0
tmdb_577,1485,8.0
tmdb_577,1588,8.0
tmdb_577,1597,8.0
tmdb_577,1610,10.0
tmdb_577,1641,9.0
tmdb_577,1676,8.0
tmdb_577,1682,10.0
tmdb_577,1702,7.0
tmdb_577,1721,7.0
tmdb_577,1907,9.0
tmdb_577,1920,8.0
tmdb_577,1954,10.0
tmdb_577,1955,9.0
tmdb_577,1957,10.0
tmdb_577,1967,10.0
tmdb_577,2000,9.0
tmdb_577,2001,7.0
tmdb_577,2005,9.0
tmdb_577,2021,8.0
tmdb_577,2028,9.0
tmdb_577,2054,7.0
tmdb_577,2078,10.0
tmdb_577,2087,9.0
tmdb_577,2105,8.0
tmdb_577,2116,8.0
tmdb_577,2140,9.0
tmdb_577,2161,9.0
tmdb_577,2253,7.0
tmdb_577,2288,10.0
tmdb_577,2355,9.0
tmdb_577,2470,8.0
tmdb_577,2617,8.0
tmdb_577,2728,10.0
tmdb_577,2762,10.0
tmdb_577,2788,10.0
tmdb_577,3034,10.0
tmdb_577,3062,10.0
tmdb_577,3101,8.0
tmdb_577,3114,10.0
tmdb_577,3175,10.0
tmdb_577,3396,9.0
tmdb_577,3479,9.0
tmdb_577,3489,4.0
tmdb_577,3526,10.0
tmdb_577,3686,9.0
tmdb_577,4886,10.0
tmdb_577,4896,9.0
tmdb_577,4911,8.0
tmdb_577,4993,10.0
tmdb_577,5040,8.0
tmdb_577,5146,9.0
tmdb_577,5816,9.0
tmdb_577,5971,10.0
tmdb_577,6373,9.0
tmdb_577,6936,9.0
tmdb_577,6947,10.0
tmdb_577,6951,5.0
tmdb_577,7007,8.0
tmdb_577,7454,8.0
tmdb_577,8665,10.0
tmdb_577,8961,10.0
tmdb_577,8970,10.0
tmdb_577,26555,9.0
tmdb_577,27721,10.0
tmdb_578,17,6.0
tmdb_578,318,6.0
tmdb_578,381,5.0
tmdb_578,527,6.0
tmdb_578,593,8.0
tmdb_578,858,8.0
tmdb_578,1246,6.0
tmdb_578,1259,8.0
tmdb_578,1262,1.0
tmdb_578,2028,1.0
tmdb_578,2324,8.0
tmdb_578,2959,7.0
tmdb_578,30707,5.0
tmdb_578,33660,6.0
tmdb_578,74458,10.0
tmdb_579,65,1.0
tmdb_579,88,1.0
tmdb_579,1687,1.0
tmdb_579,1892,1.0
tmdb_579,2082,1.0
tmdb_579,2141,1.0
tmdb_579,2193,1.0
tmdb_579,2694,4.0
tmdb_579,4226,7.0
tmdb_580,2,7.0
tmdb_580,6,7.0
tmdb_580,12,6.0
tmdb_580,16,7.0
tmdb_580,19,3.0
tmdb_580,21,6.0
tmdb_580,22,3.0
tmdb_580,24,5.0
tmdb_580,69,7.0
tmdb_580,70,5.0
tmdb_580,85,8.0
tmdb_580,101,8.0
tmdb_580,104,6.0
tmdb_580,110,9.0
tmdb_580,111,9.0
tmdb_580,112,7.0
tmdb_580,141,5.0
tmdb_580,145,4.0
tmdb_580,147,9.0
tmdb_580,152,7.0
tmdb_580,153,4.0
tmdb_580,159,8.0
tmdb_580,160,3.0
tmdb_580,162,6.0
tmdb_580,164,6.0
tmdb_580,172,5.0
tmdb_580,173,5.0
tmdb_580,175,7.0
tmdb_580,180,6.0
tmdb_580,186,2.0
tmdb_580,193,3.0
tmdb_580,196,6.0
tmdb_580,203,4.0
tmdb_580,216,5.0
tmdb_580,223,5.0
tmdb_580,231,6.0
tmdb_580,235,7.0
tmdb_580,249,7.0
tmdb_580,253,6.0
tmdb_580,260,8.0
tmdb_580,288,9.0
tmdb_580,292,6.0
tmdb_580,293,6.0
tmdb_580,296,9.0
tmdb_580,316,5.0
tmdb_580,317,3.0
tmdb_580,318,8.0
tmdb_580,329,4.0
tmdb_580,337,8.0
tmdb_580,342,6.0
tmdb_580,344,6.0
tmdb_580,345,4.0
tmdb_580,364,7.0
tmdb_580,377,5.0
tmdb_580,380,5.0
tmdb_580,407,4.0
tmdb_580,410,5.0
tmdb_580,434,4.0
tmdb_580,435,5.0
tmdb_580,441,8.0
tmdb_580,442,7.0
tmdb_580,454,6.0
tmdb_580,466,6.0
tmdb_580,480,6.0
tmdb_580,500,7.0
tmdb_580,502,3.0
tmdb_580,508,4.0
tmdb_580,527,8.0
tmdb_580,539,3.0
tmdb_580,540,3.0
tmdb_580,541,8.0
tmdb_580,551,8.0
tmdb_580,553,8.0
tmdb_580,585,6.0
tmdb_580,587,5.0
tmdb_580,588,5.0
tmdb_580,590,8.0
tmdb_580,592,7.0
tmdb_580,593,8.0
tmdb_580,594,8.0
tmdb_580,595,6.0
tmdb_580,596,7.0
tmdb_580,597,6.0
tmdb_580,608,9.0
tmdb_580,616,7.0
tmdb_580,648,5.0
tmdb_580,653,4.0
tmdb_580,661,8.0
tmdb_580,671,8.0
tmdb_580,673,2.0
tmdb_580,674,7.0
tmdb_580,704,4.0
tmdb_580,708,5.0
tmdb_580,750,9.0
tmdb_580,762,2.0
tmdb_580,778,9.0
tmdb_580,780,6.0
tmdb_580,788,6.0
tmdb_580,802,4.0
tmdb_580,832,5.0
tmdb_580,849,3.0
tmdb_580,858,10.0
tmdb_580,861,6.0
tmdb_580,866,5.0
tmdb_580,880,5.0
tmdb_580,899,8.0
tmdb_580,902,5.0
tmdb_580,903,7.0
tmdb_580,905,8.0
tmdb_580,912,8.0
tmdb_580,913,7.0
tmdb_580,919,8.0
tmdb_580,920,5.0
tmdb_580,923,6.0
tmdb_580,924,6.0
tmdb_580,940,6.0
tmdb_580,953,7.0
tmdb_580,968,6.0
tmdb_580,1059,7.0
tmdb_580,1073,7.0
tmdb_580,1088,6.0
tmdb_580,1089,8.0
tmdb_580,1090,8.0
tmdb_580,1091,6.0
tmdb_580,1092,7.0
tmdb_580,1093,7.0
tmdb_580,1127,7.0
tmdb_580,1213,7.0
tmdb_580,1246,7.0
tmdb_580,1247,8.0
tmdb_580,1249,8.0
tmdb_580,1250,8.0
tmdb_580,1252,8.0
tmdb_580,1257,8.0
tmdb_580,1259,9.0
tmdb_580,1265,7.0
tmdb_580,1266,5.0
tmdb_580,1268,8.0
tmdb_580,1271,4.0
tmdb_580,1272,8.0
tmdb_580,1273,4.0
tmdb_580,1281,8.0
tmdb_580,1282,7.0
tmdb_580,1284,8.0
tmdb_580,1285,8.0
tmdb_580,1358,8.0
tmdb_580,1367,6.0
tmdb_580,1370,4.0
tmdb_580,1371,5.0
tmdb_580,1372,6.0
tmdb_580,1373,6.0
tmdb_580,1374,7.0
tmdb_580,1375,6.0
tmdb_580,1376,7.0
tmdb_580,1377,7.0
tmdb_580,1378,7.0
tmdb_580,1380,7.0
tmdb_580,1387,7.0
tmdb_580,1391,5.0
tmdb_580,1393,7.0
tmdb_580,1394,8.0
tmdb_580,1396,5.0
tmdb_580,1405,3.0
tmdb_580,1407,5.0
tmdb_580,1408,7.0
tmdb_580,1441,6.0
tmdb_580,1485,7.0
tmdb_580,1541,4.0
tmdb_580,1544,5.0
tmdb_580,1562,3.0
tmdb_580,1573,5.0
tmdb_580,1580,5.0
tmdb_580,1587,7.0
tmdb_580,1619,7.0
tmdb_580,1635,8.0
tmdb_580,1639,7.0
tmdb_580,1641,6.0
tmdb_580,1645,6.0
tmdb_580,1653,6.0
tmdb_580,1673,8.0
tmdb_580,1676,7.0
tmdb_580,1680,3.0
tmdb_580,1682,9.0
tmdb_580,1690,7.0
tmdb_580,1701,6.0
tmdb_580,1721,7.0
tmdb_580,1729,6.0
tmdb_580,1732,8.0
tmdb_580,1809,7.0
tmdb_580,1831,3.0
tmdb_580,1882,3.0
tmdb_580,1884,7.0
tmdb_580,1907,6.0
tmdb_580,1909,8.0
tmdb_580,1911,3.0
tmdb_580,1912,5.0
tmdb_580,1917,6.0
tmdb_580,1920,2.0
tmdb_580,1923,8.0
tmdb_580,1945,8.0
tmdb_580,1954,9.0
tmdb_580,1961,8.0
tmdb_580,1965,8.0
tmdb_580,1967,7.0
tmdb_580,1968,8.0
tmdb_580,1994,5.0
tmdb_580,1997,7.0
tmdb_580,2001,7.0
tmdb_580,2003,6.0
tmdb_580,2004,5.0
tmdb_580,2005,5.0
tmdb_580,2006,3.0
tmdb_580,2010,8.0
tmdb_580,2011,5.0
tmdb_580,2012,3.0
tmdb_580,2018,7.0
tmdb_580,2019,9.0
tmdb_580,2021,6.0
tmdb_580,2023,7.0
tmdb_580,2028,8.0
tmdb_580,2054,4.0
tmdb_580,2064,8.0
tmdb_580,2078,7.0
tmdb_580,2080,7.0
tmdb_580,2085,7.0
tmdb_580,2089,6.0
tmdb_580,2094,5.0
tmdb_580,2100,6.0
tmdb_580,2105,8.0
tmdb_580,2108,8.0
tmdb_580,2109,8.0
tmdb_580,2115,4.0
tmdb_580,2116,8.0
tmdb_580,2119,6.0
tmdb_580,2124,6.0
tmdb_580,2134,7.0
tmdb_580,2140,7.0
tmdb_580,2141,7.0
tmdb_580,2144,8.0
tmdb_580,2161,8.0
tmdb_580,2193,7.0
tmdb_580,2195,4.0
tmdb_580,2275,8.0
tmdb_580,2287,6.0
tmdb_580,2289,8.0
tmdb_580,2291,8.0
tmdb_580,2294,6.0
tmdb_580,2297,7.0
tmdb_580,2302,7.0
tmdb_580,2324,8.0
tmdb_580,2335,6.0
tmdb_580,2355,7.0
tmdb_580,2363,6.0
tmdb_580,2371,7.0
tmdb_580,2395,8.0
tmdb_580,2470,6.0
tmdb_580,2502,9.0
tmdb_580,2609,8.0
tmdb_580,2617,3.0
tmdb_580,2640,6.0
tmdb_580,2657,6.0
tmdb_580,2662,8.0
tmdb_580,2687,4.0
tmdb_580,2694,7.0
tmdb_580,2699,6.0
tmdb_580,2722,5.0
tmdb_580,2762,8.0
tmdb_580,2770,7.0
tmdb_580,2787,6.0
tmdb_580,2789,4.0
tmdb_580,2791,6.0
tmdb_580,2924,9.0
tmdb_580,2959,10.0
tmdb_580,2976,9.0
tmdb_580,3016,6.0
tmdb_580,3019,8.0
tmdb_580,3022,8.0
tmdb_580,3033,7.0
tmdb_580,3052,7.0
tmdb_580,3087,7.0
tmdb_580,3107,7.0
tmdb_580,3114,8.0
tmdb_580,3134,8.0
tmdb_580,3175,6.0
tmdb_580,3396,8.0
tmdb_580,3476,8.0
tmdb_580,3479,6.0
tmdb_580,3489,6.0
tmdb_580,3593,2.0
tmdb_580,3686,6.0
tmdb_580,4011,7.0
tmdb_580,4025,4.0
tmdb_580,4105,8.0
tmdb_580,4247,8.0
tmdb_580,4499,7.0
tmdb_580,4614,6.0
tmdb_580,4638,3.0
tmdb_580,4641,7.0
tmdb_580,4643,5.0
tmdb_580,4701,7.0
tmdb_580,4734,5.0
tmdb_580,4816,9.0
tmdb_580,4886,8.0
tmdb_580,4887,4.0
tmdb_580,4896,7.0
tmdb_580,4911,4.0
tmdb_580,4973,9.0
tmdb_580,4993,9.0
tmdb_580,4995,8.0
tmdb_580,5002,4.0
tmdb_580,5064,5.0
tmdb_580,5146,7.0
tmdb_580,5481,6.0
tmdb_580,5816,6.0
tmdb_580,5902,9.0
tmdb_580,6016,6.0
tmdb_580,6283,7.0
tmdb_580,6440,8.0
tmdb_580,6537,7.0
tmdb_580,6620,8.0
tmdb_580,6934,4.0
tmdb_580,6936,7.0
tmdb_580,6947,8.0
tmdb_580,6961,8.0
tmdb_580,7090,9.0
tmdb_580,8665,6.0
tmdb_580,8810,5.0
tmdb_580,8874,8.0
tmdb_580,8961,9.0
tmdb_580,8983,4.0
tmdb_580,26317,4.0
tmdb_580,26865,9.0
tmdb_580,27904,6.0
tmdb_580,30707,9.0
tmdb_580,31658,8.0
tmdb_580,32395,6.0
tmdb_580,33166,8.0
tmdb_580,40815,6.0
tmdb_580,41566,4.0
tmdb_580,41571,6.0
tmdb_580,42738,5.0
tmdb_580,43832,6.0
tmdb_580,44191,7.0
tmdb_580,45431,7.0
tmdb_580,45722,4.0
tmdb_580,46948,6.0
tmdb_580,46976,10.0
tmdb_580,48385,8.0
tmdb_580,49530,8.0
tmdb_580,50601,7.0
tmdb_580,51277,9.0
tmdb_580,51540,8.0
tmdb_580,54272,8.0
tmdb_580,56152,6.0
tmdb_580,58559,10.0
tmdb_580,59935,7.0
tmdb_580,60760,7.0
tmdb_580,74458,8.0
tmdb_581,493,9.0
tmdb_581,502,8.0
tmdb_581,552,6.0
tmdb_581,750,1.0
tmdb_581,924,1.0
tmdb_581,1126,6.0
tmdb_581,1642,1.0
tmdb_581,1918,8.0
tmdb_581,2078,8.0
tmdb_581,2191,1.0
tmdb_581,4973,1.0
tmdb_581,8935,1.0
tmdb_581,31374,1.0
tmdb_581,54768,1.0
tmdb_582,62,7.0
tmdb_582,158,7.0
tmdb_582,253,10.0
tmdb_582,337,9.0
tmdb_582,339,2.0
tmdb_582,364,8.0
tmdb_582,377,8.0
tmdb_582,551,10.0
tmdb_582,588,9.0
tmdb_582,594,8.0
tmdb_582,595,8.0
tmdb_582,596,7.0
tmdb_582,631,3.0
tmdb_582,653,8.0
tmdb_582,661,5.0
tmdb_582,783,8.0
tmdb_582,858,7.0
tmdb_582,899,9.0
tmdb_582,914,8.0
tmdb_582,1059,7.0
tmdb_582,1073,6.0
tmdb_582,1088,7.0
tmdb_582,1380,7.0
tmdb_582,1441,8.0
tmdb_582,1580,8.0
tmdb_582,1917,7.0
tmdb_582,1947,8.0
tmdb_582,1951,8.0
tmdb_582,1967,8.0
tmdb_582,2006,8.0
tmdb_582,2054,2.0
tmdb_582,2080,8.0
tmdb_582,2084,8.0
tmdb_582,2114,5.0
tmdb_582,2125,9.0
tmdb_582,2144,8.0
tmdb_582,2294,4.0
tmdb_582,2565,8.0
tmdb_582,2657,10.0
tmdb_582,2924,9.0
tmdb_582,3052,2.0
tmdb_582,3114,5.0
tmdb_582,3489,10.0
tmdb_582,3594,9.0
tmdb_582,3980,9.0
tmdb_582,4734,8.0
tmdb_582,4857,6.0
tmdb_582,4993,8.0
tmdb_582,4995,8.0
tmdb_582,5064,10.0
tmdb_582,5991,9.0
tmdb_582,6593,3.0
tmdb_582,8366,2.0
tmdb_582,8880,10.0
tmdb_582,8983,3.0
tmdb_582,27706,7.0
tmdb_582,30793,9.0
tmdb_583,296,10.0
tmdb_583,318,10.0
tmdb_583,858,10.0
tmdb_583,1213,9.0
tmdb_583,2959,8.0
tmdb_583,6016,9.0
tmdb_583,49530,7.0
tmdb_583,58559,10.0
tmdb_584,104,7.0
tmdb_584,110,10.0
tmdb_584,163,7.0
tmdb_584,231,6.0
tmdb_584,253,8.0
tmdb_584,293,8.0
tmdb_584,296,8.0
tmdb_584,318,10.0
tmdb_584,344,4.0
tmdb_584,364,7.0
tmdb_584,377,7.0
tmdb_584,434,5.0
tmdb_584,527,10.0
tmdb_584,541,6.0
tmdb_584,575,6.0
tmdb_584,586,5.0
tmdb_584,593,10.0
tmdb_584,595,8.0
tmdb_584,648,7.0
tmdb_584,750,4.0
tmdb_584,780,8.0
tmdb_584,829,2.0
tmdb_584,912,7.0
tmdb_584,924,6.0
tmdb_584,1073,7.0
tmdb_584,1213,7.0
tmdb_584,1573,7.0
tmdb_584,1580,8.0
tmdb_584,1608,5.0
tmdb_584,1682,10.0
tmdb_584,1721,10.0
tmdb_584,2028,10.0
tmdb_584,2054,5.0
tmdb_584,2355,7.0
tmdb_584,2762,10.0
tmdb_584,2959,7.0
tmdb_584,4011,6.0
tmdb_584,4226,10.0
tmdb_584,4886,10.0
tmdb_584,4993,10.0
tmdb_584,4995,8.0
tmdb_584,5995,10.0
tmdb_584,6016,9.0
tmdb_584,6951,1.0
tmdb_584,8665,10.0
tmdb_584,8874,6.0
tmdb_584,8961,7.0
tmdb_584,26172,8.0
tmdb_584,30707,10.0
tmdb_584,39446,5.0
tmdb_584,42718,6.0
tmdb_584,45186,6.0
tmdb_584,45722,7.0
tmdb_584,46972,5.0
tmdb_584,46976,7.0
tmdb_584,47518,8.0
tmdb_584,49530,8.0
tmdb_584,58559,10.0
tmdb_584,59429,5.0
tmdb_584,67087,10.0
tmdb_584,69526,10.0
tmdb_584,74458,10.0
tmdb_585,21,8.0
tmdb_585,110,8.0
tmdb_585,235,8.0
tmdb_585,247,6.0
tmdb_585,260,8.0
tmdb_585,266,6.0
tmdb_585,296,10.0
tmdb_585,318,8.0
tmdb_585,334,8.0
tmdb_585,345,6.0
tmdb_585,348,8.0
tmdb_585,441,8.0
tmdb_585,467,8.0
tmdb_585,480,6.0
tmdb_585,490,6.0
tmdb_585,492,6.0
tmdb_585,527,10.0
tmdb_585,541,10.0
tmdb_585,551,6.0
tmdb_585,593,10.0
tmdb_585,648,4.0
tmdb_585,745,8.0
tmdb_585,750,10.0
tmdb_585,838,8.0
tmdb_585,858,10.0
tmdb_585,892,8.0
tmdb_585,898,10.0
tmdb_585,901,8.0
tmdb_585,903,10.0
tmdb_585,905,10.0
tmdb_585,907,10.0
tmdb_585,909,10.0
tmdb_585,910,10.0
tmdb_585,911,8.0
tmdb_585,912,10.0
tmdb_585,913,10.0
tmdb_585,916,10.0
tmdb_585,919,10.0
tmdb_585,920,8.0
tmdb_585,921,8.0
tmdb_585,922,10.0
tmdb_585,923,10.0
tmdb_585,924,10.0
tmdb_585,926,10.0
tmdb_585,929,8.0
tmdb_585,936,8.0
tmdb_585,940,10.0
tmdb_585,946,10.0
tmdb_585,947,10.0
tmdb_585,950,10.0
tmdb_585,951,10.0
tmdb_585,954,8.0
tmdb_585,955,10.0
tmdb_585,965,10.0
tmdb_585,1089,8.0
tmdb_585,1162,8.0
tmdb_585,1213,8.0
tmdb_585,1244,10.0
tmdb_585,1247,10.0
tmdb_585,1248,8.0
tmdb_585,1249,6.0
tmdb_585,1250,10.0
tmdb_585,1252,10.0
tmdb_585,1254,10.0
tmdb_585,1262,10.0
tmdb_585,1265,8.0
tmdb_585,1266,8.0
tmdb_585,1267,8.0
tmdb_585,1269,8.0
tmdb_585,1278,10.0
tmdb_585,1281,10.0
tmdb_585,1282,8.0
tmdb_585,1284,10.0
tmdb_585,1358,6.0
tmdb_585,1387,10.0
tmdb_585,1537,8.0
tmdb_585,1544,4.0
tmdb_585,1580,6.0
tmdb_585,1641,8.0
tmdb_585,1694,8.0
tmdb_585,1831,2.0
tmdb_585,1873,6.0
tmdb_585,1883,8.0
tmdb_585,1885,8.0
tmdb_585,1914,8.0
tmdb_585,1923,6.0
tmdb_585,1927,10.0
tmdb_585,1934,10.0
tmdb_585,1945,10.0
tmdb_585,1948,10.0
tmdb_585,1958,8.0
tmdb_585,1963,10.0
tmdb_585,1965,8.0
tmdb_585,2000,8.0
tmdb_585,2019,10.0
tmdb_585,2064,8.0
tmdb_585,2078,8.0
tmdb_585,2108,8.0
tmdb_585,2289,8.0
tmdb_585,2291,8.0
tmdb_585,2300,10.0
tmdb_585,2321,8.0
tmdb_585,2324,6.0
tmdb_585,2349,8.0
tmdb_585,2355,8.0
tmdb_585,2359,10.0
tmdb_585,2395,8.0
tmdb_585,2657,6.0
tmdb_585,2779,8.0
tmdb_585,2791,8.0
tmdb_585,2973,8.0
tmdb_585,3022,10.0
tmdb_585,3035,10.0
tmdb_585,3037,10.0
tmdb_585,3052,8.0
tmdb_585,3060,10.0
tmdb_585,3061,8.0
tmdb_585,3072,10.0
tmdb_585,3076,8.0
tmdb_585,3083,8.0
tmdb_585,3088,10.0
tmdb_585,3104,8.0
tmdb_585,3114,8.0
tmdb_585,3133,6.0
tmdb_585,3134,10.0
tmdb_585,3160,8.0
tmdb_585,3175,8.0
tmdb_585,3396,8.0
tmdb_585,3469,10.0
tmdb_585,3683,10.0
tmdb_585,5060,10.0
tmdb_586,110,2.0
tmdb_586,165,7.0
tmdb_586,260,6.0
tmdb_586,296,10.0
tmdb_586,318,8.0
tmdb_586,344,3.0
tmdb_586,480,10.0
tmdb_586,527,8.0
tmdb_586,590,6.0
tmdb_586,592,2.0
tmdb_586,593,4.0
tmdb_586,608,10.0
tmdb_586,780,8.0
tmdb_586,849,3.0
tmdb_586,1405,8.0
tmdb_586,1721,4.0
tmdb_586,1918,4.0
tmdb_586,1957,8.0
tmdb_586,2109,1.0
tmdb_586,2762,10.0
tmdb_586,4993,10.0
tmdb_586,4995,10.0
tmdb_586,57353,9.0
tmdb_587,25,8.0
tmdb_587,58,9.0
tmdb_587,111,8.0
tmdb_587,123,6.0
tmdb_587,150,9.0
tmdb_587,154,8.0
tmdb_587,162,6.0
tmdb_587,194,9.0
tmdb_587,199,6.0
tmdb_587,231,1.0
tmdb_587,246,10.0
tmdb_587,247,7.0
tmdb_587,265,7.0
tmdb_587,272,8.0
tmdb_587,296,7.0
tmdb_587,306,7.0
tmdb_587,318,9.0
tmdb_587,321,9.0
tmdb_587,345,8.0
tmdb_587,377,7.0
tmdb_587,457,9.0
tmdb_587,475,8.0
tmdb_587,509,8.0
tmdb_587,527,10.0
tmdb_587,541,8.0
tmdb_587,593,8.0
tmdb_587,599,7.0
tmdb_587,608,8.0
tmdb_587,659,9.0
tmdb_587,668,7.0
tmdb_587,750,8.0
tmdb_587,778,8.0
tmdb_587,800,7.0
tmdb_587,858,10.0
tmdb_587,899,10.0
tmdb_587,902,8.0
tmdb_587,903,10.0
tmdb_587,905,8.0
tmdb_587,909,8.0
tmdb_587,910,8.0
tmdb_587,911,10.0
tmdb_587,912,10.0
tmdb_587,913,10.0
tmdb_587,919,9.0
tmdb_587,920,10.0
tmdb_587,922,9.0
tmdb_587,923,10.0
tmdb_587,924,8.0
tmdb_587,926,10.0
tmdb_587,928,9.0
tmdb_587,929,8.0
tmdb_587,936,8.0
tmdb_587,942,8.0
tmdb_587,946,10.0
tmdb_587,947,8.0
tmdb_587,951,7.0
tmdb_587,953,8.0
tmdb_587,954,8.0
tmdb_587,955,8.0
tmdb_587,965,8.0
tmdb_587,1073,7.0
tmdb_587,1089,8.0
tmdb_587,1103,8.0
tmdb_587,1213,8.0
tmdb_587,1244,9.0
tmdb_587,1248,8.0
tmdb_587,1250,10.0
tmdb_587,1251,7.0
tmdb_587,1252,8.0
tmdb_587,1254,8.0
tmdb_587,1259,8.0
tmdb_587,1262,8.0
tmdb_587,1266,9.0
tmdb_587,1267,8.0
tmdb_587,1269,9.0
tmdb_587,1272,10.0
tmdb_587,1280,9.0
tmdb_587,1284,8.0
tmdb_587,1358,8.0
tmdb_587,1365,8.0
tmdb_587,1380,7.0
tmdb_587,1387,8.0
tmdb_587,1393,8.0
tmdb_587,1394,9.0
tmdb_587,1537,10.0
tmdb_587,1610,8.0
tmdb_587,1641,9.0
tmdb_587,1673,8.0
tmdb_587,1683,7.0
tmdb_587,1719,8.0
tmdb_587,1834,8.0
tmdb_587,1883,8.0
tmdb_587,1923,10.0
tmdb_587,1927,10.0
tmdb_587,1931,8.0
tmdb_587,1944,9.0
tmdb_587,1945,8.0
tmdb_587,1946,8.0
tmdb_587,1950,8.0
tmdb_587,1959,10.0
tmdb_587,1961,8.0
tmdb_587,1963,9.0
tmdb_587,2019,10.0
tmdb_587,2020,8.0
tmdb_587,2028,9.0
tmdb_587,2064,8.0
tmdb_587,2186,8.0
tmdb_587,2289,8.0
tmdb_587,2295,8.0
tmdb_587,2300,10.0
tmdb_587,2313,9.0
tmdb_587,2612,8.0
tmdb_587,2657,6.0
tmdb_587,2731,7.0
tmdb_587,2734,8.0
tmdb_587,2762,8.0
tmdb_587,2788,7.0
tmdb_587,2791,7.0
tmdb_587,2927,10.0
tmdb_587,2959,5.0
tmdb_587,2973,10.0
tmdb_587,3019,8.0
tmdb_587,3072,9.0
tmdb_587,3089,7.0
tmdb_587,3101,8.0
tmdb_587,3134,8.0
tmdb_587,3547,7.0
tmdb_587,3681,7.0
tmdb_587,3683,7.0
tmdb_587,4012,7.0
tmdb_587,4034,8.0
tmdb_587,4226,7.0
tmdb_587,4495,7.0
tmdb_587,4523,8.0
tmdb_587,4612,10.0
tmdb_587,4806,7.0
tmdb_587,4973,7.0
tmdb_587,4993,5.0
tmdb_587,4995,7.0
tmdb_587,5056,8.0
tmdb_587,5147,8.0
tmdb_587,5481,1.0
tmdb_587,5693,5.0
tmdb_587,5902,8.0
tmdb_587,5995,9.0
tmdb_587,6016,9.0
tmdb_587,6073,8.0
tmdb_587,6440,8.0
tmdb_587,6538,8.0
tmdb_587,6620,7.0
tmdb_587,6643,8.0
tmdb_587,6978,7.0
tmdb_587,7091,10.0
tmdb_587,7234,7.0
tmdb_587,7299,8.0
tmdb_587,7840,8.0
tmdb_587,8128,6.0
tmdb_587,8337,8.0
tmdb_587,8341,8.0
tmdb_587,8618,8.0
tmdb_587,8779,8.0
tmdb_587,8873,9.0
tmdb_587,8933,10.0
tmdb_587,8938,8.0
tmdb_587,8954,7.0
tmdb_587,8983,8.0
tmdb_587,25852,10.0
tmdb_587,26712,9.0
tmdb_587,27721,8.0
tmdb_587,27768,7.0
tmdb_587,30707,9.0
tmdb_587,70846,7.0
tmdb_588,6,8.0
tmdb_588,14,6.0
tmdb_588,19,4.0
tmdb_588,21,8.0
tmdb_588,25,8.0
tmdb_588,62,6.0
tmdb_588,110,10.0
tmdb_588,150,8.0
tmdb_588,153,8.0
tmdb_588,161,8.0
tmdb_588,165,6.0
tmdb_588,185,6.0
tmdb_588,223,6.0
tmdb_588,231,6.0
tmdb_588,253,4.0
tmdb_588,288,6.0
tmdb_588,296,10.0
tmdb_588,300,8.0
tmdb_588,316,6.0
tmdb_588,318,10.0
tmdb_588,329,6.0
tmdb_588,339,6.0
tmdb_588,344,8.0
tmdb_588,349,6.0
tmdb_588,364,6.0
tmdb_588,377,8.0
tmdb_588,380,10.0
tmdb_588,434,6.0
tmdb_588,454,6.0
tmdb_588,457,10.0
tmdb_588,475,8.0
tmdb_588,480,6.0
tmdb_588,527,10.0
tmdb_588,590,8.0
tmdb_588,592,8.0
tmdb_588,593,10.0
tmdb_588,648,6.0
tmdb_588,786,6.0
tmdb_589,95,8.0
tmdb_589,110,6.0
tmdb_589,145,6.0
tmdb_589,150,8.0
tmdb_589,153,6.0
tmdb_589,165,6.0
tmdb_589,173,6.0
tmdb_589,204,6.0
tmdb_589,227,8.0
tmdb_589,231,6.0
tmdb_589,292,8.0
tmdb_589,296,6.0
tmdb_589,315,6.0
tmdb_589,316,8.0
tmdb_589,329,8.0
tmdb_589,344,6.0
tmdb_589,349,8.0
tmdb_589,377,10.0
tmdb_589,380,8.0
tmdb_589,383,6.0
tmdb_589,405,8.0
tmdb_589,434,6.0
tmdb_589,442,8.0
tmdb_589,457,8.0
tmdb_589,464,6.0
tmdb_589,480,10.0
tmdb_589,533,6.0
tmdb_589,544,6.0
tmdb_589,548,6.0
tmdb_589,552,8.0
tmdb_589,588,8.0
tmdb_589,590,8.0
tmdb_589,592,6.0
tmdb_589,593,6.0
tmdb_589,780,8.0
tmdb_590,2,6.0
tmdb_590,5,6.0
tmdb_590,6,8.0
tmdb_590,22,6.0
tmdb_590,25,10.0
tmdb_590,110,10.0
tmdb_590,141,8.0
tmdb_590,150,10.0
tmdb_590,153,6.0
tmdb_590,160,6.0
tmdb_590,161,8.0
tmdb_590,163,6.0
tmdb_590,165,8.0
tmdb_590,168,6.0
tmdb_590,172,6.0
tmdb_590,173,6.0
tmdb_590,185,6.0
tmdb_590,186,6.0
tmdb_590,193,6.0
tmdb_590,196,6.0
tmdb_590,204,8.0
tmdb_590,223,10.0
tmdb_590,225,8.0
tmdb_590,231,6.0
tmdb_590,235,8.0
tmdb_590,253,6.0
tmdb_590,256,6.0
tmdb_590,265,8.0
tmdb_590,266,8.0
tmdb_590,276,6.0
tmdb_590,288,8.0
tmdb_590,292,8.0
tmdb_590,293,8.0
tmdb_590,296,8.0
tmdb_590,315,6.0
tmdb_590,316,6.0
tmdb_590,317,8.0
tmdb_590,318,10.0
tmdb_590,329,6.0
tmdb_590,337,8.0
tmdb_590,339,6.0
tmdb_590,342,8.0
tmdb_590,344,6.0
tmdb_590,349,6.0
tmdb_590,350,6.0
tmdb_590,364,6.0
tmdb_590,377,8.0
tmdb_590,380,8.0
tmdb_590,434,8.0
tmdb_590,435,6.0
tmdb_590,440,6.0
tmdb_590,442,6.0
tmdb_590,454,6.0
tmdb_590,457,10.0
tmdb_590,466,6.0
tmdb_590,468,6.0
tmdb_590,480,8.0
tmdb_590,500,6.0
tmdb_590,508,6.0
tmdb_590,527,8.0
tmdb_590,551,8.0
tmdb_590,588,6.0
tmdb_590,590,6.0
tmdb_590,592,6.0
tmdb_590,595,6.0
tmdb_590,597,6.0
tmdb_590,780,6.0
tmdb_591,158,4.0
tmdb_591,592,7.0
tmdb_591,596,6.0
tmdb_591,783,8.0
tmdb_591,953,9.0
tmdb_591,1073,3.0
tmdb_591,1250,7.0
tmdb_591,1282,8.0
tmdb_591,1380,4.0
tmdb_591,2006,7.0
tmdb_591,2100,7.0
tmdb_591,2321,7.0
tmdb_591,2502,8.0
tmdb_591,2657,6.0
tmdb_591,3052,5.0
tmdb_591,3088,7.0
tmdb_591,5060,7.0
tmdb_592,104,10.0
tmdb_592,110,8.0
tmdb_592,150,8.0
tmdb_592,158,4.0
tmdb_592,165,10.0
tmdb_592,223,10.0
tmdb_592,260,10.0
tmdb_592,329,4.0
tmdb_592,349,6.0
tmdb_592,364,4.0
tmdb_592,380,10.0
tmdb_592,480,8.0
tmdb_592,527,8.0
tmdb_592,588,8.0
tmdb_592,592,6.0
tmdb_592,596,4.0
tmdb_592,780,10.0
tmdb_592,783,2.0
tmdb_592,919,4.0
tmdb_592,1059,6.0
tmdb_592,1073,4.0
tmdb_592,1282,2.0
tmdb_592,1370,10.0
tmdb_592,1371,2.0
tmdb_592,1372,8.0
tmdb_592,1373,4.0
tmdb_592,1374,8.0
tmdb_592,1375,4.0
tmdb_592,1376,8.0
tmdb_592,1387,6.0
tmdb_592,1552,10.0
tmdb_592,1580,8.0
tmdb_592,1682,8.0
tmdb_592,1690,10.0
tmdb_592,1722,10.0
tmdb_592,1917,10.0
tmdb_592,1941,10.0
tmdb_592,1954,8.0
tmdb_592,2028,8.0
tmdb_592,2080,4.0
tmdb_592,2115,10.0
tmdb_592,2124,6.0
tmdb_592,2302,10.0
tmdb_592,2355,6.0
tmdb_592,2617,6.0
tmdb_592,2671,6.0
tmdb_592,2694,8.0
tmdb_592,2762,10.0
tmdb_592,2959,10.0
tmdb_592,2989,10.0
tmdb_592,2990,10.0
tmdb_592,2993,10.0
tmdb_592,3082,10.0
tmdb_592,3175,8.0
tmdb_592,3397,8.0
tmdb_592,3635,10.0
tmdb_592,3638,10.0
tmdb_592,4247,10.0
tmdb_592,4369,10.0
tmdb_593,2,6.0
tmdb_593,20,8.0
tmdb_593,25,10.0
tmdb_593,95,8.0
tmdb_593,122,6.0
tmdb_593,141,10.0
tmdb_593,150,8.0
tmdb_593,165,8.0
tmdb_593,172,10.0
tmdb_593,173,6.0
tmdb_593,185,10.0
tmdb_593,196,8.0
tmdb_593,225,8.0
tmdb_593,227,8.0
tmdb_593,231,6.0
tmdb_593,246,8.0
tmdb_593,273,6.0
tmdb_593,277,8.0
tmdb_593,288,10.0
tmdb_593,292,8.0
tmdb_593,296,10.0
tmdb_593,306,8.0
tmdb_593,307,8.0
tmdb_593,316,6.0
tmdb_593,319,10.0
tmdb_593,329,6.0
tmdb_593,337,6.0
tmdb_593,344,8.0
tmdb_593,377,10.0
tmdb_593,380,4.0
tmdb_593,434,6.0
tmdb_593,442,10.0
tmdb_593,454,10.0
tmdb_593,457,8.0
tmdb_593,466,6.0
tmdb_593,480,6.0
tmdb_593,497,10.0
tmdb_593,500,8.0
tmdb_593,508,10.0
tmdb_593,509,10.0
tmdb_593,531,6.0
tmdb_593,533,8.0
tmdb_593,543,10.0
tmdb_593,552,8.0
tmdb_593,586,6.0
tmdb_593,587,8.0
tmdb_593,592,6.0
tmdb_593,593,8.0
tmdb_593,597,8.0
tmdb_593,616,8.0
tmdb_593,648,8.0
tmdb_593,708,10.0
tmdb_593,780,10.0
tmdb_594,21,10.0
tmdb_594,110,10.0
tmdb_594,162,10.0
tmdb_594,206,8.0
tmdb_594,246,8.0
tmdb_594,260,10.0
tmdb_594,296,10.0
tmdb_594,527,10.0
tmdb_594,541,8.0
tmdb_594,549,10.0
tmdb_594,608,10.0
tmdb_594,778,4.0
tmdb_594,858,10.0
tmdb_594,913,10.0
tmdb_594,1089,10.0
tmdb_594,1213,10.0
tmdb_594,1358,10.0
tmdb_594,1387,10.0
tmdb_594,1394,8.0
tmdb_594,1584,8.0
tmdb_594,1610,6.0
tmdb_594,1729,6.0
tmdb_594,1909,8.0
tmdb_594,1965,10.0
tmdb_594,2000,4.0
tmdb_594,2028,8.0
tmdb_594,2064,10.0
tmdb_594,2262,4.0
tmdb_594,2268,6.0
tmdb_594,2289,10.0
tmdb_594,2759,8.0
tmdb_594,2791,6.0
tmdb_594,5060,10.0
tmdb_595,2,4.0
tmdb_595,13,10.0
tmdb_595,17,8.0
tmdb_595,111,10.0
tmdb_595,150,8.0
tmdb_595,162,10.0
tmdb_595,164,8.0
tmdb_595,176,10.0
tmdb_595,206,10.0
tmdb_595,235,8.0
tmdb_595,262,10.0
tmdb_595,265,8.0
tmdb_595,272,10.0
tmdb_595,296,10.0
tmdb_595,313,2.0
tmdb_595,318,8.0
tmdb_595,334,4.0
tmdb_595,348,6.0
tmdb_595,364,8.0
tmdb_595,509,10.0
tmdb_595,531,10.0
tmdb_595,535,10.0
tmdb_595,549,8.0
tmdb_595,558,8.0
tmdb_595,562,8.0
tmdb_595,581,6.0
tmdb_595,586,8.0
tmdb_595,588,6.0
tmdb_595,590,10.0
tmdb_595,593,10.0
tmdb_595,594,6.0
tmdb_595,595,4.0
tmdb_595,596,8.0
tmdb_595,608,10.0
tmdb_595,661,8.0
tmdb_595,766,6.0
tmdb_595,778,10.0
tmdb_595,899,10.0
tmdb_595,900,8.0
tmdb_595,912,6.0
tmdb_595,914,8.0
tmdb_595,917,10.0
tmdb_595,919,10.0
tmdb_595,1023,10.0
tmdb_595,1059,10.0
tmdb_595,1073,10.0
tmdb_595,1089,10.0
tmdb_595,1213,10.0
tmdb_595,1265,8.0
tmdb_595,1266,4.0
tmdb_595,1282,6.0
tmdb_595,1358,8.0
tmdb_595,1367,6.0
tmdb_595,1380,8.0
tmdb_595,1537,8.0
tmdb_595,1566,8.0
tmdb_595,1610,6.0
tmdb_595,1641,8.0
tmdb_595,1648,2.0
tmdb_595,1673,10.0
tmdb_595,1694,8.0
tmdb_595,1713,2.0
tmdb_595,1734,10.0
tmdb_595,1883,8.0
tmdb_595,1907,6.0
tmdb_595,1921,8.0
tmdb_595,1923,8.0
tmdb_595,1947,10.0
tmdb_595,1966,8.0
tmdb_595,2005,8.0
tmdb_595,2014,8.0
tmdb_595,2015,6.0
tmdb_595,2018,8.0
tmdb_595,2028,2.0
tmdb_595,2059,6.0
tmdb_595,2064,10.0
tmdb_595,2078,8.0
tmdb_595,2080,8.0
tmdb_595,2085,6.0
tmdb_595,2087,8.0
tmdb_595,2102,10.0
tmdb_595,2141,10.0
tmdb_595,2186,10.0
tmdb_595,2284,10.0
tmdb_595,2289,10.0
tmdb_595,2294,2.0
tmdb_595,2324,8.0
tmdb_595,2355,10.0
tmdb_595,2687,6.0
tmdb_595,2762,6.0
tmdb_595,3061,8.0
tmdb_595,3114,10.0
tmdb_595,3549,8.0
tmdb_596,6,8.0
tmdb_596,16,10.0
tmdb_596,18,7.0
tmdb_596,19,5.0
tmdb_596,25,8.0
tmdb_596,69,8.0
tmdb_596,70,8.0
tmdb_596,110,8.0
tmdb_596,111,10.0
tmdb_596,141,8.0
tmdb_596,145,9.0
tmdb_596,147,7.0
tmdb_596,150,7.0
tmdb_596,156,10.0
tmdb_596,163,7.0
tmdb_596,165,7.0
tmdb_596,172,7.0
tmdb_596,194,10.0
tmdb_596,223,8.0
tmdb_596,231,6.0
tmdb_596,247,8.0
tmdb_596,253,8.0
tmdb_596,259,7.0
tmdb_596,260,6.0
tmdb_596,266,6.0
tmdb_596,288,9.0
tmdb_596,292,7.0
tmdb_596,293,8.0
tmdb_596,296,10.0
tmdb_596,300,7.0
tmdb_596,316,7.0
tmdb_596,318,10.0
tmdb_596,327,3.0
tmdb_596,329,7.0
tmdb_596,337,7.0
tmdb_596,339,7.0
tmdb_596,344,7.0
tmdb_596,350,7.0
tmdb_596,364,6.0
tmdb_596,377,8.0
tmdb_596,380,6.0
tmdb_596,431,8.0
tmdb_596,434,6.0
tmdb_596,440,6.0
tmdb_596,441,7.0
tmdb_596,442,8.0
tmdb_596,454,8.0
tmdb_596,455,6.0
tmdb_596,457,8.0
tmdb_596,466,6.0
tmdb_596,480,8.0
tmdb_596,481,8.0
tmdb_596,493,7.0
tmdb_596,500,7.0
tmdb_596,508,7.0
tmdb_596,527,9.0
tmdb_596,532,5.0
tmdb_596,535,8.0
tmdb_596,539,6.0
tmdb_596,541,7.0
tmdb_596,543,2.0
tmdb_596,553,7.0
tmdb_596,586,7.0
tmdb_596,587,7.0
tmdb_596,590,8.0
tmdb_596,593,8.0
tmdb_596,595,6.0
tmdb_596,597,7.0
tmdb_596,608,7.0
tmdb_596,628,8.0
tmdb_596,648,7.0
tmdb_596,778,9.0
tmdb_596,780,7.0
tmdb_596,783,5.0
tmdb_596,784,7.0
tmdb_596,786,6.0
tmdb_596,788,6.0
tmdb_596,858,10.0
tmdb_596,902,8.0
tmdb_596,903,9.0
tmdb_596,910,7.0
tmdb_596,912,9.0
tmdb_596,924,7.0
tmdb_596,931,8.0
tmdb_596,953,8.0
tmdb_596,1089,8.0
tmdb_596,1090,7.0
tmdb_596,1092,7.0
tmdb_596,1093,9.0
tmdb_596,1213,10.0
tmdb_596,1246,8.0
tmdb_596,1259,7.0
tmdb_596,1265,8.0
tmdb_596,1267,5.0
tmdb_596,1279,9.0
tmdb_596,1281,6.0
tmdb_596,1370,7.0
tmdb_596,1387,9.0
tmdb_596,1391,6.0
tmdb_596,1407,8.0
tmdb_596,1408,8.0
tmdb_596,1479,7.0
tmdb_596,1485,7.0
tmdb_596,1552,7.0
tmdb_596,1573,7.0
tmdb_596,1580,6.0
tmdb_596,1584,6.0
tmdb_596,1608,5.0
tmdb_596,1619,9.0
tmdb_596,1627,7.0
tmdb_596,1644,5.0
tmdb_596,1645,8.0
tmdb_596,1653,9.0
tmdb_596,1672,7.0
tmdb_596,1676,7.0
tmdb_596,1682,8.0
tmdb_596,1721,8.0
tmdb_596,1722,7.0
tmdb_596,1729,8.0
tmdb_596,1732,10.0
tmdb_596,1835,8.0
tmdb_596,1884,9.0
tmdb_596,1892,8.0
tmdb_596,1912,7.0
tmdb_596,1917,6.0
tmdb_596,1923,8.0
tmdb_596,1961,9.0
tmdb_596,1968,7.0
tmdb_596,1997,7.0
tmdb_596,2003,7.0
tmdb_596,2004,7.0
tmdb_596,2011,7.0
tmdb_596,2012,7.0
tmdb_596,2023,8.0
tmdb_596,2028,8.0
tmdb_596,2054,6.0
tmdb_596,2064,8.0
tmdb_596,2067,8.0
tmdb_596,2160,7.0
tmdb_596,2161,6.0
tmdb_596,2321,7.0
tmdb_596,2324,9.0
tmdb_596,2355,6.0
tmdb_596,2671,7.0
tmdb_596,2722,4.0
tmdb_596,2762,9.0
tmdb_596,2805,6.0
tmdb_596,2912,7.0
tmdb_596,2959,10.0
tmdb_596,3033,6.0
tmdb_596,3176,9.0
tmdb_596,3177,7.0
tmdb_596,3681,7.0
tmdb_596,3686,8.0
tmdb_596,4011,9.0
tmdb_596,4025,7.0
tmdb_596,4226,10.0
tmdb_596,4351,9.0
tmdb_596,4369,7.0
tmdb_596,4639,7.0
tmdb_596,4643,6.0
tmdb_596,4967,7.0
tmdb_596,4973,10.0
tmdb_596,4975,7.0
tmdb_596,4993,6.0
tmdb_596,4995,8.0
tmdb_596,5481,7.0
tmdb_596,5528,6.0
tmdb_596,5620,6.0
tmdb_596,5902,7.0
tmdb_596,5956,7.0
tmdb_596,5995,10.0
tmdb_596,6003,9.0
tmdb_596,6016,10.0
tmdb_596,6187,9.0
tmdb_596,6373,4.0
tmdb_596,6537,5.0
tmdb_596,6934,5.0
tmdb_596,6936,6.0
tmdb_596,7090,6.0
tmdb_596,7445,6.0
tmdb_596,8070,7.0
tmdb_596,8464,8.0
tmdb_596,8665,4.0
tmdb_596,8873,9.0
tmdb_596,8927,6.0
tmdb_596,8961,8.0
tmdb_596,8984,7.0
tmdb_596,27022,7.0
tmdb_596,30707,9.0
tmdb_596,32029,7.0
tmdb_596,33124,7.0
tmdb_596,33166,10.0
tmdb_596,37720,7.0
tmdb_596,39446,7.0
tmdb_597,11,8.0
tmdb_597,160,6.0
tmdb_597,164,8.0
tmdb_597,185,6.0
tmdb_597,196,6.0
tmdb_597,198,6.0
tmdb_597,260,10.0
tmdb_597,293,8.0
tmdb_597,350,6.0
tmdb_597,451,10.0
tmdb_597,480,8.0
tmdb_597,492,10.0
tmdb_597,497,8.0
tmdb_597,513,6.0
tmdb_597,541,10.0
tmdb_597,588,10.0
tmdb_597,648,6.0
tmdb_597,671,8.0
tmdb_597,745,10.0
tmdb_597,750,10.0
tmdb_597,800,10.0
tmdb_597,898,8.0
tmdb_597,899,10.0
tmdb_597,903,10.0
tmdb_597,907,10.0
tmdb_597,909,10.0
tmdb_597,910,10.0
tmdb_597,911,8.0
tmdb_597,912,8.0
tmdb_597,913,10.0
tmdb_597,916,8.0
tmdb_597,923,10.0
tmdb_597,924,8.0
tmdb_597,928,8.0
tmdb_597,931,8.0
tmdb_597,942,8.0
tmdb_597,943,8.0
tmdb_597,946,10.0
tmdb_597,950,10.0
tmdb_597,951,10.0
tmdb_597,968,8.0
tmdb_597,1018,6.0
tmdb_597,1127,8.0
tmdb_597,1247,8.0
tmdb_597,1248,10.0
tmdb_597,1252,10.0
tmdb_597,1265,10.0
tmdb_597,1267,6.0
tmdb_597,1269,10.0
tmdb_597,1281,8.0
tmdb_597,1284,10.0
tmdb_597,1285,6.0
tmdb_597,1358,10.0
tmdb_597,1394,10.0
tmdb_597,1396,8.0
tmdb_597,1422,4.0
tmdb_597,1580,10.0
tmdb_597,1584,8.0
tmdb_597,1590,4.0
tmdb_597,1597,8.0
tmdb_597,1644,6.0
tmdb_597,1653,6.0
tmdb_597,1689,6.0
tmdb_597,1721,8.0
tmdb_597,1732,8.0
tmdb_597,1845,10.0
tmdb_597,1883,8.0
tmdb_597,1909,8.0
tmdb_597,1917,4.0
tmdb_597,1921,8.0
tmdb_597,1924,4.0
tmdb_597,1950,8.0
tmdb_597,1964,8.0
tmdb_597,2000,4.0
tmdb_597,2009,6.0
tmdb_597,2010,10.0
tmdb_597,2011,6.0
tmdb_597,2015,8.0
tmdb_597,2028,8.0
tmdb_597,2046,6.0
tmdb_597,2064,10.0
tmdb_597,2078,8.0
tmdb_597,2080,8.0
tmdb_597,2094,8.0
tmdb_597,2108,10.0
tmdb_597,2117,6.0
tmdb_597,2140,8.0
tmdb_597,2141,6.0
tmdb_597,2252,8.0
tmdb_597,2287,10.0
tmdb_597,2288,6.0
tmdb_597,2291,8.0
tmdb_597,2322,6.0
tmdb_597,2349,8.0
tmdb_597,2355,10.0
tmdb_597,2363,8.0
tmdb_597,2395,10.0
tmdb_597,2428,6.0
tmdb_597,2454,8.0
tmdb_597,2470,10.0
tmdb_597,2525,6.0
tmdb_597,2527,6.0
tmdb_597,2528,6.0
tmdb_597,2613,6.0
tmdb_597,2657,8.0
tmdb_597,2661,8.0
tmdb_597,2662,6.0
tmdb_597,2668,6.0
tmdb_597,2699,8.0
tmdb_597,2761,10.0
tmdb_597,2762,8.0
tmdb_597,2770,8.0
tmdb_597,2791,8.0
tmdb_597,2923,8.0
tmdb_597,5060,10.0
tmdb_598,11,8.0
tmdb_598,15,4.0
tmdb_598,17,4.0
tmdb_598,69,8.0
tmdb_598,70,4.0
tmdb_598,88,8.0
tmdb_598,104,10.0
tmdb_598,110,8.0
tmdb_598,161,8.0
tmdb_598,180,8.0
tmdb_598,216,10.0
tmdb_598,223,10.0
tmdb_598,260,10.0
tmdb_598,296,10.0
tmdb_598,318,10.0
tmdb_598,364,8.0
tmdb_598,440,8.0
tmdb_598,527,8.0
tmdb_598,539,4.0
tmdb_598,551,8.0
tmdb_598,588,8.0
tmdb_598,590,8.0
tmdb_598,594,8.0
tmdb_598,780,6.0
tmdb_598,838,4.0
tmdb_598,858,8.0
tmdb_598,919,8.0
tmdb_598,923,8.0
tmdb_598,924,8.0
tmdb_598,1093,6.0
tmdb_598,1127,8.0
tmdb_598,1213,8.0
tmdb_598,1259,8.0
tmdb_598,1278,7.0
tmdb_598,1485,8.0
tmdb_598,1580,6.0
tmdb_598,1610,7.0
tmdb_598,1619,8.0
tmdb_598,1641,8.0
tmdb_598,1676,4.0
tmdb_598,1682,8.0
tmdb_598,1732,8.0
tmdb_598,1883,6.0
tmdb_598,1884,8.0
tmdb_598,1895,6.0
tmdb_598,1911,6.0
tmdb_598,1923,8.0
tmdb_598,1961,8.0
tmdb_598,1967,8.0
tmdb_598,1968,7.0
tmdb_598,2000,6.0
tmdb_598,2003,8.0
tmdb_598,2028,8.0
tmdb_598,2064,8.0
tmdb_598,2078,8.0
tmdb_598,2080,8.0
tmdb_598,2087,8.0
tmdb_598,2093,8.0
tmdb_598,2109,8.0
tmdb_598,2324,8.0
tmdb_598,2355,8.0
tmdb_598,2395,8.0
tmdb_598,2502,8.0
tmdb_598,2605,6.0
tmdb_598,2694,8.0
tmdb_598,2699,6.0
tmdb_598,2722,2.0
tmdb_598,2762,8.0
tmdb_598,2770,4.0
tmdb_598,2771,4.0
tmdb_598,2791,10.0
tmdb_598,2805,6.0
tmdb_598,2841,6.0
tmdb_598,2907,6.0
tmdb_598,2959,10.0
tmdb_598,3033,10.0
tmdb_598,3051,6.0
tmdb_598,3052,8.0
tmdb_598,3064,6.0
tmdb_598,3114,6.0
tmdb_598,3160,8.0
tmdb_598,3175,8.0
tmdb_598,3176,6.0
tmdb_598,3177,8.0
tmdb_598,3512,6.0
tmdb_598,3593,2.0
tmdb_598,3786,6.0
tmdb_598,4011,8.0
tmdb_598,4226,10.0
tmdb_598,4643,6.0
tmdb_598,4734,8.0
tmdb_598,4816,4.0
tmdb_598,4886,8.0
tmdb_598,4896,8.0
tmdb_598,4958,4.0
tmdb_598,4975,8.0
tmdb_598,4993,10.0
tmdb_598,4995,8.0
tmdb_598,5064,8.0
tmdb_598,5255,2.0
tmdb_598,5458,2.0
tmdb_598,5481,8.0
tmdb_598,5503,2.0
tmdb_598,5516,2.0
tmdb_598,5528,6.0
tmdb_598,5816,8.0
tmdb_598,6373,4.0
tmdb_598,6461,7.0
tmdb_598,6537,8.0
tmdb_599,150,3.0
tmdb_599,260,10.0
tmdb_599,502,5.0
tmdb_599,551,9.0
tmdb_599,745,3.0
tmdb_599,892,7.0
tmdb_599,923,2.0
tmdb_599,1251,6.0
tmdb_599,1968,10.0
tmdb_599,2011,9.0
tmdb_599,2115,8.0
tmdb_599,2144,10.0
tmdb_599,2291,9.0
tmdb_599,2455,7.0
tmdb_599,2671,8.0
tmdb_599,2788,10.0
tmdb_599,3396,9.0
tmdb_599,4816,8.0
tmdb_599,4896,10.0
tmdb_599,4973,1.0
tmdb_599,4993,8.0
tmdb_599,5620,8.0
tmdb_599,5816,10.0
tmdb_599,6373,7.0
tmdb_599,7451,9.0
tmdb_599,7453,6.0
tmdb_599,8643,9.0
tmdb_599,27706,6.0
tmdb_599,30793,8.0
tmdb_599,31685,7.0
tmdb_599,40815,10.0
tmdb_599,41566,7.0
tmdb_599,43930,9.0
tmdb_599,44004,9.0
tmdb_599,54734,9.0
tmdb_599,67087,8.0
tmdb_599,68659,8.0
tmdb_599,69069,8.0
tmdb_599,74458,6.0
tmdb_600,588,10.0
tmdb_600,2085,6.0
tmdb_600,4886,10.0
tmdb_600,4995,6.0
tmdb_600,58559,6.0
tmdb_600,104374,7.0
tmdb_601,193,3.0
tmdb_601,493,8.0
tmdb_601,1831,5.0
tmdb_601,2567,6.0
tmdb_601,2605,6.0
tmdb_601,4148,6.0
tmdb_601,4226,9.0
tmdb_601,4235,9.0
tmdb_601,6016,9.0
tmdb_601,6283,7.0
tmdb_601,8914,8.0
tmdb_601,44191,7.0
tmdb_601,58559,9.0
tmdb_602,2,8.0
tmdb_602,11,6.0
tmdb_602,21,4.0
tmdb_602,25,10.0
tmdb_602,85,10.0
tmdb_602,97,10.0
tmdb_602,107,8.0
tmdb_602,110,6.0
tmdb_602,144,2.0
tmdb_602,147,6.0
tmdb_602,150,6.0
tmdb_602,153,6.0
tmdb_602,155,6.0
tmdb_602,156,10.0
tmdb_602,162,10.0
tmdb_602,164,8.0
tmdb_602,177,6.0
tmdb_602,180,6.0
tmdb_602,194,8.0
tmdb_602,215,8.0
tmdb_602,223,10.0
tmdb_602,229,8.0
tmdb_602,231,6.0
tmdb_602,235,8.0
tmdb_602,246,8.0
tmdb_602,247,10.0
tmdb_602,253,8.0
tmdb_602,260,8.0
tmdb_602,261,6.0
tmdb_602,265,8.0
tmdb_602,268,8.0
tmdb_602,272,8.0
tmdb_602,273,6.0
tmdb_602,280,6.0
tmdb_602,288,6.0
tmdb_602,292,2.0
tmdb_602,296,10.0
tmdb_602,300,10.0
tmdb_602,316,2.0
tmdb_602,318,10.0
tmdb_602,319,4.0
tmdb_602,329,6.0
tmdb_602,337,6.0
tmdb_602,344,6.0
tmdb_602,348,6.0
tmdb_602,349,6.0
tmdb_602,364,10.0
tmdb_602,380,6.0
tmdb_602,434,2.0
tmdb_602,457,6.0
tmdb_602,475,10.0
tmdb_602,480,8.0
tmdb_602,481,6.0
tmdb_602,493,4.0
tmdb_602,497,10.0
tmdb_602,500,8.0
tmdb_602,501,6.0
tmdb_602,508,8.0
tmdb_602,509,8.0
tmdb_602,527,10.0
tmdb_602,531,8.0
tmdb_602,534,10.0
tmdb_602,535,10.0
tmdb_602,539,6.0
tmdb_602,551,10.0
tmdb_602,562,8.0
tmdb_602,587,8.0
tmdb_602,588,10.0
tmdb_602,590,8.0
tmdb_602,592,6.0
tmdb_602,593,10.0
tmdb_602,595,10.0
tmdb_602,596,6.0
tmdb_602,597,6.0
tmdb_602,608,8.0
tmdb_602,647,6.0
tmdb_602,653,2.0
tmdb_602,661,10.0
tmdb_602,764,10.0
tmdb_602,778,10.0
tmdb_602,783,8.0
tmdb_602,799,6.0
tmdb_602,802,6.0
tmdb_602,805,6.0
tmdb_602,1023,8.0
tmdb_603,2,8.0
tmdb_603,3,4.0
tmdb_603,6,8.0
tmdb_603,62,10.0
tmdb_603,88,6.0
tmdb_603,104,8.0
tmdb_603,110,10.0
tmdb_603,150,8.0
tmdb_603,163,8.0
tmdb_603,231,4.0
tmdb_603,260,10.0
tmdb_603,277,8.0
tmdb_603,296,10.0
tmdb_603,300,6.0
tmdb_603,316,8.0
tmdb_603,317,4.0
tmdb_603,364,10.0
tmdb_603,380,10.0
tmdb_603,442,10.0
tmdb_603,457,8.0
tmdb_603,466,8.0
tmdb_603,480,10.0
tmdb_603,500,8.0
tmdb_603,527,10.0
tmdb_603,543,6.0
tmdb_603,551,10.0
tmdb_603,552,6.0
tmdb_603,586,6.0
tmdb_603,588,10.0
tmdb_603,592,8.0
tmdb_603,594,8.0
tmdb_603,595,10.0
tmdb_603,596,8.0
tmdb_603,608,10.0
tmdb_603,648,6.0
tmdb_603,653,6.0
tmdb_603,661,6.0
tmdb_603,673,6.0
tmdb_603,761,6.0
tmdb_603,780,8.0
tmdb_603,783,10.0
tmdb_603,784,10.0
tmdb_603,832,6.0
tmdb_603,1073,6.0
tmdb_603,1126,6.0
tmdb_603,1265,6.0
tmdb_603,1278,10.0
tmdb_603,1282,10.0
tmdb_603,1367,6.0
tmdb_603,1374,6.0
tmdb_603,1377,8.0
tmdb_603,1391,10.0
tmdb_603,1393,6.0
tmdb_603,1394,10.0
tmdb_603,1396,8.0
tmdb_603,1408,10.0
tmdb_603,1544,6.0
tmdb_603,1562,6.0
tmdb_603,1566,10.0
tmdb_603,1573,8.0
tmdb_603,1580,10.0
tmdb_604,19,5.0
tmdb_604,344,4.0
tmdb_604,524,9.0
tmdb_604,2161,2.0
tmdb_604,2193,2.0
tmdb_604,2539,8.0
tmdb_604,2990,6.0
tmdb_604,3526,4.0
tmdb_605,3,4.0
tmdb_605,11,6.0
tmdb_605,19,8.0
tmdb_605,21,4.0
tmdb_605,25,6.0
tmdb_605,87,2.0
tmdb_605,95,6.0
tmdb_605,99,2.0
tmdb_605,104,8.0
tmdb_605,105,4.0
tmdb_605,110,6.0
tmdb_605,118,2.0
tmdb_605,146,8.0
tmdb_605,150,8.0
tmdb_605,164,6.0
tmdb_605,165,6.0
tmdb_605,170,6.0
tmdb_605,172,6.0
tmdb_605,173,2.0
tmdb_605,216,6.0
tmdb_605,224,6.0
tmdb_605,231,6.0
tmdb_605,234,2.0
tmdb_605,237,4.0
tmdb_605,238,8.0
tmdb_605,246,6.0
tmdb_605,247,6.0
tmdb_605,248,4.0
tmdb_605,253,6.0
tmdb_605,254,4.0
tmdb_605,255,2.0
tmdb_605,258,4.0
tmdb_605,261,8.0
tmdb_605,262,8.0
tmdb_605,344,10.0
tmdb_605,345,6.0
tmdb_605,350,6.0
tmdb_605,405,4.0
tmdb_605,421,6.0
tmdb_605,423,6.0
tmdb_605,429,6.0
tmdb_605,440,6.0
tmdb_605,442,4.0
tmdb_605,457,8.0
tmdb_605,468,8.0
tmdb_605,480,6.0
tmdb_605,541,6.0
tmdb_605,585,6.0
tmdb_605,586,8.0
tmdb_605,587,6.0
tmdb_605,588,8.0
tmdb_605,590,6.0
tmdb_605,592,8.0
tmdb_605,608,6.0
tmdb_605,609,6.0
tmdb_605,616,8.0
tmdb_605,648,8.0
tmdb_605,661,6.0
tmdb_605,700,6.0
tmdb_605,745,8.0
tmdb_605,779,6.0
tmdb_605,780,8.0
tmdb_605,783,6.0
tmdb_605,800,6.0
tmdb_605,801,4.0
tmdb_605,808,6.0
tmdb_605,829,2.0
tmdb_605,830,6.0
tmdb_605,838,6.0
tmdb_605,858,10.0
tmdb_605,900,8.0
tmdb_605,902,6.0
tmdb_605,903,6.0
tmdb_605,905,10.0
tmdb_605,911,10.0
tmdb_605,912,10.0
tmdb_605,913,10.0
tmdb_605,917,6.0
tmdb_605,920,10.0
tmdb_605,923,8.0
tmdb_605,924,2.0
tmdb_605,926,8.0
tmdb_605,932,6.0
tmdb_605,934,8.0
tmdb_605,938,10.0
tmdb_605,940,10.0
tmdb_605,942,10.0
tmdb_605,943,8.0
tmdb_605,951,8.0
tmdb_605,953,10.0
tmdb_605,955,8.0
tmdb_605,965,6.0
tmdb_605,986,8.0
tmdb_605,1088,4.0
tmdb_605,1093,6.0
tmdb_605,1213,6.0
tmdb_605,1246,6.0
tmdb_605,1247,6.0
tmdb_605,1262,6.0
tmdb_605,1265,6.0
tmdb_605,1269,10.0
tmdb_605,1271,8.0
tmdb_605,1282,8.0
tmdb_605,1284,4.0
tmdb_605,1285,4.0
tmdb_605,1359,4.0
tmdb_605,1380,8.0
tmdb_605,1387,10.0
tmdb_605,1389,2.0
tmdb_605,1393,8.0
tmdb_605,1405,6.0
tmdb_605,1429,6.0
tmdb_605,1485,6.0
tmdb_605,1498,4.0
tmdb_605,1541,4.0
tmdb_605,1542,4.0
tmdb_605,1562,4.0
tmdb_605,1573,6.0
tmdb_605,1588,6.0
tmdb_605,1592,8.0
tmdb_605,1594,6.0
tmdb_605,1608,6.0
tmdb_605,1635,4.0
tmdb_605,1639,4.0
tmdb_605,1641,6.0
tmdb_605,1644,4.0
tmdb_605,1645,8.0
tmdb_605,1654,6.0
tmdb_605,1665,6.0
tmdb_605,1673,6.0
tmdb_605,1678,4.0
tmdb_605,1688,10.0
tmdb_605,1702,4.0
tmdb_605,1727,6.0
tmdb_605,1875,4.0
tmdb_605,1883,2.0
tmdb_605,1888,4.0
tmdb_605,1895,6.0
tmdb_605,1937,8.0
tmdb_605,1938,6.0
tmdb_605,1944,8.0
tmdb_605,1955,6.0
tmdb_605,1957,8.0
tmdb_605,1968,6.0
tmdb_605,1975,2.0
tmdb_605,1997,8.0
tmdb_605,2000,6.0
tmdb_605,2011,6.0
tmdb_605,2012,4.0
tmdb_605,2014,6.0
tmdb_605,2015,8.0
tmdb_605,2017,6.0
tmdb_605,2022,2.0
tmdb_605,2028,6.0
tmdb_605,2038,8.0
tmdb_605,2043,8.0
tmdb_605,2054,4.0
tmdb_605,2057,8.0
tmdb_605,2077,6.0
tmdb_605,2078,6.0
tmdb_605,2080,6.0
tmdb_605,2085,8.0
tmdb_605,2108,4.0
tmdb_605,2109,6.0
tmdb_605,2115,8.0
tmdb_605,2125,8.0
tmdb_605,2133,4.0
tmdb_605,2135,6.0
tmdb_605,2154,2.0
tmdb_605,2163,6.0
tmdb_605,2169,6.0
tmdb_605,2239,6.0
tmdb_605,2262,6.0
tmdb_605,2280,8.0
tmdb_605,2312,6.0
tmdb_605,2428,4.0
tmdb_605,2454,6.0
tmdb_605,2470,8.0
tmdb_605,2546,4.0
tmdb_605,2565,6.0
tmdb_605,2567,4.0
tmdb_605,2661,6.0
tmdb_605,2690,8.0
tmdb_605,2753,6.0
tmdb_605,2759,2.0
tmdb_605,2779,8.0
tmdb_605,2788,6.0
tmdb_605,2789,4.0
tmdb_605,2791,10.0
tmdb_605,2882,2.0
tmdb_605,2899,6.0
tmdb_605,2926,6.0
tmdb_605,2989,6.0
tmdb_605,2990,6.0
tmdb_605,3052,2.0
tmdb_605,3060,6.0
tmdb_605,3061,8.0
tmdb_605,3074,6.0
tmdb_605,3088,10.0
tmdb_605,3101,6.0
tmdb_605,3107,6.0
tmdb_605,3110,8.0
tmdb_605,3145,6.0
tmdb_605,3146,2.0
tmdb_605,3175,6.0
tmdb_605,3179,6.0
tmdb_605,3478,6.0
tmdb_605,3520,6.0
tmdb_605,3537,2.0
tmdb_605,3543,6.0
tmdb_605,3549,8.0
tmdb_605,3594,6.0
tmdb_605,3600,6.0
tmdb_605,3763,6.0
tmdb_606,175,10.0
tmdb_606,235,8.0
tmdb_606,296,10.0
tmdb_606,441,6.0
tmdb_606,593,7.0
tmdb_606,661,6.0
tmdb_606,778,10.0
tmdb_606,858,10.0
tmdb_606,911,9.0
tmdb_606,1089,10.0
tmdb_606,1103,10.0
tmdb_606,1247,8.0
tmdb_606,1285,6.0
tmdb_606,1405,6.0
tmdb_606,1562,7.0
tmdb_606,1729,10.0
tmdb_606,1968,8.0
tmdb_606,2186,10.0
tmdb_606,2395,10.0
tmdb_606,2455,4.0
tmdb_606,2959,8.0
tmdb_606,3089,10.0
tmdb_606,5971,8.0
tmdb_607,2,6.0
tmdb_607,3,7.0
tmdb_607,16,7.0
tmdb_607,18,8.0
tmdb_607,19,3.0
tmdb_607,21,7.0
tmdb_607,62,7.0
tmdb_607,69,8.0
tmdb_607,93,6.0
tmdb_607,95,4.0
tmdb_607,104,6.0
tmdb_607,110,9.0
tmdb_607,141,6.0
tmdb_607,150,8.0
tmdb_607,153,6.0
tmdb_607,161,8.0
tmdb_607,163,7.0
tmdb_607,165,7.0
tmdb_607,180,7.0
tmdb_607,185,6.0
tmdb_607,193,5.0
tmdb_607,223,5.0
tmdb_607,224,9.0
tmdb_607,231,6.0
tmdb_607,253,8.0
tmdb_607,260,9.0
tmdb_607,266,1.0
tmdb_607,277,7.0
tmdb_607,288,8.0
tmdb_607,292,7.0
tmdb_607,293,9.0
tmdb_607,296,10.0
tmdb_607,303,7.0
tmdb_607,316,7.0
tmdb_607,317,4.0
tmdb_607,318,10.0
tmdb_607,329,7.0
tmdb_607,339,1.0
tmdb_607,344,5.0
tmdb_607,349,8.0
tmdb_607,364,6.0
tmdb_607,377,7.0
tmdb_607,380,9.0
tmdb_607,383,1.0
tmdb_607,410,7.0
tmdb_607,423,7.0
tmdb_607,431,8.0
tmdb_607,434,7.0
tmdb_607,440,8.0
tmdb_607,441,7.0
tmdb_607,442,4.0
tmdb_607,454,8.0
tmdb_607,457,8.0
tmdb_607,466,7.0
tmdb_607,480,6.0
tmdb_607,500,5.0
tmdb_607,524,6.0
tmdb_607,543,8.0
tmdb_607,551,8.0
tmdb_607,553,8.0
tmdb_607,586,4.0
tmdb_607,587,5.0
tmdb_607,588,8.0
tmdb_607,590,5.0
tmdb_607,592,7.0
tmdb_607,593,8.0
tmdb_607,595,4.0
tmdb_607,597,6.0
tmdb_607,608,7.0
tmdb_607,647,8.0
tmdb_607,648,7.0
tmdb_607,653,6.0
tmdb_607,661,7.0
tmdb_607,762,4.0
tmdb_607,778,8.0
tmdb_607,780,7.0
tmdb_607,783,8.0
tmdb_607,784,6.0
tmdb_607,786,6.0
tmdb_607,788,5.0
tmdb_607,802,7.0
tmdb_607,832,8.0
tmdb_607,858,9.0
tmdb_607,996,9.0
tmdb_607,1073,6.0
tmdb_607,1088,4.0
tmdb_607,1089,9.0
tmdb_607,1090,5.0
tmdb_607,1092,7.0
tmdb_607,1125,8.0
tmdb_607,1127,9.0
tmdb_607,1213,7.0
tmdb_607,1246,6.0
tmdb_607,1257,8.0
tmdb_607,1265,9.0
tmdb_607,1266,7.0
tmdb_607,1267,9.0
tmdb_607,1271,5.0
tmdb_607,1358,8.0
tmdb_607,1370,7.0
tmdb_607,1371,8.0
tmdb_607,1372,7.0
tmdb_607,1374,8.0
tmdb_607,1375,7.0
tmdb_607,1376,8.0
tmdb_607,1377,7.0
tmdb_607,1391,8.0
tmdb_607,1393,5.0
tmdb_607,1396,9.0
tmdb_607,1405,7.0
tmdb_607,1408,8.0
tmdb_607,1479,8.0
tmdb_607,1485,5.0
tmdb_607,1552,7.0
tmdb_607,1573,7.0
tmdb_607,1580,9.0
tmdb_607,1584,5.0
tmdb_607,1597,10.0
tmdb_607,1610,8.0
tmdb_607,1645,7.0
tmdb_607,1653,5.0
tmdb_607,1682,7.0
tmdb_607,1689,8.0
tmdb_607,1713,7.0
tmdb_607,1722,8.0
tmdb_607,1729,7.0
tmdb_607,1732,7.0
tmdb_607,1907,8.0
tmdb_607,1917,6.0
tmdb_607,1923,8.0
tmdb_607,1954,8.0
tmdb_607,1961,7.0
tmdb_607,1967,9.0
tmdb_607,1968,7.0
tmdb_607,2000,8.0
tmdb_607,2003,7.0
tmdb_607,2005,8.0
tmdb_607,2006,8.0
tmdb_607,2011,7.0
tmdb_607,2012,8.0
tmdb_607,2019,9.0
tmdb_607,2021,8.0
tmdb_607,2054,7.0
tmdb_607,2058,8.0
tmdb_607,2100,7.0
tmdb_607,2108,6.0
tmdb_607,2109,7.0
tmdb_607,2115,9.0
tmdb_607,2140,6.0
tmdb_607,2161,7.0
tmdb_607,2193,9.0
tmdb_607,2268,7.0
tmdb_607,2294,7.0
tmdb_607,2302,7.0
tmdb_607,2355,8.0
tmdb_607,2371,8.0
tmdb_607,2470,8.0
tmdb_607,2501,10.0
tmdb_607,2502,9.0
tmdb_607,2539,7.0
tmdb_607,2605,5.0
tmdb_607,2617,8.0
tmdb_607,2640,8.0
tmdb_607,2699,7.0
tmdb_607,2762,8.0
tmdb_607,2791,7.0
tmdb_607,2926,1.0
tmdb_607,2959,9.0
tmdb_607,3033,8.0
tmdb_607,3052,7.0
tmdb_607,3082,8.0
tmdb_607,3114,8.0
tmdb_607,3146,6.0
tmdb_607,3396,8.0
tmdb_607,3397,8.0
tmdb_607,3681,8.0
tmdb_607,3763,4.0
tmdb_607,4011,9.0
tmdb_607,4105,7.0
tmdb_607,4226,9.0
tmdb_607,4499,9.0
tmdb_607,4816,7.0
tmdb_607,4886,9.0
tmdb_607,4896,9.0
tmdb_607,4975,3.0
tmdb_607,4993,9.0
tmdb_607,5064,8.0
tmdb_607,5816,9.0
tmdb_607,6936,9.0
tmdb_607,6947,8.0
tmdb_607,7090,10.0
tmdb_607,7445,8.0
tmdb_607,8665,8.0
tmdb_607,8961,9.0
tmdb_607,8984,7.0
tmdb_607,26555,8.0
tmdb_607,30793,7.0
tmdb_607,31696,7.0
tmdb_607,33166,7.0
tmdb_607,40815,8.0
tmdb_607,41566,5.0
tmdb_608,6,10.0
tmdb_608,16,8.0
tmdb_608,17,6.0
tmdb_608,22,6.0
tmdb_608,25,8.0
tmdb_608,30,8.0
tmdb_608,59,6.0
tmdb_608,70,6.0
tmdb_608,81,6.0
tmdb_608,95,6.0
tmdb_608,111,10.0
tmdb_608,112,6.0
tmdb_608,117,4.0
tmdb_608,123,10.0
tmdb_608,149,8.0
tmdb_608,153,2.0
tmdb_608,164,6.0
tmdb_608,176,6.0
tmdb_608,198,10.0
tmdb_608,229,6.0
tmdb_608,235,10.0
tmdb_608,247,8.0
tmdb_608,290,10.0
tmdb_608,293,6.0
tmdb_608,296,10.0
tmdb_608,300,8.0
tmdb_608,302,8.0
tmdb_608,306,10.0
tmdb_608,307,8.0
tmdb_608,319,6.0
tmdb_608,320,8.0
tmdb_608,322,6.0
tmdb_608,348,10.0
tmdb_608,431,8.0
tmdb_608,457,6.0
tmdb_608,490,6.0
tmdb_608,494,6.0
tmdb_608,509,8.0
tmdb_608,527,8.0
tmdb_608,532,8.0
tmdb_608,541,8.0
tmdb_608,549,6.0
tmdb_608,592,8.0
tmdb_608,593,10.0
tmdb_608,599,10.0
tmdb_608,608,10.0
tmdb_608,627,6.0
tmdb_608,632,8.0
tmdb_608,696,2.0
tmdb_608,707,6.0
tmdb_608,750,10.0
tmdb_608,757,8.0
tmdb_608,778,8.0
tmdb_608,787,8.0
tmdb_608,800,8.0
tmdb_608,831,6.0
tmdb_608,841,8.0
tmdb_608,850,10.0
tmdb_608,858,10.0
tmdb_608,865,8.0
tmdb_608,866,8.0
tmdb_608,903,10.0
tmdb_608,910,10.0
tmdb_608,912,10.0
tmdb_608,913,10.0
tmdb_608,924,10.0
tmdb_608,931,8.0
tmdb_608,951,10.0
tmdb_608,955,10.0
tmdb_608,994,8.0
tmdb_608,1089,8.0
tmdb_608,1213,10.0
tmdb_608,1248,10.0
tmdb_608,1252,10.0
tmdb_608,1255,8.0
tmdb_608,1259,8.0
tmdb_608,1265,8.0
tmdb_608,1266,10.0
tmdb_608,1267,8.0
tmdb_608,1281,8.0
tmdb_608,1284,10.0
tmdb_608,1361,8.0
tmdb_608,1377,6.0
tmdb_608,1394,8.0
tmdb_608,1406,6.0
tmdb_608,1407,8.0
tmdb_608,1537,8.0
tmdb_608,1584,6.0
tmdb_608,1594,8.0
tmdb_608,1611,8.0
tmdb_608,1627,6.0
tmdb_608,1635,10.0
tmdb_608,1639,6.0
tmdb_608,1645,6.0
tmdb_608,1653,8.0
tmdb_608,1673,6.0
tmdb_608,1682,8.0
tmdb_608,1683,8.0
tmdb_608,1701,8.0
tmdb_608,1719,8.0
tmdb_608,1721,8.0
tmdb_608,1729,8.0
tmdb_608,1730,8.0
tmdb_608,1732,8.0
tmdb_608,1734,8.0
tmdb_608,1788,10.0
tmdb_608,1809,10.0
tmdb_608,1834,8.0
tmdb_608,1841,4.0
tmdb_608,1844,8.0
tmdb_608,1846,10.0
tmdb_608,1858,6.0
tmdb_608,1859,10.0
tmdb_608,1865,6.0
tmdb_608,1883,10.0
tmdb_608,1901,6.0
tmdb_608,1912,8.0
tmdb_608,1918,8.0
tmdb_608,1921,6.0
tmdb_608,1923,6.0
tmdb_608,1957,6.0
tmdb_608,1961,6.0
tmdb_608,1997,8.0
tmdb_608,2000,8.0
tmdb_608,2006,6.0
tmdb_608,2010,6.0
tmdb_608,2019,10.0
tmdb_608,2028,8.0
tmdb_608,2064,8.0
tmdb_608,2110,6.0
tmdb_608,2160,10.0
tmdb_608,2165,8.0
tmdb_608,2186,8.0
tmdb_608,2268,4.0
tmdb_608,2282,8.0
tmdb_608,2288,10.0
tmdb_608,2289,8.0
tmdb_608,2294,8.0
tmdb_608,2300,8.0
tmdb_608,2324,4.0
tmdb_608,2334,8.0
tmdb_608,2360,10.0
tmdb_608,2395,8.0
tmdb_608,2575,8.0
tmdb_608,2617,6.0
tmdb_608,2731,8.0
tmdb_608,2762,8.0
tmdb_608,2832,6.0
tmdb_608,2912,8.0
tmdb_608,2959,10.0
tmdb_608,3055,8.0
tmdb_608,3083,10.0
tmdb_608,3114,8.0
tmdb_608,3117,8.0
tmdb_608,3125,8.0
tmdb_608,3160,8.0
tmdb_608,3175,8.0
tmdb_608,4970,8.0
tmdb_609,81,10.0
tmdb_609,117,2.0
tmdb_609,215,2.0
tmdb_609,290,10.0
tmdb_609,296,2.0
tmdb_609,320,2.0
tmdb_609,334,2.0
tmdb_609,390,10.0
tmdb_609,436,2.0
tmdb_609,483,2.0
tmdb_609,501,10.0
tmdb_609,565,10.0
tmdb_609,593,10.0
tmdb_609,614,2.0
tmdb_609,617,2.0
tmdb_609,621,2.0
tmdb_609,678,2.0
tmdb_609,839,2.0
tmdb_609,858,10.0
tmdb_609,912,2.0
tmdb_609,923,10.0
tmdb_609,936,2.0
tmdb_609,1164,2.0
tmdb_609,1361,2.0
tmdb_609,1365,2.0
tmdb_609,1419,2.0
tmdb_609,1450,10.0
tmdb_609,1537,2.0
tmdb_609,1563,10.0
tmdb_609,1571,2.0
tmdb_609,1819,10.0
tmdb_609,1902,2.0
tmdb_609,2008,2.0
tmdb_609,2267,10.0
tmdb_609,2348,2.0
tmdb_609,2767,2.0
tmdb_609,2791,10.0
tmdb_609,3003,2.0
tmdb_609,3019,10.0
tmdb_609,3076,2.0
tmdb_609,3090,2.0
tmdb_609,3547,2.0
tmdb_609,4271,2.0
tmdb_609,4441,2.0
tmdb_609,4482,2.0
tmdb_609,4518,10.0
tmdb_609,4538,2.0
tmdb_609,4592,2.0
tmdb_609,4837,2.0
tmdb_609,4965,10.0
tmdb_609,4984,2.0
tmdb_609,5179,2.0
tmdb_609,5236,2.0
tmdb_609,5237,2.0
tmdb_609,5470,2.0
tmdb_609,5481,6.0
tmdb_610,1556,5.0
tmdb_610,1590,8.0
tmdb_610,1653,10.0
tmdb_610,1894,6.0
tmdb_610,2761,4.0
tmdb_610,4011,8.0
tmdb_610,4641,7.0
tmdb_610,4973,9.0
tmdb_610,5902,7.0
tmdb_610,5995,8.0
tmdb_610,6016,9.0
tmdb_610,6620,7.0
tmdb_610,8874,8.0
tmdb_610,30707,6.0
tmdb_610,46976,7.0
tmdb_610,49530,7.0
tmdb_611,260,4.0
tmdb_611,588,10.0
tmdb_611,1721,8.0
tmdb_611,1722,9.0
tmdb_611,1882,3.0
tmdb_611,2294,6.0
tmdb_611,4369,8.0
tmdb_611,8984,7.0
tmdb_611,45722,10.0
tmdb_612,223,5.0
tmdb_612,349,6.0
tmdb_612,364,8.0
tmdb_612,551,6.0
tmdb_612,673,7.0
tmdb_612,1246,10.0
tmdb_612,1485,6.0
tmdb_612,1608,6.0
tmdb_612,1682,8.0
tmdb_612,1722,6.0
tmdb_612,2011,4.0
tmdb_612,2078,8.0
tmdb_612,2335,6.0
tmdb_612,2502,6.0
tmdb_612,3033,5.0
tmdb_612,4369,8.0
tmdb_612,4896,7.0
tmdb_612,4993,9.0
tmdb_612,7445,7.0
tmdb_612,30793,7.0
tmdb_612,40815,8.0
tmdb_612,49530,9.0
tmdb_612,74458,7.0
tmdb_613,260,10.0
tmdb_613,272,6.0
tmdb_613,318,8.0
tmdb_613,593,10.0
tmdb_613,745,9.0
tmdb_613,750,7.0
tmdb_613,858,10.0
tmdb_613,1093,5.0
tmdb_613,1271,7.0
tmdb_613,1831,5.0
tmdb_613,2959,9.0
tmdb_613,3107,5.0
tmdb_613,4993,9.0
tmdb_613,8961,10.0
tmdb_614,3,4.0
tmdb_614,28,8.0
tmdb_614,195,6.0
tmdb_614,236,10.0
tmdb_614,260,8.0
tmdb_614,261,8.0
tmdb_614,296,10.0
tmdb_614,309,10.0
tmdb_614,500,8.0
tmdb_614,513,4.0
tmdb_614,527,6.0
tmdb_614,540,4.0
tmdb_614,593,8.0
tmdb_614,608,10.0
tmdb_614,780,2.0
tmdb_614,838,6.0
tmdb_614,858,10.0
tmdb_614,899,10.0
tmdb_614,902,6.0
tmdb_614,905,10.0
tmdb_614,910,10.0
tmdb_614,913,10.0
tmdb_614,919,2.0
tmdb_614,923,10.0
tmdb_614,928,10.0
tmdb_614,942,10.0
tmdb_614,947,8.0
tmdb_614,950,10.0
tmdb_614,951,10.0
tmdb_614,955,10.0
tmdb_614,965,8.0
tmdb_614,994,10.0
tmdb_614,1244,6.0
tmdb_614,1247,6.0
tmdb_614,1250,10.0
tmdb_614,1252,10.0
tmdb_614,1262,10.0
tmdb_614,1267,10.0
tmdb_614,1280,10.0
tmdb_614,1358,4.0
tmdb_614,1370,2.0
tmdb_614,1377,4.0
tmdb_614,1387,6.0
tmdb_614,1411,10.0
tmdb_614,1544,2.0
tmdb_614,1556,2.0
tmdb_614,1594,10.0
tmdb_614,1653,4.0
tmdb_614,1858,8.0
tmdb_614,1968,8.0
tmdb_614,2134,4.0
tmdb_614,2165,10.0
tmdb_614,3173,4.0
tmdb_614,3683,8.0
tmdb_614,4226,10.0
tmdb_614,5060,8.0
tmdb_615,6,7.0
tmdb_615,260,7.0
tmdb_615,293,9.0
tmdb_615,296,10.0
tmdb_615,344,6.0
tmdb_615,364,8.0
tmdb_615,442,9.0
tmdb_615,466,8.0
tmdb_615,480,8.0
tmdb_615,527,9.0
tmdb_615,541,8.0
tmdb_615,593,8.0
tmdb_615,608,8.0
tmdb_615,745,8.0
tmdb_615,778,7.0
tmdb_615,780,7.0
tmdb_615,786,7.0
tmdb_615,858,8.0
tmdb_615,1089,8.0
tmdb_615,1091,7.0
tmdb_615,1213,8.0
tmdb_615,1265,7.0
tmdb_615,1391,7.0
tmdb_615,1407,6.0
tmdb_615,1580,7.0
tmdb_615,1653,7.0
tmdb_615,1687,7.0
tmdb_615,1721,7.0
tmdb_615,1732,9.0
tmdb_615,2028,9.0
tmdb_615,2134,4.0
tmdb_615,2268,7.0
tmdb_615,2502,7.0
tmdb_615,2762,8.0
tmdb_615,2791,9.0
tmdb_615,2959,9.0
tmdb_615,2993,6.0
tmdb_615,3593,3.0
tmdb_615,4011,9.0
tmdb_615,4025,5.0
tmdb_615,4226,8.0
tmdb_615,4886,9.0
tmdb_615,4896,6.0
tmdb_615,4975,8.0
tmdb_615,4993,7.0
tmdb_615,4995,8.0
tmdb_615,5421,7.0
tmdb_615,5902,7.0
tmdb_615,6016,9.0
tmdb_615,6537,6.0
tmdb_615,6934,7.0
tmdb_615,7454,6.0
tmdb_615,8874,10.0
tmdb_615,8914,7.0
tmdb_615,8961,8.0
tmdb_615,8984,6.0
tmdb_615,30707,8.0
tmdb_615,30793,4.0
tmdb_615,31696,7.0
tmdb_615,40815,7.0
tmdb_615,42738,6.0
tmdb_615,44191,6.0
tmdb_615,45722,6.0
tmdb_615,46976,8.0
tmdb_615,48385,7.0
tmdb_615,49530,7.0
tmdb_615,54272,7.0
tmdb_615,58293,3.0
tmdb_615,58559,9.0
tmdb_615,59387,7.0
tmdb_615,63859,7.0
tmdb_615,74458,6.0
tmdb_615,84954,6.0
tmdb_615,86835,3.0
tmdb_615,104374,9.0
tmdb_616,3,6.0
tmdb_616,6,6.0
tmdb_616,17,6.0
tmdb_616,18,8.0
tmdb_616,25,8.0
tmdb_616,62,6.0
tmdb_616,79,6.0
tmdb_616,140,8.0
tmdb_616,141,6.0
tmdb_616,260,10.0
tmdb_616,494,6.0
tmdb_616,608,8.0
tmdb_616,635,6.0
tmdb_616,637,6.0
tmdb_616,647,8.0
tmdb_616,762,6.0
tmdb_616,765,8.0
tmdb_616,778,6.0
tmdb_616,780,8.0
tmdb_616,788,8.0
tmdb_616,802,8.0
tmdb_616,805,8.0
tmdb_616,832,10.0
tmdb_616,858,8.0
tmdb_616,1073,8.0
tmdb_616,1393,8.0
tmdb_617,70,2.0
tmdb_617,216,6.0
tmdb_617,253,8.0
tmdb_617,296,6.0
tmdb_617,364,8.0
tmdb_617,457,4.0
tmdb_617,480,6.0
tmdb_617,500,8.0
tmdb_617,527,10.0
tmdb_617,551,4.0
tmdb_617,562,6.0
tmdb_617,587,6.0
tmdb_617,588,6.0
tmdb_617,593,10.0
tmdb_617,799,6.0
tmdb_617,838,6.0
tmdb_617,919,8.0
tmdb_617,1125,2.0
tmdb_617,1265,4.0
tmdb_617,1387,6.0
tmdb_617,1392,4.0
tmdb_617,1405,4.0
tmdb_617,1407,8.0
tmdb_617,1485,8.0
tmdb_617,1580,8.0
tmdb_617,1645,6.0
tmdb_617,1717,6.0
tmdb_617,1883,6.0
tmdb_617,1885,6.0
tmdb_617,1923,10.0
tmdb_617,1991,6.0
tmdb_617,1994,10.0
tmdb_617,1997,10.0
tmdb_617,2122,4.0
tmdb_617,2155,6.0
tmdb_617,2160,8.0
tmdb_617,2302,4.0
tmdb_617,2321,4.0
tmdb_617,2355,6.0
tmdb_617,2395,2.0
tmdb_617,2428,6.0
tmdb_617,2433,6.0
tmdb_617,2447,10.0
tmdb_617,2459,2.0
tmdb_617,2694,6.0
tmdb_617,2699,6.0
tmdb_617,3052,6.0
tmdb_617,3063,6.0
tmdb_618,111,10.0
tmdb_618,172,4.0
tmdb_618,319,8.0
tmdb_618,541,10.0
tmdb_618,593,10.0
tmdb_618,780,4.0
tmdb_618,912,10.0
tmdb_618,2160,8.0
tmdb_618,3101,6.0
tmdb_618,3127,4.0
tmdb_618,4928,10.0
tmdb_618,4970,10.0
tmdb_618,4973,8.0
tmdb_619,21,6.0
tmdb_619,111,10.0
tmdb_619,150,10.0
tmdb_619,153,4.0
tmdb_619,160,6.0
tmdb_619,161,8.0
tmdb_619,165,6.0
tmdb_619,168,10.0
tmdb_619,172,6.0
tmdb_619,173,4.0
tmdb_619,185,8.0
tmdb_619,196,8.0
tmdb_619,204,6.0
tmdb_619,225,4.0
tmdb_619,237,8.0
tmdb_619,246,10.0
tmdb_619,252,6.0
tmdb_619,253,6.0
tmdb_619,256,6.0
tmdb_619,276,6.0
tmdb_619,288,6.0
tmdb_619,293,8.0
tmdb_619,296,10.0
tmdb_619,300,6.0
tmdb_619,315,2.0
tmdb_619,316,6.0
tmdb_619,318,10.0
tmdb_619,329,6.0
tmdb_619,337,10.0
tmdb_619,349,8.0
tmdb_619,380,8.0
tmdb_619,410,4.0
tmdb_619,434,6.0
tmdb_619,553,8.0
tmdb_619,588,10.0
tmdb_619,590,8.0
tmdb_619,592,6.0
tmdb_619,595,6.0
tmdb_620,260,8.0
tmdb_620,296,8.0
tmdb_620,901,7.0
tmdb_620,902,10.0
tmdb_620,912,7.0
tmdb_620,914,9.0
tmdb_620,916,8.0
tmdb_620,919,8.0
tmdb_620,924,8.0
tmdb_620,1247,7.0
tmdb_620,1732,8.0
tmdb_620,2324,5.0
tmdb_620,4232,5.0
tmdb_620,4369,1.0
tmdb_620,4886,6.0
tmdb_620,4896,6.0
tmdb_620,4973,9.0
tmdb_620,4993,1.0
tmdb_620,5816,9.0
tmdb_620,5991,6.0
tmdb_620,6593,5.0
tmdb_620,7451,6.0
tmdb_620,8961,8.0
tmdb_620,30707,3.0
tmdb_620,30793,8.0
tmdb_620,40815,8.0
tmdb_620,41566,8.0
tmdb_620,44191,8.0
tmdb_620,45722,1.0
tmdb_620,54272,4.0
tmdb_620,74458,1.0
tmdb_620,98491,9.0
tmdb_621,5,9.0
tmdb_621,253,7.0
tmdb_621,277,2.0
tmdb_621,296,9.0
tmdb_621,344,7.0
tmdb_621,345,10.0
tmdb_621,440,8.0
tmdb_621,527,10.0
tmdb_621,551,9.0
tmdb_621,783,2.0
tmdb_621,914,7.0
tmdb_621,919,9.0
tmdb_621,920,9.0
tmdb_621,954,10.0
tmdb_621,1073,7.0
tmdb_621,1088,7.0
tmdb_621,1246,9.0
tmdb_621,1269,8.0
tmdb_621,1372,6.0
tmdb_621,1375,9.0
tmdb_621,1580,10.0
tmdb_621,1641,8.0
tmdb_621,1682,8.0
tmdb_621,1909,9.0
tmdb_621,1967,10.0
tmdb_621,1968,7.0
tmdb_621,2003,4.0
tmdb_621,2134,9.0
tmdb_621,2144,8.0
tmdb_621,2470,7.0
tmdb_621,2502,9.0
tmdb_621,2752,8.0
tmdb_621,2770,9.0
tmdb_621,2926,10.0
tmdb_621,3052,8.0
tmdb_621,3101,6.0
tmdb_621,3418,10.0
tmdb_621,3591,10.0
tmdb_621,4104,1.0
tmdb_621,4478,10.0
tmdb_621,4676,5.0
tmdb_621,4993,10.0
tmdb_621,5780,8.0
tmdb_621,7340,9.0
tmdb_621,8961,2.0
tmdb_622,260,10.0
tmdb_622,318,10.0
tmdb_622,593,8.0
tmdb_622,2762,10.0
tmdb_622,2959,10.0
tmdb_622,4226,10.0
tmdb_622,4993,10.0
tmdb_622,8961,10.0
tmdb_622,44191,10.0
tmdb_622,58559,10.0
tmdb_623,110,8.0
tmdb_623,150,8.0
tmdb_623,153,6.0
tmdb_623,231,6.0
tmdb_623,296,10.0
tmdb_623,318,9.0
tmdb_623,344,7.0
tmdb_623,364,8.0
tmdb_623,377,8.0
tmdb_623,480,8.0
tmdb_623,527,9.0
tmdb_623,588,8.0
tmdb_623,595,7.0
tmdb_623,648,8.0
tmdb_623,780,7.0
tmdb_623,1089,10.0
tmdb_623,1265,7.0
tmdb_623,1580,7.0
tmdb_623,1588,6.0
tmdb_623,1923,8.0
tmdb_623,2762,9.0
tmdb_623,3114,9.0
tmdb_623,3146,3.0
tmdb_623,4011,10.0
tmdb_623,4816,9.0
tmdb_623,4896,7.0
tmdb_623,4973,10.0
tmdb_623,6016,10.0
tmdb_623,7090,10.0
tmdb_623,8665,8.0
tmdb_623,8961,8.0
tmdb_623,9010,10.0
tmdb_623,26842,8.0
tmdb_623,27544,8.0
tmdb_623,31685,7.0
tmdb_623,45722,8.0
tmdb_623,48385,9.0
tmdb_623,58559,10.0
tmdb_624,2,6.0
tmdb_624,3,6.0
tmdb_624,5,6.0
tmdb_624,12,4.0
tmdb_624,16,10.0
tmdb_624,19,4.0
tmdb_624,20,6.0
tmdb_624,21,4.0
tmdb_624,38,6.0
tmdb_624,65,2.0
tmdb_624,66,4.0
tmdb_624,95,4.0
tmdb_624,101,7.0
tmdb_624,104,6.0
tmdb_624,107,8.0
tmdb_624,122,4.0
tmdb_624,135,4.0
tmdb_624,145,8.0
tmdb_624,150,6.0
tmdb_624,153,5.0
tmdb_624,158,6.0
tmdb_624,161,8.0
tmdb_624,163,7.0
tmdb_624,165,8.0
tmdb_624,170,6.0
tmdb_624,172,4.0
tmdb_624,180,7.0
tmdb_624,185,5.0
tmdb_624,216,6.0
tmdb_624,223,8.0
tmdb_624,231,6.0
tmdb_624,260,10.0
tmdb_624,288,6.0
tmdb_624,296,10.0
tmdb_624,300,8.0
tmdb_624,303,6.0
tmdb_624,316,6.0
tmdb_624,329,8.0
tmdb_624,339,6.0
tmdb_624,344,6.0
tmdb_624,348,8.0
tmdb_624,349,8.0
tmdb_624,350,5.0
tmdb_624,377,8.0
tmdb_624,380,6.0
tmdb_624,383,4.0
tmdb_624,410,8.0
tmdb_624,434,6.0
tmdb_624,435,6.0
tmdb_624,437,4.0
tmdb_624,440,6.0
tmdb_624,445,6.0
tmdb_624,454,6.0
tmdb_624,457,8.0
tmdb_624,466,6.0
tmdb_624,480,6.0
tmdb_624,492,8.0
tmdb_624,494,6.0
tmdb_624,500,8.0
tmdb_624,507,6.0
tmdb_624,533,6.0
tmdb_624,539,6.0
tmdb_624,541,8.0
tmdb_624,543,8.0
tmdb_624,552,6.0
tmdb_624,553,7.0
tmdb_624,585,8.0
tmdb_624,586,6.0
tmdb_624,587,6.0
tmdb_624,590,6.0
tmdb_624,592,6.0
tmdb_624,593,10.0
tmdb_624,594,8.0
tmdb_624,596,8.0
tmdb_624,597,6.0
tmdb_624,599,10.0
tmdb_624,608,8.0
tmdb_624,616,8.0
tmdb_624,619,2.0
tmdb_624,637,4.0
tmdb_624,648,6.0
tmdb_624,663,6.0
tmdb_624,671,10.0
tmdb_624,673,6.0
tmdb_624,688,4.0
tmdb_624,700,6.0
tmdb_624,745,8.0
tmdb_624,761,6.0
tmdb_624,780,6.0
tmdb_624,788,6.0
tmdb_624,802,6.0
tmdb_624,805,6.0
tmdb_624,818,7.0
tmdb_624,858,10.0
tmdb_624,870,2.0
tmdb_624,880,3.0
tmdb_624,912,9.0
tmdb_624,919,8.0
tmdb_624,923,9.0
tmdb_624,924,8.0
tmdb_624,941,8.0
tmdb_624,1023,6.0
tmdb_624,1073,8.0
tmdb_624,1089,10.0
tmdb_624,1090,8.0
tmdb_624,1091,6.0
tmdb_624,1092,8.0
tmdb_624,1125,8.0
tmdb_624,1213,10.0
tmdb_624,1244,8.0
tmdb_624,1250,10.0
tmdb_624,1262,10.0
tmdb_624,1265,8.0
tmdb_624,1266,8.0
tmdb_624,1278,6.0
tmdb_624,1283,8.0
tmdb_624,1370,6.0
tmdb_624,1371,6.0
tmdb_624,1372,6.0
tmdb_624,1373,3.0
tmdb_624,1374,6.0
tmdb_624,1375,6.0
tmdb_624,1376,4.0
tmdb_624,1377,6.0
tmdb_624,1378,6.0
tmdb_624,1379,8.0
tmdb_624,1380,6.0
tmdb_624,1387,8.0
tmdb_624,1389,2.0
tmdb_624,1391,8.0
tmdb_624,1393,8.0
tmdb_624,1394,6.0
tmdb_624,1396,8.0
tmdb_624,1405,8.0
tmdb_624,1408,4.0
tmdb_624,1479,6.0
tmdb_624,1485,5.0
tmdb_624,1544,4.0
tmdb_624,1552,1.0
tmdb_624,1556,2.0
tmdb_624,1562,3.0
tmdb_624,1573,6.0
tmdb_624,1580,8.0
tmdb_624,1588,6.0
tmdb_624,1591,2.0
tmdb_624,1608,6.0
tmdb_624,1610,8.0
tmdb_624,1620,8.0
tmdb_624,1639,9.0
tmdb_624,1641,8.0
tmdb_624,1645,6.0
tmdb_624,1646,6.0
tmdb_624,1665,6.0
tmdb_624,1676,8.0
tmdb_624,1680,6.0
tmdb_624,1682,6.0
tmdb_624,1722,8.0
tmdb_624,1729,8.0
tmdb_624,1831,3.0
tmdb_624,1833,4.0
tmdb_624,1863,6.0
tmdb_624,1882,6.0
tmdb_624,1884,5.0
tmdb_624,1911,6.0
tmdb_624,1917,6.0
tmdb_624,1918,6.0
tmdb_624,1920,8.0
tmdb_624,1923,8.0
tmdb_624,1954,8.0
tmdb_624,1955,6.0
tmdb_624,1961,6.0
tmdb_624,1965,4.0
tmdb_624,1967,6.0
tmdb_624,1968,6.0
tmdb_624,2000,8.0
tmdb_624,2001,7.0
tmdb_624,2002,6.0
tmdb_624,2003,8.0
tmdb_624,2004,6.0
tmdb_624,2005,6.0
tmdb_624,2006,6.0
tmdb_624,2011,6.0
tmdb_624,2012,8.0
tmdb_624,2013,10.0
tmdb_624,2014,4.0
tmdb_624,2018,8.0
tmdb_624,2019,10.0
tmdb_624,2023,6.0
tmdb_624,2034,6.0
tmdb_624,2038,6.0
tmdb_624,2046,6.0
tmdb_624,2054,8.0
tmdb_624,2087,8.0
tmdb_624,2088,6.0
tmdb_624,2094,6.0
tmdb_624,2100,6.0
tmdb_624,2105,8.0
tmdb_624,2108,6.0
tmdb_624,2109,6.0
tmdb_624,2110,8.0
tmdb_624,2111,8.0
tmdb_624,2115,8.0
tmdb_624,2124,6.0
tmdb_624,2134,6.0
tmdb_624,2140,6.0
tmdb_624,2141,6.0
tmdb_624,2142,6.0
tmdb_624,2153,2.0
tmdb_624,2169,6.0
tmdb_624,2253,2.0
tmdb_624,2264,6.0
tmdb_624,2268,8.0
tmdb_624,2269,6.0
tmdb_624,2289,10.0
tmdb_624,2291,6.0
tmdb_624,2300,8.0
tmdb_624,2302,6.0
tmdb_624,2335,8.0
tmdb_624,2349,4.0
tmdb_624,2355,8.0
tmdb_624,2371,6.0
tmdb_624,2383,4.0
tmdb_624,2455,6.0
tmdb_624,2463,8.0
tmdb_624,2470,8.0
tmdb_624,2502,6.0
tmdb_624,2539,6.0
tmdb_624,2567,8.0
tmdb_624,2587,8.0
tmdb_624,2616,4.0
tmdb_624,2617,4.0
tmdb_624,2640,6.0
tmdb_624,2642,6.0
tmdb_624,2657,8.0
tmdb_624,2694,8.0
tmdb_624,2699,6.0
tmdb_624,2759,5.0
tmdb_624,2762,8.0
tmdb_624,2769,4.0
tmdb_624,2770,8.0
tmdb_624,2779,6.0
tmdb_624,2788,8.0
tmdb_624,2791,10.0
tmdb_624,2805,4.0
tmdb_624,2860,6.0
tmdb_624,2887,2.0
tmdb_624,2959,8.0
tmdb_624,2973,8.0
tmdb_624,2978,4.0
tmdb_624,2989,9.0
tmdb_624,2990,9.0
tmdb_624,2993,9.0
tmdb_624,3031,6.0
tmdb_624,3033,8.0
tmdb_624,3034,8.0
tmdb_624,3052,8.0
tmdb_624,3057,8.0
tmdb_624,3072,6.0
tmdb_624,3082,7.0
tmdb_624,3087,6.0
tmdb_624,3101,6.0
tmdb_624,3104,8.0
tmdb_624,3107,8.0
tmdb_624,3114,10.0
tmdb_624,3146,8.0
tmdb_624,3173,6.0
tmdb_624,3175,8.0
tmdb_624,3396,8.0
tmdb_624,3397,8.0
tmdb_624,3418,6.0
tmdb_624,3489,6.0
tmdb_624,3511,6.0
tmdb_624,3526,8.0
tmdb_624,3536,8.0
tmdb_624,3537,6.0
tmdb_624,3591,4.0
tmdb_624,3593,2.0
tmdb_624,3596,2.0
tmdb_624,3635,8.0
tmdb_624,3638,6.0
tmdb_624,3681,10.0
tmdb_624,3763,9.0
tmdb_624,3764,6.0
tmdb_624,3877,6.0
tmdb_624,3933,1.0
tmdb_624,3980,4.0
tmdb_624,4011,8.0
tmdb_624,4025,4.0
tmdb_624,4034,6.0
tmdb_624,4104,2.0
tmdb_624,4133,6.0
tmdb_624,4148,6.0
tmdb_624,4203,4.0
tmdb_624,4226,8.0
tmdb_624,4232,4.0
tmdb_624,4233,5.0
tmdb_624,4234,6.0
tmdb_624,4254,2.0
tmdb_624,4255,1.0
tmdb_624,4267,6.0
tmdb_624,4291,4.0
tmdb_624,4327,10.0
tmdb_624,4339,8.0
tmdb_624,4351,2.0
tmdb_624,4368,6.0
tmdb_624,4369,4.0
tmdb_624,4477,2.0
tmdb_624,4483,4.0
tmdb_624,4499,8.0
tmdb_624,4558,6.0
tmdb_624,4564,6.0
tmdb_624,4587,6.0
tmdb_624,4638,8.0
tmdb_624,4643,3.0
tmdb_624,4728,5.0
tmdb_624,4734,9.0
tmdb_624,4816,6.0
tmdb_624,4886,8.0
tmdb_624,4896,6.0
tmdb_624,4952,4.0
tmdb_624,4978,6.0
tmdb_624,4993,8.0
tmdb_624,5055,6.0
tmdb_624,5060,8.0
tmdb_624,5247,8.0
tmdb_624,5334,2.0
tmdb_624,5481,8.0
tmdb_624,5528,8.0
tmdb_624,5548,6.0
tmdb_624,5915,10.0
tmdb_624,5956,9.0
tmdb_624,6016,10.0
tmdb_624,6373,6.0
tmdb_624,6476,6.0
tmdb_624,6537,3.0
tmdb_624,6936,7.0
tmdb_624,6947,6.0
tmdb_624,6957,8.0
tmdb_624,7007,7.0
tmdb_624,7091,9.0
tmdb_624,7454,4.0
tmdb_624,8290,1.0
tmdb_624,8447,2.0
tmdb_624,8464,7.0
tmdb_624,8665,7.0
tmdb_624,8743,5.0
tmdb_624,8874,8.0
tmdb_624,8879,7.0
tmdb_624,8880,4.0
tmdb_624,8961,9.0
tmdb_624,8983,8.0
tmdb_624,8984,3.0
tmdb_624,26386,7.0
tmdb_624,26750,6.0
tmdb_624,27904,7.0
tmdb_624,30707,9.0
tmdb_624,30793,6.0
tmdb_624,31000,5.0
tmdb_624,33166,8.0
tmdb_624,37727,4.0
tmdb_624,41566,7.0
tmdb_624,44191,6.0
tmdb_624,45186,5.0
tmdb_624,45431,6.0
tmdb_624,45722,5.0
tmdb_624,46972,6.0
tmdb_624,48385,8.0
tmdb_624,49530,6.0
tmdb_624,50601,3.0
tmdb_624,51540,8.0
tmdb_624,54272,8.0
tmdb_624,55294,5.0
tmdb_624,58156,6.0
tmdb_624,58559,7.0
tmdb_624,68659,6.0
tmdb_624,69069,6.0
tmdb_624,69526,2.0
tmdb_624,69784,6.0
tmdb_624,70984,7.0
tmdb_624,71520,6.0
tmdb_624,74458,8.0
tmdb_624,74510,7.0
tmdb_624,75803,3.0
tmdb_624,77866,4.0
tmdb_624,79224,2.0
tmdb_624,80219,8.0
tmdb_624,83613,3.0
tmdb_624,84944,8.0
tmdb_624,84954,7.0
tmdb_624,85510,4.0
tmdb_624,86332,5.0
tmdb_624,86593,5.0
tmdb_624,89492,8.0
tmdb_624,91628,4.0
tmdb_624,103502,3.0
tmdb_624,108949,5.0
tmdb_624,115210,5.0
tmdb_624,116977,3.0
tmdb_624,134158,3.0
tmdb_625,337,8.0
tmdb_625,509,7.0
tmdb_625,527,10.0
tmdb_625,1544,8.0
tmdb_625,1682,9.0
tmdb_625,1721,7.0
tmdb_625,1873,7.0
tmdb_625,3160,8.0
tmdb_625,4638,7.0
tmdb_625,4816,3.0
tmdb_625,4973,8.0
tmdb_625,4995,10.0
tmdb_625,41566,8.0
tmdb_625,44191,10.0
tmdb_625,74458,9.0
tmdb_625,98491,9.0
tmdb_626,217,4.0
tmdb_626,223,8.0
tmdb_626,247,8.0
tmdb_626,260,6.0
tmdb_626,377,10.0
tmdb_626,380,10.0
tmdb_626,593,8.0
tmdb_626,799,6.0
tmdb_626,858,10.0
tmdb_626,891,4.0
tmdb_626,928,8.0
tmdb_626,968,8.0
tmdb_626,1073,10.0
tmdb_626,1407,10.0
tmdb_626,1556,8.0
tmdb_626,1623,4.0
tmdb_626,1682,10.0
tmdb_626,1833,6.0
tmdb_626,1911,4.0
tmdb_626,1968,10.0
tmdb_626,1984,2.0
tmdb_626,1985,6.0
tmdb_626,1986,6.0
tmdb_626,1994,8.0
tmdb_626,2028,8.0
tmdb_626,2107,8.0
tmdb_626,2186,10.0
tmdb_626,2288,6.0
tmdb_626,2355,4.0
tmdb_626,2395,4.0
tmdb_626,2428,8.0
tmdb_626,2433,4.0
tmdb_626,2455,6.0
tmdb_626,2502,8.0
tmdb_626,2546,4.0
tmdb_626,2574,6.0
tmdb_626,2605,8.0
tmdb_626,2694,8.0
tmdb_626,2699,6.0
tmdb_626,2722,6.0
tmdb_626,2759,6.0
tmdb_626,2761,8.0
tmdb_626,2762,10.0
tmdb_626,2770,10.0
tmdb_626,2841,8.0
tmdb_626,2907,2.0
tmdb_626,2959,8.0
tmdb_626,2976,4.0
tmdb_626,3016,8.0
tmdb_626,3051,6.0
tmdb_626,3114,8.0
tmdb_626,3160,8.0
tmdb_626,3175,10.0
tmdb_626,3176,6.0
tmdb_626,3511,6.0
tmdb_626,3593,2.0
tmdb_626,3981,4.0
tmdb_627,6,8.0
tmdb_627,19,2.0
tmdb_627,95,4.0
tmdb_627,110,8.0
tmdb_627,147,8.0
tmdb_627,150,6.0
tmdb_627,165,7.0
tmdb_627,185,5.0
tmdb_627,231,3.0
tmdb_627,260,8.0
tmdb_627,266,8.0
tmdb_627,288,7.0
tmdb_627,292,6.0
tmdb_627,293,7.0
tmdb_627,296,7.0
tmdb_627,318,9.0
tmdb_627,339,5.0
tmdb_627,344,2.0
tmdb_627,364,5.0
tmdb_627,380,6.0
tmdb_627,442,5.0
tmdb_627,480,5.0
tmdb_627,508,7.0
tmdb_627,527,8.0
tmdb_627,539,3.0
tmdb_627,553,5.0
tmdb_627,586,3.0
tmdb_627,587,6.0
tmdb_627,590,5.0
tmdb_627,593,8.0
tmdb_627,597,7.0
tmdb_627,608,7.0
tmdb_627,648,7.0
tmdb_627,778,7.0
tmdb_627,780,1.0
tmdb_627,784,2.0
tmdb_627,786,3.0
tmdb_627,832,7.0
tmdb_627,839,7.0
tmdb_627,858,10.0
tmdb_627,920,2.0
tmdb_627,1246,5.0
tmdb_627,1370,7.0
tmdb_627,1380,6.0
tmdb_627,1387,6.0
tmdb_627,1391,2.0
tmdb_627,1393,6.0
tmdb_627,1407,7.0
tmdb_627,1485,2.0
tmdb_627,1552,2.0
tmdb_627,1573,2.0
tmdb_627,1580,6.0
tmdb_627,1586,8.0
tmdb_627,1608,2.0
tmdb_627,1641,2.0
tmdb_627,1645,7.0
tmdb_627,1682,7.0
tmdb_627,1721,7.0
tmdb_627,1722,4.0
tmdb_627,1779,5.0
tmdb_627,1917,1.0
tmdb_627,1923,2.0
tmdb_627,1997,8.0
tmdb_627,2023,8.0
tmdb_627,2028,3.0
tmdb_627,2232,8.0
tmdb_627,2470,5.0
tmdb_627,2640,8.0
tmdb_627,2671,7.0
tmdb_627,2699,5.0
tmdb_627,2762,8.0
tmdb_627,2959,8.0
tmdb_627,3418,6.0
tmdb_627,3484,6.0
tmdb_627,3980,5.0
tmdb_627,4011,7.0
tmdb_627,4025,4.0
tmdb_627,4034,8.0
tmdb_627,4226,9.0
tmdb_627,4896,8.0
tmdb_627,4993,9.0
tmdb_627,5816,8.0
tmdb_627,6373,7.0
tmdb_627,6934,5.0
tmdb_627,8464,6.0
tmdb_627,30707,4.0
tmdb_627,33166,10.0
tmdb_627,39446,8.0
tmdb_627,40815,8.0
tmdb_627,44191,9.0
tmdb_627,45722,5.0
tmdb_627,48385,7.0
tmdb_627,49530,8.0
tmdb_627,54272,8.0
tmdb_628,16,6.0
tmdb_628,58,7.0
tmdb_628,110,3.0
tmdb_628,236,1.0
tmdb_628,293,10.0
tmdb_628,342,8.0
tmdb_628,914,4.0
tmdb_628,924,5.0
tmdb_628,1093,5.0
tmdb_628,1262,6.0
tmdb_628,1610,4.0
tmdb_628,1653,9.0
tmdb_628,1682,6.0
tmdb_628,1884,5.0
tmdb_628,1950,8.0
tmdb_628,2020,5.0
tmdb_628,2100,3.0
tmdb_628,2289,5.0
tmdb_628,3681,8.0
tmdb_628,4011,6.0
tmdb_628,4327,5.0
tmdb_628,4973,6.0
tmdb_628,7090,6.0
tmdb_628,8014,4.0
tmdb_628,8874,8.0
tmdb_628,44694,7.0
tmdb_629,24,2.0
tmdb_629,110,10.0
tmdb_629,150,6.0
tmdb_629,224,6.0
tmdb_629,266,6.0
tmdb_629,293,2.0
tmdb_629,296,6.0
tmdb_629,340,2.0
tmdb_629,364,4.0
tmdb_629,380,8.0
tmdb_629,383,6.0
tmdb_629,440,6.0
tmdb_629,457,10.0
tmdb_629,458,10.0
tmdb_629,480,4.0
tmdb_629,500,10.0
tmdb_629,527,6.0
tmdb_629,539,10.0
tmdb_629,586,10.0
tmdb_629,587,10.0
tmdb_629,588,6.0
tmdb_629,590,10.0
tmdb_629,593,10.0
tmdb_629,596,6.0
tmdb_629,597,8.0
tmdb_629,786,2.0
tmdb_630,593,4.0
tmdb_630,858,10.0
tmdb_630,912,10.0
tmdb_630,916,8.0
tmdb_630,1213,8.0
tmdb_630,1247,10.0
tmdb_630,1252,9.0
tmdb_630,3052,7.0
tmdb_630,4973,10.0
tmdb_630,58559,6.0
tmdb_631,318,10.0
tmdb_631,953,8.0
tmdb_631,1387,10.0
tmdb_631,1407,10.0
tmdb_631,1414,4.0
tmdb_631,1422,6.0
tmdb_631,1479,4.0
tmdb_631,1485,6.0
tmdb_631,1584,8.0
tmdb_631,1586,6.0
tmdb_631,1597,8.0
tmdb_631,1608,6.0
tmdb_631,1616,6.0
tmdb_631,1619,8.0
tmdb_631,1672,8.0
tmdb_631,1673,6.0
tmdb_631,1687,6.0
tmdb_631,1689,8.0
tmdb_631,1722,6.0
tmdb_632,65,6.0
tmdb_632,88,9.0
tmdb_632,110,10.0
tmdb_632,150,8.0
tmdb_632,296,10.0
tmdb_632,318,9.0
tmdb_632,344,8.0
tmdb_632,480,9.0
tmdb_632,593,10.0
tmdb_632,609,6.0
tmdb_632,780,8.0
tmdb_632,1721,5.0
tmdb_632,2028,9.0
tmdb_632,2501,10.0
tmdb_632,2959,9.0
tmdb_632,8961,8.0
tmdb_632,58559,10.0
tmdb_633,6,6.0
tmdb_633,21,8.0
tmdb_633,62,6.0
tmdb_633,150,8.0
tmdb_633,161,6.0
tmdb_633,185,4.0
tmdb_633,277,6.0
tmdb_633,292,6.0
tmdb_633,296,6.0
tmdb_633,316,4.0
tmdb_633,318,8.0
tmdb_633,329,6.0
tmdb_633,364,6.0
tmdb_633,377,6.0
tmdb_633,380,4.0
tmdb_633,410,6.0
tmdb_633,440,6.0
tmdb_633,457,8.0
tmdb_633,480,6.0
tmdb_633,500,6.0
tmdb_633,508,6.0
tmdb_633,539,6.0
tmdb_633,587,6.0
tmdb_633,588,6.0
tmdb_633,590,8.0
tmdb_633,592,6.0
tmdb_633,1073,8.0
tmdb_634,180,7.0
tmdb_634,256,2.0
tmdb_634,318,10.0
tmdb_634,585,2.0
tmdb_634,858,10.0
tmdb_634,1371,7.0
tmdb_634,1405,6.0
tmdb_634,2002,4.0
tmdb_634,2021,4.0
tmdb_634,2023,5.0
tmdb_635,111,7.0
tmdb_635,296,7.0
tmdb_635,318,6.0
tmdb_635,527,4.0
tmdb_635,593,10.0
tmdb_635,608,9.0
tmdb_635,903,8.0
tmdb_635,1089,8.0
tmdb_635,1485,4.0
tmdb_635,1732,5.0
tmdb_635,2959,7.0
tmdb_635,8874,7.0
tmdb_636,17,6.0
tmdb_636,18,6.0
tmdb_636,25,8.0
tmdb_636,30,8.0
tmdb_636,65,4.0
tmdb_636,68,8.0
tmdb_636,85,10.0
tmdb_636,88,6.0
tmdb_636,102,6.0
tmdb_636,141,6.0
tmdb_636,260,6.0
tmdb_636,562,8.0
tmdb_636,608,10.0
tmdb_636,639,6.0
tmdb_636,640,8.0
tmdb_636,648,8.0
tmdb_636,663,6.0
tmdb_636,762,6.0
tmdb_636,766,10.0
tmdb_636,778,10.0
tmdb_636,781,6.0
tmdb_636,788,6.0
tmdb_636,1073,10.0
tmdb_637,24,7.0
tmdb_637,135,5.0
tmdb_637,276,6.0
tmdb_637,318,10.0
tmdb_637,524,10.0
tmdb_637,750,10.0
tmdb_637,849,8.0
tmdb_637,858,10.0
tmdb_637,1586,8.0
tmdb_637,1947,5.0
tmdb_637,2605,8.0
tmdb_637,3107,9.0
tmdb_637,3489,7.0
tmdb_638,327,8.0
tmdb_638,898,7.0
tmdb_638,1378,8.0
tmdb_638,1882,2.0
tmdb_638,2094,6.0
tmdb_638,2359,7.0
tmdb_638,2501,4.0
tmdb_638,3396,7.0
tmdb_638,58293,4.0
tmdb_639,11,8.0
tmdb_639,24,6.0
tmdb_639,110,8.0
tmdb_639,111,10.0
tmdb_639,150,8.0
tmdb_639,160,4.0
tmdb_639,161,8.0
tmdb_639,165,6.0
tmdb_639,170,6.0
tmdb_639,185,4.0
tmdb_639,193,6.0
tmdb_639,196,6.0
tmdb_639,198,4.0
tmdb_639,225,8.0
tmdb_639,231,6.0
tmdb_639,246,10.0
tmdb_639,254,6.0
tmdb_639,277,8.0
tmdb_639,280,8.0
tmdb_639,288,6.0
tmdb_639,292,6.0
tmdb_639,296,8.0
tmdb_639,299,8.0
tmdb_639,300,8.0
tmdb_639,318,10.0
tmdb_639,329,6.0
tmdb_639,339,6.0
tmdb_639,344,6.0
tmdb_639,350,6.0
tmdb_639,364,6.0
tmdb_639,380,6.0
tmdb_639,381,6.0
tmdb_639,410,8.0
tmdb_639,427,6.0
tmdb_639,440,8.0
tmdb_639,454,6.0
tmdb_639,457,8.0
tmdb_639,553,4.0
tmdb_639,588,6.0
tmdb_639,590,8.0
tmdb_639,592,4.0
tmdb_639,593,8.0
tmdb_639,595,6.0
tmdb_640,3,8.0
tmdb_640,5,6.0
tmdb_640,12,6.0
tmdb_640,14,4.0
tmdb_640,17,8.0
tmdb_640,62,10.0
tmdb_640,74,8.0
tmdb_640,95,6.0
tmdb_640,99,2.0
tmdb_640,104,6.0
tmdb_640,107,6.0
tmdb_640,116,10.0
tmdb_640,140,6.0
tmdb_640,141,10.0
tmdb_640,260,10.0
tmdb_640,494,8.0
tmdb_640,608,10.0
tmdb_640,609,6.0
tmdb_640,631,10.0
tmdb_640,648,6.0
tmdb_640,671,6.0
tmdb_640,708,6.0
tmdb_640,711,6.0
tmdb_640,761,10.0
tmdb_640,762,6.0
tmdb_640,780,10.0
tmdb_640,783,4.0
tmdb_640,784,6.0
tmdb_640,788,6.0
tmdb_640,830,8.0
tmdb_640,858,10.0
tmdb_640,1059,8.0
tmdb_640,1073,6.0
tmdb_640,1363,8.0
tmdb_640,1367,8.0
tmdb_640,1393,8.0
tmdb_640,1398,6.0
tmdb_640,1416,8.0
tmdb_641,2,8.0
tmdb_641,3,6.0
tmdb_641,5,8.0
tmdb_641,6,8.0
tmdb_641,11,8.0
tmdb_641,19,6.0
tmdb_641,22,8.0
tmdb_641,27,8.0
tmdb_641,62,8.0
tmdb_641,64,6.0
tmdb_641,74,8.0
tmdb_641,79,6.0
tmdb_641,95,6.0
tmdb_641,102,6.0
tmdb_641,113,6.0
tmdb_641,116,10.0
tmdb_641,135,6.0
tmdb_641,140,8.0
tmdb_641,141,10.0
tmdb_641,150,8.0
tmdb_641,153,6.0
tmdb_641,165,8.0
tmdb_641,185,8.0
tmdb_641,186,6.0
tmdb_641,196,6.0
tmdb_641,203,6.0
tmdb_641,204,6.0
tmdb_641,207,6.0
tmdb_641,216,4.0
tmdb_641,218,8.0
tmdb_641,219,8.0
tmdb_641,224,8.0
tmdb_641,231,10.0
tmdb_641,236,8.0
tmdb_641,252,8.0
tmdb_641,253,8.0
tmdb_641,261,10.0
tmdb_641,262,10.0
tmdb_641,277,6.0
tmdb_641,289,8.0
tmdb_641,292,8.0
tmdb_641,296,6.0
tmdb_641,300,8.0
tmdb_641,317,6.0
tmdb_641,318,10.0
tmdb_641,337,8.0
tmdb_641,339,10.0
tmdb_641,342,8.0
tmdb_641,344,10.0
tmdb_641,345,10.0
tmdb_641,349,8.0
tmdb_641,350,8.0
tmdb_641,364,8.0
tmdb_641,377,10.0
tmdb_641,380,8.0
tmdb_641,381,10.0
tmdb_641,410,8.0
tmdb_641,434,6.0
tmdb_641,435,6.0
tmdb_641,440,10.0
tmdb_641,454,6.0
tmdb_641,457,8.0
tmdb_641,466,6.0
tmdb_641,475,8.0
tmdb_641,480,8.0
tmdb_641,494,6.0
tmdb_641,500,10.0
tmdb_641,539,10.0
tmdb_641,543,6.0
tmdb_641,562,10.0
tmdb_641,585,6.0
tmdb_641,587,8.0
tmdb_641,588,8.0
tmdb_641,590,6.0
tmdb_641,592,6.0
tmdb_641,593,10.0
tmdb_641,597,8.0
tmdb_641,608,8.0
tmdb_641,627,6.0
tmdb_641,628,8.0
tmdb_641,638,8.0
tmdb_641,647,8.0
tmdb_641,648,6.0
tmdb_641,705,8.0
tmdb_641,708,8.0
tmdb_641,780,10.0
tmdb_641,786,8.0
tmdb_641,802,8.0
tmdb_641,804,6.0
tmdb_641,805,10.0
tmdb_641,830,6.0
tmdb_641,832,10.0
tmdb_641,837,8.0
tmdb_641,838,10.0
tmdb_641,986,6.0
tmdb_641,1059,10.0
tmdb_641,1073,8.0
tmdb_641,1366,10.0
tmdb_641,1380,10.0
tmdb_641,1381,6.0
tmdb_641,1391,6.0
tmdb_641,1407,10.0
tmdb_641,1416,8.0
tmdb_642,162,10.0
tmdb_642,457,4.0
tmdb_642,549,8.0
tmdb_642,800,8.0
tmdb_642,899,10.0
tmdb_642,913,10.0
tmdb_642,924,8.0
tmdb_642,942,8.0
tmdb_642,950,10.0
tmdb_642,954,10.0
tmdb_642,1251,6.0
tmdb_642,1254,8.0
tmdb_642,1414,8.0
tmdb_642,1594,10.0
tmdb_642,1597,4.0
tmdb_642,1600,8.0
tmdb_642,1633,6.0
tmdb_642,1639,6.0
tmdb_642,1643,6.0
tmdb_642,1644,4.0
tmdb_642,1649,10.0
tmdb_642,1673,6.0
tmdb_642,1676,8.0
tmdb_643,204,4.0
tmdb_643,260,10.0
tmdb_643,318,10.0
tmdb_643,858,10.0
tmdb_643,1687,7.0
tmdb_643,1792,7.0
tmdb_643,1918,5.0
tmdb_643,2959,10.0
tmdb_643,4701,4.0
tmdb_643,58559,10.0
tmdb_644,24,6.0
tmdb_644,235,10.0
tmdb_644,348,10.0
tmdb_644,527,10.0
tmdb_644,608,10.0
tmdb_644,1247,10.0
tmdb_644,1836,10.0
tmdb_644,1911,4.0
tmdb_644,2089,6.0
tmdb_644,2093,8.0
tmdb_644,2108,10.0
tmdb_644,2395,10.0
tmdb_644,2428,6.0
tmdb_644,2699,4.0
tmdb_644,2762,6.0
tmdb_645,158,6.0
tmdb_645,266,7.0
tmdb_645,277,7.0
tmdb_645,316,8.0
tmdb_645,543,6.0
tmdb_645,596,4.0
tmdb_645,913,7.0
tmdb_645,1380,9.0
tmdb_645,1619,6.0
tmdb_645,2006,8.0
tmdb_645,2011,8.0
tmdb_645,2012,7.0
tmdb_645,2054,7.0
tmdb_645,2617,8.0
tmdb_645,2770,6.0
tmdb_645,3101,9.0
tmdb_645,3176,2.0
tmdb_645,5816,8.0
tmdb_646,3,10.0
tmdb_646,186,8.0
tmdb_646,231,8.0
tmdb_646,258,8.0
tmdb_646,260,10.0
tmdb_646,316,8.0
tmdb_646,317,8.0
tmdb_646,364,10.0
tmdb_646,379,8.0
tmdb_646,435,8.0
tmdb_646,466,8.0
tmdb_646,480,8.0
tmdb_646,500,10.0
tmdb_646,552,8.0
tmdb_646,575,8.0
tmdb_646,586,10.0
tmdb_646,587,8.0
tmdb_646,588,10.0
tmdb_646,594,8.0
tmdb_646,595,10.0
tmdb_646,596,8.0
tmdb_646,673,4.0
tmdb_646,780,10.0
tmdb_646,783,10.0
tmdb_646,788,10.0
tmdb_646,813,8.0
tmdb_646,837,8.0
tmdb_646,880,4.0
tmdb_646,881,8.0
tmdb_646,888,8.0
tmdb_646,955,2.0
tmdb_646,1018,10.0
tmdb_646,1265,10.0
tmdb_646,1282,8.0
tmdb_646,1372,8.0
tmdb_646,1373,8.0
tmdb_646,1376,10.0
tmdb_646,1380,4.0
tmdb_646,1387,10.0
tmdb_646,1389,4.0
tmdb_646,1391,8.0
tmdb_646,1414,10.0
tmdb_646,1544,6.0
tmdb_646,1566,6.0
tmdb_646,1580,10.0
tmdb_646,1584,10.0
tmdb_646,1588,8.0
tmdb_646,1688,6.0
tmdb_646,1689,10.0
tmdb_646,1702,6.0
tmdb_646,1831,6.0
tmdb_646,1834,8.0
tmdb_646,1858,6.0
tmdb_646,1894,8.0
tmdb_646,1911,8.0
tmdb_646,1917,10.0
tmdb_646,2010,6.0
tmdb_646,2011,10.0
tmdb_646,2012,10.0
tmdb_646,2013,6.0
tmdb_646,2014,8.0
tmdb_646,2015,8.0
tmdb_646,2018,8.0
tmdb_646,2034,6.0
tmdb_646,2038,8.0
tmdb_646,2054,8.0
tmdb_646,2078,8.0
tmdb_646,2080,8.0
tmdb_646,2085,10.0
tmdb_646,2087,10.0
tmdb_646,2089,8.0
tmdb_646,2094,10.0
tmdb_646,2108,10.0
tmdb_646,2110,8.0
tmdb_646,2141,8.0
tmdb_646,2252,10.0
tmdb_646,2294,8.0
tmdb_646,2355,10.0
tmdb_646,2359,10.0
tmdb_646,2433,8.0
tmdb_646,2567,4.0
tmdb_646,2574,8.0
tmdb_646,2605,10.0
tmdb_646,2617,8.0
tmdb_646,2640,6.0
tmdb_646,2699,2.0
tmdb_646,2761,10.0
tmdb_646,2762,10.0
tmdb_646,2770,10.0
tmdb_646,2791,10.0
tmdb_646,2805,8.0
tmdb_646,2860,8.0
tmdb_646,3033,8.0
tmdb_646,3087,6.0
tmdb_646,3114,10.0
tmdb_647,6,8.0
tmdb_647,16,8.0
tmdb_647,70,6.0
tmdb_647,111,10.0
tmdb_647,112,8.0
tmdb_647,149,6.0
tmdb_647,161,6.0
tmdb_647,170,6.0
tmdb_647,229,10.0
tmdb_647,232,8.0
tmdb_647,245,6.0
tmdb_647,247,10.0
tmdb_647,259,8.0
tmdb_647,260,10.0
tmdb_647,265,8.0
tmdb_647,290,8.0
tmdb_647,293,10.0
tmdb_647,296,10.0
tmdb_647,300,10.0
tmdb_647,306,8.0
tmdb_647,319,10.0
tmdb_647,349,8.0
tmdb_647,377,10.0
tmdb_647,431,8.0
tmdb_647,457,8.0
tmdb_647,481,6.0
tmdb_647,482,2.0
tmdb_647,521,6.0
tmdb_647,527,10.0
tmdb_647,541,10.0
tmdb_647,590,6.0
tmdb_647,593,10.0
tmdb_647,608,10.0
tmdb_647,621,8.0
tmdb_647,640,8.0
tmdb_647,745,10.0
tmdb_647,858,10.0
tmdb_647,866,10.0
tmdb_647,896,8.0
tmdb_647,912,10.0
tmdb_647,922,10.0
tmdb_647,923,10.0
tmdb_647,926,10.0
tmdb_647,949,8.0
tmdb_647,1089,8.0
tmdb_647,1213,10.0
tmdb_647,1249,10.0
tmdb_647,1259,10.0
tmdb_647,1267,8.0
tmdb_647,1273,10.0
tmdb_647,1280,8.0
tmdb_647,1283,10.0
tmdb_647,1284,4.0
tmdb_647,1394,8.0
tmdb_647,1396,6.0
tmdb_647,1523,8.0
tmdb_647,1610,6.0
tmdb_647,1620,6.0
tmdb_647,1635,10.0
tmdb_647,1645,8.0
tmdb_647,1729,2.0
tmdb_647,1732,10.0
tmdb_647,1824,2.0
tmdb_647,1834,10.0
tmdb_647,1912,10.0
tmdb_647,1914,10.0
tmdb_647,1921,8.0
tmdb_647,1945,10.0
tmdb_647,1997,10.0
tmdb_647,2010,10.0
tmdb_647,2019,8.0
tmdb_647,2028,4.0
tmdb_647,2064,10.0
tmdb_647,2111,6.0
tmdb_647,2186,10.0
tmdb_647,2280,8.0
tmdb_647,2289,10.0
tmdb_647,2310,10.0
tmdb_647,2349,8.0
tmdb_647,2762,10.0
tmdb_647,2912,10.0
tmdb_647,2925,10.0
tmdb_647,2973,8.0
tmdb_647,3011,10.0
tmdb_647,3037,10.0
tmdb_647,3075,6.0
tmdb_648,6,8.0
tmdb_648,70,4.0
tmdb_648,97,9.0
tmdb_648,104,6.0
tmdb_648,111,6.0
tmdb_648,175,8.0
tmdb_648,288,9.0
tmdb_648,293,9.0
tmdb_648,296,10.0
tmdb_648,318,9.0
tmdb_648,344,6.0
tmdb_648,364,4.0
tmdb_648,377,4.0
tmdb_648,480,4.0
tmdb_648,500,8.0
tmdb_648,552,7.0
tmdb_648,586,4.0
tmdb_648,588,4.0
tmdb_648,590,4.0
tmdb_648,608,8.0
tmdb_648,750,8.0
tmdb_648,778,10.0
tmdb_648,780,4.0
tmdb_648,858,7.0
tmdb_648,912,8.0
tmdb_648,923,5.0
tmdb_648,1089,8.0
tmdb_648,1213,8.0
tmdb_648,1246,8.0
tmdb_648,1281,9.0
tmdb_648,1394,8.0
tmdb_648,1580,3.0
tmdb_648,1721,2.0
tmdb_648,1732,10.0
tmdb_648,1884,9.0
tmdb_648,1909,5.0
tmdb_648,1921,6.0
tmdb_648,1923,6.0
tmdb_648,1961,8.0
tmdb_648,2023,7.0
tmdb_648,2028,6.0
tmdb_648,2064,6.0
tmdb_648,2324,9.0
tmdb_648,2360,8.0
tmdb_648,2594,7.0
tmdb_648,2671,7.0
tmdb_648,2959,5.0
tmdb_648,3052,9.0
tmdb_648,3083,8.0
tmdb_648,3632,7.0
tmdb_648,3640,7.0
tmdb_648,4011,8.0
tmdb_648,4034,9.0
tmdb_648,4235,9.0
tmdb_648,4369,7.0
tmdb_648,4816,7.0
tmdb_648,4896,4.0
tmdb_648,4973,8.0
tmdb_648,4993,3.0
tmdb_648,4995,9.0
tmdb_648,5051,8.0
tmdb_648,6016,9.0
tmdb_648,6022,8.0
tmdb_648,6440,6.0
tmdb_648,6935,8.0
tmdb_648,6957,8.0
tmdb_648,7011,7.0
tmdb_648,7459,9.0
tmdb_648,8012,8.0
tmdb_648,8273,8.0
tmdb_648,8464,8.0
tmdb_648,8645,8.0
tmdb_648,8873,8.0
tmdb_648,8961,8.0
tmdb_648,8973,8.0
tmdb_648,26947,9.0
tmdb_648,27850,8.0
tmdb_648,30793,8.0
tmdb_648,33166,8.0
tmdb_648,36527,8.0
tmdb_648,44694,8.0
tmdb_648,45722,8.0
tmdb_648,46972,5.0
tmdb_648,48385,9.0
tmdb_648,49530,8.0
tmdb_648,54272,9.0
tmdb_648,55721,8.0
tmdb_648,57845,9.0
tmdb_648,64197,7.0
tmdb_648,68347,9.0
tmdb_648,69784,6.0
tmdb_649,19,6.0
tmdb_649,21,6.0
tmdb_649,58,8.0
tmdb_649,112,6.0
tmdb_649,141,6.0
tmdb_649,150,8.0
tmdb_649,153,8.0
tmdb_649,160,2.0
tmdb_649,161,8.0
tmdb_649,165,6.0
tmdb_649,172,6.0
tmdb_649,186,4.0
tmdb_649,196,4.0
tmdb_649,198,4.0
tmdb_649,218,6.0
tmdb_649,223,8.0
tmdb_649,235,6.0
tmdb_649,236,8.0
tmdb_649,247,6.0
tmdb_649,249,6.0
tmdb_649,252,6.0
tmdb_649,261,10.0
tmdb_649,265,10.0
tmdb_649,266,6.0
tmdb_649,272,8.0
tmdb_649,288,10.0
tmdb_649,293,8.0
tmdb_649,296,10.0
tmdb_649,307,8.0
tmdb_649,316,2.0
tmdb_649,317,6.0
tmdb_649,319,8.0
tmdb_649,327,6.0
tmdb_649,329,4.0
tmdb_649,339,8.0
tmdb_649,344,10.0
tmdb_649,349,6.0
tmdb_649,350,10.0
tmdb_649,364,6.0
tmdb_649,377,8.0
tmdb_649,380,6.0
tmdb_649,434,8.0
tmdb_649,440,8.0
tmdb_649,454,8.0
tmdb_649,457,8.0
tmdb_649,468,6.0
tmdb_649,480,8.0
tmdb_649,497,8.0
tmdb_649,500,6.0
tmdb_649,508,8.0
tmdb_649,509,10.0
tmdb_649,527,8.0
tmdb_649,531,8.0
tmdb_649,539,6.0
tmdb_649,551,6.0
tmdb_649,586,6.0
tmdb_649,587,6.0
tmdb_649,588,6.0
tmdb_649,590,6.0
tmdb_649,592,8.0
tmdb_649,593,10.0
tmdb_649,595,6.0
tmdb_649,597,8.0
tmdb_649,608,10.0
tmdb_649,648,6.0
tmdb_650,3,6.0
tmdb_650,5,6.0
tmdb_650,11,10.0
tmdb_650,15,4.0
tmdb_650,17,8.0
tmdb_650,62,10.0
tmdb_650,76,6.0
tmdb_650,79,6.0
tmdb_650,86,10.0
tmdb_650,89,8.0
tmdb_650,95,8.0
tmdb_650,105,6.0
tmdb_650,140,8.0
tmdb_650,141,2.0
tmdb_650,494,8.0
tmdb_650,637,6.0
tmdb_650,694,8.0
tmdb_650,704,2.0
tmdb_650,707,4.0
tmdb_650,780,10.0
tmdb_651,260,10.0
tmdb_651,318,8.0
tmdb_651,381,6.0
tmdb_651,765,4.0
tmdb_651,919,6.0
tmdb_651,1250,8.0
tmdb_651,1268,6.0
tmdb_651,1387,8.0
tmdb_651,1907,10.0
tmdb_651,1923,6.0
tmdb_651,1954,10.0
tmdb_651,2028,8.0
tmdb_651,2671,6.0
tmdb_652,22,8.0
tmdb_652,24,10.0
tmdb_652,71,8.0
tmdb_652,140,8.0
tmdb_652,179,8.0
tmdb_652,185,8.0
tmdb_652,194,8.0
tmdb_652,223,8.0
tmdb_652,293,8.0
tmdb_652,299,8.0
tmdb_652,316,10.0
tmdb_652,319,8.0
tmdb_652,338,8.0
tmdb_652,339,8.0
tmdb_652,377,8.0
tmdb_652,378,8.0
tmdb_652,388,8.0
tmdb_652,422,7.0
tmdb_652,442,8.0
tmdb_652,494,9.0
tmdb_652,539,8.0
tmdb_652,550,10.0
tmdb_652,588,8.0
tmdb_652,592,8.0
tmdb_652,597,7.0
tmdb_652,627,8.0
tmdb_652,628,8.0
tmdb_652,708,8.0
tmdb_652,780,10.0
tmdb_652,984,8.0
tmdb_652,988,9.0
tmdb_652,1265,8.0
tmdb_652,1377,10.0
tmdb_652,1497,6.0
tmdb_652,1562,8.0
tmdb_652,1573,7.0
tmdb_652,1586,7.0
tmdb_652,1653,8.0
tmdb_652,1678,8.0
tmdb_652,1845,10.0
tmdb_652,1885,8.0
tmdb_652,1903,10.0
tmdb_652,1907,8.0
tmdb_652,1961,8.0
tmdb_652,2001,7.0
tmdb_652,2011,8.0
tmdb_652,2029,10.0
tmdb_652,2058,8.0
tmdb_652,2094,10.0
tmdb_652,2100,10.0
tmdb_652,2115,8.0
tmdb_652,2133,10.0
tmdb_652,2264,8.0
tmdb_652,2268,8.0
tmdb_652,2469,8.0
tmdb_652,2502,8.0
tmdb_652,2671,7.0
tmdb_652,2690,10.0
tmdb_652,2721,10.0
tmdb_652,2887,8.0
tmdb_652,3087,8.0
tmdb_652,3104,8.0
tmdb_652,3418,8.0
tmdb_652,3512,8.0
tmdb_652,3575,10.0
tmdb_652,4141,8.0
tmdb_652,4722,10.0
tmdb_652,4929,8.0
tmdb_652,5064,8.0
tmdb_652,6341,8.0
tmdb_652,8453,8.0
tmdb_652,8699,10.0
tmdb_652,8981,8.0
tmdb_652,26843,10.0
tmdb_652,36527,8.0
tmdb_652,60086,8.0
tmdb_652,100017,6.0
tmdb_652,103731,10.0
tmdb_652,104374,8.0
tmdb_653,19,6.0
tmdb_653,150,8.0
tmdb_653,216,10.0
tmdb_653,261,10.0
tmdb_653,364,10.0
tmdb_653,440,8.0
tmdb_653,457,8.0
tmdb_653,500,8.0
tmdb_653,539,8.0
tmdb_653,575,8.0
tmdb_653,588,10.0
tmdb_653,590,8.0
tmdb_653,595,10.0
tmdb_653,688,6.0
tmdb_653,801,6.0
tmdb_653,838,8.0
tmdb_653,986,8.0
tmdb_653,1367,6.0
tmdb_653,1580,10.0
tmdb_653,1653,8.0
tmdb_653,1682,10.0
tmdb_653,1721,6.0
tmdb_653,2103,6.0
tmdb_653,2125,10.0
tmdb_653,2687,8.0
tmdb_653,2762,10.0
tmdb_653,2978,6.0
tmdb_653,3051,10.0
tmdb_653,3082,8.0
tmdb_653,3114,10.0
tmdb_653,3173,2.0
tmdb_653,3176,8.0
tmdb_654,2,6.0
tmdb_654,5,8.0
tmdb_654,11,9.0
tmdb_654,15,4.0
tmdb_654,17,9.0
tmdb_654,19,9.0
tmdb_654,24,9.0
tmdb_654,62,9.0
tmdb_654,70,7.0
tmdb_654,104,9.0
tmdb_654,105,8.0
tmdb_654,107,8.0
tmdb_654,110,9.0
tmdb_654,112,8.0
tmdb_654,141,8.0
tmdb_654,150,10.0
tmdb_654,153,7.0
tmdb_654,158,8.0
tmdb_654,161,9.0
tmdb_654,165,8.0
tmdb_654,172,8.0
tmdb_654,180,8.0
tmdb_654,186,7.0
tmdb_654,193,2.0
tmdb_654,223,10.0
tmdb_654,225,9.0
tmdb_654,231,8.0
tmdb_654,235,9.0
tmdb_654,236,8.0
tmdb_654,252,7.0
tmdb_654,253,8.0
tmdb_654,256,6.0
tmdb_654,260,10.0
tmdb_654,262,10.0
tmdb_654,292,9.0
tmdb_654,293,9.0
tmdb_654,296,10.0
tmdb_654,316,8.0
tmdb_654,317,8.0
tmdb_654,318,10.0
tmdb_654,319,8.0
tmdb_654,329,8.0
tmdb_654,337,8.0
tmdb_654,339,8.0
tmdb_654,344,9.0
tmdb_654,349,8.0
tmdb_654,350,8.0
tmdb_654,364,10.0
tmdb_654,377,8.0
tmdb_654,380,8.0
tmdb_654,410,8.0
tmdb_654,415,9.0
tmdb_654,434,8.0
tmdb_654,440,8.0
tmdb_654,442,7.0
tmdb_654,454,8.0
tmdb_654,457,9.0
tmdb_654,466,9.0
tmdb_654,480,9.0
tmdb_654,500,9.0
tmdb_654,502,6.0
tmdb_654,527,10.0
tmdb_654,531,10.0
tmdb_654,539,8.0
tmdb_654,541,8.0
tmdb_654,542,7.0
tmdb_654,543,8.0
tmdb_654,551,10.0
tmdb_654,552,8.0
tmdb_654,585,7.0
tmdb_654,586,9.0
tmdb_654,587,10.0
tmdb_654,588,9.0
tmdb_654,590,9.0
tmdb_654,592,9.0
tmdb_654,593,9.0
tmdb_654,594,8.0
tmdb_654,595,10.0
tmdb_654,597,8.0
tmdb_654,608,8.0
tmdb_654,647,9.0
tmdb_654,648,9.0
tmdb_654,653,7.0
tmdb_654,661,8.0
tmdb_654,671,8.0
tmdb_654,673,7.0
tmdb_654,708,6.0
tmdb_654,761,7.0
tmdb_654,780,8.0
tmdb_654,783,8.0
tmdb_654,802,9.0
tmdb_654,805,9.0
tmdb_654,818,7.0
tmdb_654,832,9.0
tmdb_654,858,9.0
tmdb_654,879,6.0
tmdb_654,919,10.0
tmdb_654,924,8.0
tmdb_654,1073,7.0
tmdb_654,1089,10.0
tmdb_654,1092,9.0
tmdb_654,1126,7.0
tmdb_654,1127,8.0
tmdb_654,1213,8.0
tmdb_654,1246,10.0
tmdb_654,1252,9.0
tmdb_654,1257,7.0
tmdb_654,1259,10.0
tmdb_654,1265,8.0
tmdb_654,1266,10.0
tmdb_654,1278,9.0
tmdb_654,1282,9.0
tmdb_654,1285,9.0
tmdb_654,1358,8.0
tmdb_654,1359,3.0
tmdb_654,1370,8.0
tmdb_654,1371,8.0
tmdb_654,1372,9.0
tmdb_654,1373,4.0
tmdb_654,1374,10.0
tmdb_654,1375,8.0
tmdb_654,1376,9.0
tmdb_654,1377,9.0
tmdb_654,1378,9.0
tmdb_654,1379,8.0
tmdb_654,1387,9.0
tmdb_654,1391,8.0
tmdb_654,1393,9.0
tmdb_654,1396,9.0
tmdb_654,1405,9.0
tmdb_654,1407,9.0
tmdb_654,1429,8.0
tmdb_654,1485,9.0
tmdb_654,1544,7.0
tmdb_654,1552,8.0
tmdb_654,1562,6.0
tmdb_654,1566,7.0
tmdb_654,1573,9.0
tmdb_654,1580,9.0
tmdb_654,1584,7.0
tmdb_654,1586,8.0
tmdb_654,1588,8.0
tmdb_654,1597,6.0
tmdb_654,1608,9.0
tmdb_654,1639,7.0
tmdb_654,1641,8.0
tmdb_654,1645,7.0
tmdb_654,1653,9.0
tmdb_654,1682,8.0
tmdb_654,1688,8.0
tmdb_654,1717,8.0
tmdb_654,1721,10.0
tmdb_654,1729,8.0
tmdb_654,1779,6.0
tmdb_654,1888,8.0
tmdb_654,1894,6.0
tmdb_654,1907,9.0
tmdb_654,1909,8.0
tmdb_654,1923,9.0
tmdb_654,1967,9.0
tmdb_654,1968,9.0
tmdb_654,2000,9.0
tmdb_654,2001,8.0
tmdb_654,2002,8.0
tmdb_654,2003,8.0
tmdb_654,2004,7.0
tmdb_654,2005,8.0
tmdb_654,2006,9.0
tmdb_654,2011,8.0
tmdb_654,2012,8.0
tmdb_654,2028,10.0
tmdb_654,2082,8.0
tmdb_654,2094,8.0
tmdb_654,2100,8.0
tmdb_654,2105,7.0
tmdb_654,2108,9.0
tmdb_654,2109,9.0
tmdb_654,2115,9.0
tmdb_654,2124,9.0
tmdb_654,2133,8.0
tmdb_654,2134,7.0
tmdb_654,2140,9.0
tmdb_654,2141,9.0
tmdb_654,2144,9.0
tmdb_654,2161,8.0
tmdb_654,2193,8.0
tmdb_654,2232,8.0
tmdb_654,2253,7.0
tmdb_654,2268,10.0
tmdb_654,2291,10.0
tmdb_654,2294,8.0
tmdb_654,2302,9.0
tmdb_654,2321,7.0
tmdb_654,2335,7.0
tmdb_654,2355,9.0
tmdb_654,2359,7.0
tmdb_654,2463,8.0
tmdb_654,2470,8.0
tmdb_654,2501,9.0
tmdb_654,2502,9.0
tmdb_654,2528,8.0
tmdb_654,2539,6.0
tmdb_654,2567,6.0
tmdb_654,2617,8.0
tmdb_654,2640,9.0
tmdb_654,2642,7.0
tmdb_654,2657,4.0
tmdb_654,2671,7.0
tmdb_654,2687,9.0
tmdb_654,2694,7.0
tmdb_654,2699,7.0
tmdb_654,2722,7.0
tmdb_654,2759,7.0
tmdb_654,2762,10.0
tmdb_654,2791,9.0
tmdb_654,2805,7.0
tmdb_654,2959,10.0
tmdb_654,2989,7.0
tmdb_654,2993,7.0
tmdb_654,3016,7.0
tmdb_654,3033,9.0
tmdb_654,3052,8.0
tmdb_654,3087,7.0
tmdb_654,3101,8.0
tmdb_654,3107,9.0
tmdb_654,3114,10.0
tmdb_654,3146,6.0
tmdb_654,3175,8.0
tmdb_654,3396,9.0
tmdb_654,3476,9.0
tmdb_654,3479,9.0
tmdb_654,3489,8.0
tmdb_654,3526,9.0
tmdb_654,3536,7.0
tmdb_654,3635,8.0
tmdb_654,3638,7.0
tmdb_654,3686,8.0
tmdb_654,3699,9.0
tmdb_654,3763,9.0
tmdb_654,4025,8.0
tmdb_654,4034,10.0
tmdb_654,4148,8.0
tmdb_654,4226,10.0
tmdb_654,4499,8.0
tmdb_654,4638,6.0
tmdb_654,4641,7.0
tmdb_654,4643,7.0
tmdb_654,4701,8.0
tmdb_654,4734,10.0
tmdb_654,4816,6.0
tmdb_654,4886,10.0
tmdb_654,4896,8.0
tmdb_654,4975,7.0
tmdb_654,4993,10.0
tmdb_654,4995,10.0
tmdb_654,5064,8.0
tmdb_654,5481,8.0
tmdb_654,5528,8.0
tmdb_654,5816,9.0
tmdb_654,5956,9.0
tmdb_654,5991,9.0
tmdb_654,6373,8.0
tmdb_654,6537,7.0
tmdb_654,6934,8.0
tmdb_654,6936,9.0
tmdb_654,6947,8.0
tmdb_654,6957,8.0
tmdb_654,7090,9.0
tmdb_654,8464,8.0
tmdb_654,8827,9.0
tmdb_654,8914,8.0
tmdb_654,8961,10.0
tmdb_654,8970,9.0
tmdb_654,30707,8.0
tmdb_654,30793,8.0
tmdb_654,33166,9.0
tmdb_654,33660,10.0
tmdb_654,34528,8.0
tmdb_654,37727,6.0
tmdb_654,40815,10.0
tmdb_654,41566,8.0
tmdb_654,42734,6.0
tmdb_654,44191,9.0
tmdb_655,2,8.0
tmdb_655,18,8.0
tmdb_655,163,8.0
tmdb_655,253,8.0
tmdb_655,260,5.0
tmdb_655,296,8.0
tmdb_655,316,8.0
tmdb_655,364,9.0
tmdb_655,588,9.0
tmdb_655,595,8.0
tmdb_655,750,10.0
tmdb_655,1247,8.0
tmdb_655,1265,8.0
tmdb_655,1645,9.0
tmdb_655,1923,10.0
tmdb_655,2006,8.0
tmdb_655,2302,8.0
tmdb_655,2502,8.0
tmdb_655,2617,10.0
tmdb_655,2959,10.0
tmdb_655,3016,8.0
tmdb_655,3052,10.0
tmdb_655,3175,9.0
tmdb_655,4011,10.0
tmdb_655,4105,8.0
tmdb_655,4499,9.0
tmdb_655,4993,10.0
tmdb_655,5991,8.0
tmdb_655,6957,8.0
tmdb_655,8874,8.0
tmdb_655,30793,8.0
tmdb_655,45722,10.0
tmdb_655,48385,8.0
tmdb_655,56715,8.0
tmdb_655,58559,10.0
tmdb_655,59387,8.0
tmdb_656,24,8.0
tmdb_656,345,10.0
tmdb_656,588,10.0
tmdb_656,779,8.0
tmdb_656,858,10.0
tmdb_656,900,10.0
tmdb_656,909,10.0
tmdb_656,913,10.0
tmdb_656,924,6.0
tmdb_656,926,10.0
tmdb_656,932,10.0
tmdb_656,940,10.0
tmdb_656,1090,8.0
tmdb_656,1269,10.0
tmdb_656,1608,10.0
tmdb_656,1690,10.0
tmdb_656,1694,6.0
tmdb_656,1927,10.0
tmdb_656,1957,10.0
tmdb_656,1959,10.0
tmdb_656,2141,8.0
tmdb_656,2262,8.0
tmdb_656,2294,10.0
tmdb_656,2355,10.0
tmdb_656,2539,10.0
tmdb_656,2690,10.0
tmdb_656,2734,6.0
tmdb_656,2761,10.0
tmdb_656,2762,10.0
tmdb_656,2791,10.0
tmdb_656,2805,6.0
tmdb_656,3051,10.0
tmdb_656,3114,10.0
tmdb_656,3176,10.0
tmdb_656,3179,10.0
tmdb_656,4025,8.0
tmdb_656,4034,10.0
tmdb_656,4191,10.0
tmdb_656,4228,8.0
tmdb_657,150,8.0
tmdb_657,153,4.0
tmdb_657,161,8.0
tmdb_657,165,6.0
tmdb_657,253,8.0
tmdb_657,292,8.0
tmdb_657,296,10.0
tmdb_657,318,6.0
tmdb_657,329,8.0
tmdb_657,344,6.0
tmdb_657,380,6.0
tmdb_657,457,8.0
tmdb_657,590,8.0
tmdb_657,592,6.0
tmdb_657,593,10.0
tmdb_657,595,6.0
tmdb_657,608,8.0
tmdb_657,648,6.0
tmdb_657,780,4.0
tmdb_658,58,10.0
tmdb_658,62,10.0
tmdb_658,110,8.0
tmdb_658,111,10.0
tmdb_658,150,10.0
tmdb_658,161,8.0
tmdb_658,296,6.0
tmdb_658,314,8.0
tmdb_658,318,8.0
tmdb_658,339,8.0
tmdb_658,364,10.0
tmdb_658,468,8.0
tmdb_658,497,10.0
tmdb_658,508,8.0
tmdb_658,527,10.0
tmdb_658,588,10.0
tmdb_658,593,8.0
tmdb_658,594,10.0
tmdb_658,595,6.0
tmdb_658,608,10.0
tmdb_658,800,6.0
tmdb_658,802,10.0
tmdb_658,912,10.0
tmdb_658,1247,10.0
tmdb_658,1271,10.0
tmdb_658,1358,10.0
tmdb_658,1398,8.0
tmdb_658,1408,10.0
tmdb_658,1608,8.0
tmdb_658,1610,10.0
tmdb_658,1633,6.0
tmdb_658,1641,6.0
tmdb_658,1678,8.0
tmdb_658,1694,10.0
tmdb_658,1721,10.0
tmdb_658,1810,8.0
tmdb_658,1947,10.0
tmdb_658,2028,10.0
tmdb_658,2087,10.0
tmdb_658,2268,6.0
tmdb_658,2291,6.0
tmdb_658,2302,10.0
tmdb_658,2321,10.0
tmdb_659,6,6.0
tmdb_659,14,8.0
tmdb_659,16,10.0
tmdb_659,17,8.0
tmdb_659,18,2.0
tmdb_659,19,2.0
tmdb_659,22,8.0
tmdb_659,24,6.0
tmdb_659,25,10.0
tmdb_659,35,6.0
tmdb_659,55,6.0
tmdb_659,62,6.0
tmdb_659,64,6.0
tmdb_659,78,4.0
tmdb_659,81,6.0
tmdb_659,85,6.0
tmdb_659,89,4.0
tmdb_659,105,6.0
tmdb_659,110,6.0
tmdb_659,113,8.0
tmdb_659,144,6.0
tmdb_659,150,10.0
tmdb_659,153,6.0
tmdb_659,155,6.0
tmdb_659,160,4.0
tmdb_659,162,8.0
tmdb_659,167,8.0
tmdb_659,186,4.0
tmdb_659,194,8.0
tmdb_659,198,4.0
tmdb_659,207,6.0
tmdb_659,215,8.0
tmdb_659,224,6.0
tmdb_659,229,10.0
tmdb_659,233,6.0
tmdb_659,235,10.0
tmdb_659,247,8.0
tmdb_659,249,8.0
tmdb_659,257,6.0
tmdb_659,260,10.0
tmdb_659,265,6.0
tmdb_659,266,4.0
tmdb_659,272,6.0
tmdb_659,281,8.0
tmdb_659,292,6.0
tmdb_659,294,6.0
tmdb_659,296,6.0
tmdb_659,300,10.0
tmdb_659,306,8.0
tmdb_659,307,8.0
tmdb_659,308,8.0
tmdb_659,314,6.0
tmdb_659,316,6.0
tmdb_659,318,6.0
tmdb_659,331,6.0
tmdb_659,337,8.0
tmdb_659,339,10.0
tmdb_659,342,4.0
tmdb_659,344,8.0
tmdb_659,364,10.0
tmdb_659,377,6.0
tmdb_659,380,10.0
tmdb_659,422,6.0
tmdb_659,442,4.0
tmdb_659,452,8.0
tmdb_659,454,8.0
tmdb_659,457,8.0
tmdb_659,469,6.0
tmdb_659,480,8.0
tmdb_659,481,6.0
tmdb_659,493,6.0
tmdb_659,497,8.0
tmdb_659,500,10.0
tmdb_659,509,8.0
tmdb_659,521,4.0
tmdb_659,527,8.0
tmdb_659,534,8.0
tmdb_659,539,6.0
tmdb_659,563,6.0
tmdb_659,588,6.0
tmdb_659,590,8.0
tmdb_659,592,6.0
tmdb_659,593,10.0
tmdb_659,597,6.0
tmdb_659,606,4.0
tmdb_659,608,10.0
tmdb_659,613,6.0
tmdb_659,630,6.0
tmdb_659,648,6.0
tmdb_659,687,6.0
tmdb_659,765,4.0
tmdb_659,780,6.0
tmdb_659,788,6.0
tmdb_659,800,6.0
tmdb_659,805,6.0
tmdb_659,832,6.0
tmdb_659,848,6.0
tmdb_659,858,10.0
tmdb_659,880,4.0
tmdb_659,1073,8.0
tmdb_659,1089,6.0
tmdb_660,260,9.0
tmdb_660,480,6.0
tmdb_660,593,1.0
tmdb_660,4993,8.0
tmdb_660,6934,6.0
tmdb_660,8961,8.0
tmdb_660,8970,8.0
tmdb_660,30707,8.0
tmdb_660,40815,9.0
tmdb_660,58559,9.0
tmdb_660,86332,8.0
tmdb_661,318,10.0
tmdb_661,481,7.0
tmdb_661,527,9.0
tmdb_661,637,1.0
tmdb_661,678,5.0
tmdb_661,1049,7.0
tmdb_661,1103,9.0
tmdb_661,1259,8.0
tmdb_661,1958,8.0
tmdb_661,1965,8.0
tmdb_661,2013,8.0
tmdb_661,4483,1.0
tmdb_661,8961,8.0
tmdb_662,2,10.0
tmdb_662,19,4.0
tmdb_662,150,8.0
tmdb_662,158,8.0
tmdb_662,165,6.0
tmdb_662,185,8.0
tmdb_662,186,6.0
tmdb_662,204,6.0
tmdb_662,219,10.0
tmdb_662,225,6.0
tmdb_662,231,6.0
tmdb_662,236,6.0
tmdb_662,256,6.0
tmdb_662,266,8.0
tmdb_662,288,2.0
tmdb_662,292,8.0
tmdb_662,296,6.0
tmdb_662,300,6.0
tmdb_662,316,4.0
tmdb_662,317,8.0
tmdb_662,318,10.0
tmdb_662,337,8.0
tmdb_662,339,8.0
tmdb_662,344,4.0
tmdb_662,350,6.0
tmdb_662,364,6.0
tmdb_662,377,8.0
tmdb_662,380,6.0
tmdb_662,434,6.0
tmdb_662,440,6.0
tmdb_662,454,6.0
tmdb_662,455,8.0
tmdb_662,457,8.0
tmdb_662,480,6.0
tmdb_662,500,8.0
tmdb_662,508,8.0
tmdb_662,509,6.0
tmdb_662,527,10.0
tmdb_662,539,8.0
tmdb_662,553,4.0
tmdb_662,586,8.0
tmdb_662,587,8.0
tmdb_662,588,8.0
tmdb_662,595,8.0
tmdb_662,597,8.0
tmdb_663,480,7.0
tmdb_663,593,8.0
tmdb_664,6,8.0
tmdb_664,16,8.0
tmdb_664,22,6.0
tmdb_664,70,7.0
tmdb_664,110,8.0
tmdb_664,111,8.0
tmdb_664,163,8.0
tmdb_664,165,7.0
tmdb_664,170,6.0
tmdb_664,180,6.0
tmdb_664,198,8.0
tmdb_664,223,8.0
tmdb_664,231,8.0
tmdb_664,256,5.0
tmdb_664,260,9.0
tmdb_664,288,8.0
tmdb_664,292,7.0
tmdb_664,293,9.0
tmdb_664,296,10.0
tmdb_664,318,9.0
tmdb_664,377,8.0
tmdb_664,431,8.0
tmdb_664,457,7.0
tmdb_664,480,7.0
tmdb_664,541,8.0
tmdb_664,592,8.0
tmdb_664,593,9.0
tmdb_664,597,6.0
tmdb_664,648,9.0
tmdb_664,673,5.0
tmdb_664,778,9.0
tmdb_664,780,7.0
tmdb_664,858,8.0
tmdb_664,924,8.0
tmdb_664,1059,5.0
tmdb_664,1089,9.0
tmdb_664,1127,9.0
tmdb_664,1213,8.0
tmdb_664,1265,8.0
tmdb_664,1267,6.0
tmdb_664,1370,8.0
tmdb_664,1377,8.0
tmdb_664,1393,8.0
tmdb_664,1405,6.0
tmdb_664,1407,7.0
tmdb_664,1573,8.0
tmdb_664,1580,8.0
tmdb_664,1639,7.0
tmdb_664,1676,8.0
tmdb_664,1687,8.0
tmdb_664,1690,5.0
tmdb_664,1729,9.0
tmdb_664,1732,9.0
tmdb_664,1884,9.0
tmdb_664,1909,7.0
tmdb_664,1917,7.0
tmdb_664,1923,7.0
tmdb_664,1997,6.0
tmdb_664,2000,8.0
tmdb_664,2011,8.0
tmdb_664,2028,9.0
tmdb_664,2058,8.0
tmdb_664,2115,8.0
tmdb_664,2161,7.0
tmdb_664,2232,7.0
tmdb_664,2288,8.0
tmdb_664,2291,9.0
tmdb_664,2334,8.0
tmdb_664,2502,8.0
tmdb_664,2594,9.0
tmdb_664,2605,6.0
tmdb_664,2617,7.0
tmdb_664,2762,9.0
tmdb_664,2959,10.0
tmdb_664,3033,7.0
tmdb_664,3052,8.0
tmdb_664,3082,5.0
tmdb_664,3114,7.0
tmdb_664,3160,6.0
tmdb_664,3476,7.0
tmdb_664,4011,9.0
tmdb_664,4105,8.0
tmdb_664,4148,7.0
tmdb_664,4226,9.0
tmdb_664,4369,7.0
tmdb_664,4641,5.0
tmdb_664,4643,8.0
tmdb_664,4816,8.0
tmdb_664,4886,7.0
tmdb_664,4887,7.0
tmdb_664,4958,8.0
tmdb_664,4975,8.0
tmdb_664,4993,8.0
tmdb_664,5064,8.0
tmdb_664,5956,8.0
tmdb_664,6016,8.0
tmdb_664,6187,8.0
tmdb_664,6537,7.0
tmdb_664,6934,7.0
tmdb_664,7346,7.0
tmdb_664,7347,8.0
tmdb_664,7445,9.0
tmdb_664,8665,7.0
tmdb_664,8810,6.0
tmdb_664,8836,7.0
tmdb_664,8874,8.0
tmdb_664,8914,8.0
tmdb_664,8961,8.0
tmdb_664,8970,9.0
tmdb_664,27904,10.0
tmdb_664,30707,9.0
tmdb_664,30793,6.0
tmdb_664,31685,6.0
tmdb_664,31696,7.0
tmdb_664,32029,7.0
tmdb_664,33166,7.0
tmdb_664,39446,9.0
tmdb_664,44191,9.0
tmdb_664,46976,8.0
tmdb_664,48385,7.0
tmdb_664,49530,9.0
tmdb_664,51540,9.0
tmdb_664,51935,8.0
tmdb_664,56156,5.0
tmdb_664,58559,9.0
tmdb_664,60760,7.0
tmdb_664,65642,9.0
tmdb_664,67087,7.0
tmdb_664,69526,8.0
tmdb_664,74458,9.0
tmdb_664,74545,8.0
tmdb_664,78088,7.0
tmdb_664,80219,8.0
tmdb_664,84954,8.0
tmdb_664,86332,7.0
tmdb_664,115210,6.0
tmdb_665,2,6.0
tmdb_665,3,6.0
tmdb_665,5,6.0
tmdb_665,16,8.0
tmdb_665,62,6.0
tmdb_665,64,4.0
tmdb_665,74,4.0
tmdb_665,104,8.0
tmdb_665,105,2.0
tmdb_665,122,8.0
tmdb_665,129,6.0
tmdb_665,140,6.0
tmdb_665,158,8.0
tmdb_665,165,6.0
tmdb_665,168,10.0
tmdb_665,180,6.0
tmdb_665,186,6.0
tmdb_665,195,8.0
tmdb_665,207,6.0
tmdb_665,216,8.0
tmdb_665,218,8.0
tmdb_665,231,2.0
tmdb_665,236,8.0
tmdb_665,239,6.0
tmdb_665,248,6.0
tmdb_665,252,6.0
tmdb_665,253,8.0
tmdb_665,260,8.0
tmdb_665,266,8.0
tmdb_665,276,8.0
tmdb_665,292,8.0
tmdb_665,296,8.0
tmdb_665,317,10.0
tmdb_665,318,10.0
tmdb_665,337,4.0
tmdb_665,339,6.0
tmdb_665,344,6.0
tmdb_665,364,10.0
tmdb_665,377,6.0
tmdb_665,380,6.0
tmdb_665,435,2.0
tmdb_665,441,6.0
tmdb_665,454,6.0
tmdb_665,455,6.0
tmdb_665,457,6.0
tmdb_665,493,6.0
tmdb_665,500,4.0
tmdb_665,508,8.0
tmdb_665,524,6.0
tmdb_665,527,10.0
tmdb_665,539,8.0
tmdb_665,542,6.0
tmdb_665,543,4.0
tmdb_665,551,4.0
tmdb_665,585,2.0
tmdb_665,586,6.0
tmdb_665,587,10.0
tmdb_665,588,8.0
tmdb_665,590,8.0
tmdb_665,593,8.0
tmdb_665,594,6.0
tmdb_665,595,10.0
tmdb_665,596,10.0
tmdb_665,597,10.0
tmdb_665,605,6.0
tmdb_665,616,6.0
tmdb_665,661,6.0
tmdb_665,673,4.0
tmdb_665,708,6.0
tmdb_665,709,6.0
tmdb_665,784,2.0
tmdb_665,788,6.0
tmdb_665,802,6.0
tmdb_665,804,6.0
tmdb_665,830,6.0
tmdb_665,839,6.0
tmdb_665,902,6.0
tmdb_665,912,10.0
tmdb_665,919,8.0
tmdb_665,920,8.0
tmdb_665,1023,8.0
tmdb_665,1059,2.0
tmdb_665,1073,10.0
tmdb_665,1090,6.0
tmdb_665,1093,6.0
tmdb_665,1213,8.0
tmdb_665,1265,4.0
tmdb_665,1268,8.0
tmdb_665,1282,6.0
tmdb_665,1285,8.0
tmdb_665,1367,6.0
tmdb_665,1370,6.0
tmdb_665,1379,6.0
tmdb_665,1393,8.0
tmdb_665,1408,6.0
tmdb_665,1485,8.0
tmdb_665,1487,6.0
tmdb_665,1541,6.0
tmdb_665,1580,8.0
tmdb_665,1584,8.0
tmdb_665,1593,6.0
tmdb_665,1597,8.0
tmdb_665,1608,8.0
tmdb_665,1639,6.0
tmdb_665,1673,6.0
tmdb_665,1680,8.0
tmdb_665,1682,8.0
tmdb_665,1721,6.0
tmdb_665,1729,6.0
tmdb_665,1835,8.0
tmdb_665,1883,4.0
tmdb_665,1884,6.0
tmdb_665,1888,6.0
tmdb_665,1895,6.0
tmdb_665,1911,8.0
tmdb_665,1923,8.0
tmdb_665,1947,8.0
tmdb_665,1954,8.0
tmdb_665,1958,6.0
tmdb_665,1961,8.0
tmdb_665,2000,6.0
tmdb_665,2002,4.0
tmdb_665,2005,8.0
tmdb_665,2012,6.0
tmdb_665,2017,6.0
tmdb_665,2018,6.0
tmdb_665,2028,8.0
tmdb_665,2048,6.0
tmdb_665,2054,6.0
tmdb_665,2059,6.0
tmdb_665,2071,8.0
tmdb_665,2078,8.0
tmdb_665,2080,8.0
tmdb_665,2082,4.0
tmdb_665,2085,6.0
tmdb_665,2087,10.0
tmdb_665,2089,8.0
tmdb_665,2122,4.0
tmdb_665,2123,8.0
tmdb_665,2125,10.0
tmdb_665,2141,10.0
tmdb_665,2142,6.0
tmdb_665,2193,6.0
tmdb_665,2268,8.0
tmdb_665,2282,2.0
tmdb_665,2291,6.0
tmdb_665,2302,6.0
tmdb_665,2321,4.0
tmdb_665,2335,6.0
tmdb_665,2447,6.0
tmdb_665,2502,6.0
tmdb_665,2567,8.0
tmdb_665,2617,8.0
tmdb_665,2640,10.0
tmdb_665,2671,6.0
tmdb_665,2694,8.0
tmdb_665,2722,4.0
tmdb_665,2750,6.0
tmdb_665,2761,8.0
tmdb_665,2771,6.0
tmdb_665,2791,8.0
tmdb_665,2959,10.0
tmdb_665,2978,6.0
tmdb_665,3033,4.0
tmdb_665,3034,10.0
tmdb_665,3051,6.0
tmdb_665,3052,6.0
tmdb_665,3053,4.0
tmdb_665,3160,8.0
tmdb_665,3173,8.0
tmdb_665,3396,6.0
tmdb_665,3418,6.0
tmdb_665,3484,6.0
tmdb_665,3536,8.0
tmdb_665,3563,4.0
tmdb_665,3784,6.0
tmdb_665,3980,4.0
tmdb_665,3981,4.0
tmdb_665,4011,4.0
tmdb_665,4025,10.0
tmdb_665,4034,6.0
tmdb_665,4148,6.0
tmdb_665,4226,8.0
tmdb_665,4351,8.0
tmdb_665,4368,8.0
tmdb_665,4638,6.0
tmdb_665,4639,6.0
tmdb_665,4643,8.0
tmdb_665,4701,8.0
tmdb_665,4896,10.0
tmdb_665,4951,6.0
tmdb_665,4993,10.0
tmdb_665,5991,8.0
tmdb_666,6,10.0
tmdb_666,19,6.0
tmdb_666,105,6.0
tmdb_666,110,4.0
tmdb_666,150,8.0
tmdb_666,153,4.0
tmdb_666,162,10.0
tmdb_666,165,4.0
tmdb_666,185,6.0
tmdb_666,196,4.0
tmdb_666,231,6.0
tmdb_666,236,6.0
tmdb_666,252,2.0
tmdb_666,292,6.0
tmdb_666,296,8.0
tmdb_666,329,4.0
tmdb_666,344,8.0
tmdb_666,434,4.0
tmdb_666,454,6.0
tmdb_666,457,6.0
tmdb_666,480,8.0
tmdb_666,508,8.0
tmdb_666,509,6.0
tmdb_666,527,6.0
tmdb_666,539,2.0
tmdb_666,585,4.0
tmdb_666,586,6.0
tmdb_666,587,4.0
tmdb_666,588,6.0
tmdb_666,590,10.0
tmdb_666,592,4.0
tmdb_666,593,8.0
tmdb_666,595,4.0
tmdb_666,597,4.0
tmdb_667,6,8.0
tmdb_667,11,6.0
tmdb_667,16,4.0
tmdb_667,17,4.0
tmdb_667,21,6.0
tmdb_667,25,4.0
tmdb_667,58,8.0
tmdb_667,82,6.0
tmdb_667,95,6.0
tmdb_667,105,6.0
tmdb_667,110,8.0
tmdb_667,144,10.0
tmdb_667,150,8.0
tmdb_667,161,8.0
tmdb_667,165,6.0
tmdb_667,185,6.0
tmdb_667,225,6.0
tmdb_667,232,8.0
tmdb_667,236,6.0
tmdb_667,247,8.0
tmdb_667,265,8.0
tmdb_667,266,6.0
tmdb_667,272,10.0
tmdb_667,292,6.0
tmdb_667,296,10.0
tmdb_667,300,8.0
tmdb_667,306,8.0
tmdb_667,307,10.0
tmdb_667,308,8.0
tmdb_667,321,8.0
tmdb_667,339,6.0
tmdb_667,342,8.0
tmdb_667,345,10.0
tmdb_667,349,8.0
tmdb_667,350,6.0
tmdb_667,377,6.0
tmdb_667,380,6.0
tmdb_667,440,6.0
tmdb_667,452,6.0
tmdb_667,454,6.0
tmdb_667,457,6.0
tmdb_667,468,6.0
tmdb_667,480,8.0
tmdb_667,501,10.0
tmdb_667,508,8.0
tmdb_667,509,6.0
tmdb_667,539,8.0
tmdb_667,551,6.0
tmdb_667,553,6.0
tmdb_667,590,6.0
tmdb_667,592,4.0
tmdb_667,594,8.0
tmdb_667,597,6.0
tmdb_667,608,10.0
tmdb_667,616,6.0
tmdb_667,661,8.0
tmdb_667,745,10.0
tmdb_668,296,10.0
tmdb_668,318,8.0
tmdb_668,593,10.0
tmdb_668,608,10.0
tmdb_668,1089,6.0
tmdb_668,1213,10.0
tmdb_668,1358,8.0
tmdb_668,2324,10.0
tmdb_668,2501,6.0
tmdb_668,4012,6.0
tmdb_669,223,8.0
tmdb_669,260,10.0
tmdb_669,381,6.0
tmdb_669,480,6.0
tmdb_669,913,10.0
tmdb_669,968,8.0
tmdb_669,2395,8.0
tmdb_669,2722,4.0
tmdb_669,2959,10.0
tmdb_669,2976,8.0
tmdb_669,3016,6.0
tmdb_670,25,10.0
tmdb_670,110,6.0
tmdb_670,150,6.0
tmdb_670,318,10.0
tmdb_670,457,8.0
tmdb_670,527,10.0
tmdb_670,590,2.0
tmdb_670,593,10.0
tmdb_670,608,10.0
tmdb_670,1245,2.0
tmdb_670,1584,8.0
tmdb_670,1923,4.0
tmdb_670,2269,6.0
tmdb_670,2291,8.0
tmdb_670,2759,10.0
tmdb_670,2770,8.0
tmdb_670,2912,10.0
tmdb_671,260,10.0
tmdb_671,296,8.0
tmdb_671,318,10.0
tmdb_671,457,8.0
tmdb_671,551,10.0
tmdb_671,588,8.0
tmdb_671,590,8.0
tmdb_671,608,8.0
tmdb_671,745,8.0
tmdb_671,919,8.0
tmdb_671,1090,8.0
tmdb_671,1247,8.0
tmdb_671,1259,8.0
tmdb_671,1265,8.0
tmdb_671,1266,8.0
tmdb_671,1387,8.0
tmdb_671,1610,8.0
tmdb_671,1641,8.0
tmdb_671,1673,7.0
tmdb_671,1676,6.0
tmdb_671,1923,8.0
tmdb_671,2011,7.0
tmdb_671,2028,8.0
tmdb_671,2064,8.0
tmdb_671,2291,10.0
tmdb_671,2324,8.0
tmdb_671,2355,8.0
tmdb_671,2359,8.0
tmdb_671,2502,7.0
tmdb_671,2762,8.0
tmdb_671,2959,8.0
tmdb_671,3052,2.0
tmdb_671,3060,8.0
tmdb_671,3114,10.0
tmdb_671,3160,6.0
tmdb_671,4011,8.0
tmdb_671,4034,9.0
tmdb_671,4886,10.0
tmdb_671,4896,10.0
tmdb_671,4973,9.0
tmdb_671,4993,10.0
tmdb_671,4995,8.0
tmdb_671,5816,8.0
tmdb_671,5902,7.0
tmdb_671,5991,9.0
tmdb_671,5995,8.0
